record_id,outcome_domain,outcome_type,spatial_grain,source_independence,source_name,source_url,page_or_section,value_low,value_high,unit,dollars_basis,target_year,geography_or_territory,utility_territory,filing_year,era,scale_mw,distance_to_residence_miles,generator_capacity_mw,permit_status,cluster_density,notes,carry_statement,is_context_only
jlarc-2024-dominion-bill-2040,bill,projected,region,government,"JLARC, Data Centers in Virginia (December 2024)",data/raw/JLARC_report.pdf,"Chapter 4, report pages 47-48; summary page v",14.0,37.0,USD per month per typical Dominion residential customer,constant 2024 dollars,2040.0,Dominion Virginia service region,Dominion,2024.0,pre_gs5,,,,,,"Modeled projection, not a realized outcome. JLARC analyzed the pre-GS-5 rate structure. No single-project or per-resident attribution.","This is a projection, not a realized outcome. It describes a region and cannot establish a single-project effect.",False
eia861-dominion-2015-residential,bill,measured,region,government,U.S. EIA Form EIA-861,,Sales_Ult_Cust_2015.xlsx,11.055026,11.055026,"cents per kWh, residential average",,2015.0,Dominion Virginia utility territory,Dominion,2015.0,pre_gs5,,,,,,EIA data_status=final. Utility-level rate context; not a data-center-attributed outcome. Source URL and pull date unverified.,"This is measured evidence. It describes a region and cannot establish a single-project effect. It is context only, not a project outcome.",True
eia861-dominion-2016-residential,bill,measured,region,government,U.S. EIA Form EIA-861,,Sales_Ult_Cust_2016.xlsx,11.185673,11.185673,"cents per kWh, residential average",,2016.0,Dominion Virginia utility territory,Dominion,2016.0,pre_gs5,,,,,,EIA data_status=final. Utility-level rate context; not a data-center-attributed outcome. Source URL and pull date unverified.,"This is measured evidence. It describes a region and cannot establish a single-project effect. It is context only, not a project outcome.",True
eia861-dominion-2017-residential,bill,measured,region,government,U.S. EIA Form EIA-861,,Sales_Ult_Cust_2017.xlsx,11.524501,11.524501,"cents per kWh, residential average",,2017.0,Dominion Virginia utility territory,Dominion,2017.0,pre_gs5,,,,,,EIA data_status=final. Utility-level rate context; not a data-center-attributed outcome. Source URL and pull date unverified.,"This is measured evidence. It describes a region and cannot establish a single-project effect. It is context only, not a project outcome.",True
eia861-dominion-2018-residential,bill,measured,region,government,U.S. EIA Form EIA-861,,Sales_Ult_Cust_2018.xlsx,11.661641,11.661641,"cents per kWh, residential average",,2018.0,Dominion Virginia utility territory,Dominion,2018.0,pre_gs5,,,,,,EIA data_status=final. Utility-level rate context; not a data-center-attributed outcome. Source URL and pull date unverified.,"This is measured evidence. It describes a region and cannot establish a single-project effect. It is context only, not a project outcome.",True
eia861-dominion-2019-residential,bill,measured,region,government,U.S. EIA Form EIA-861,,Sales_Ult_Cust_2019.xlsx,12.056458,12.056458,"cents per kWh, residential average",,2019.0,Dominion Virginia utility territory,Dominion,2019.0,pre_gs5,,,,,,EIA data_status=final. Utility-level rate context; not a data-center-attributed outcome. Source URL and pull date unverified.,"This is measured evidence. It describes a region and cannot establish a single-project effect. It is context only, not a project outcome.",True
eia861-dominion-2020-residential,bill,measured,region,government,U.S. EIA Form EIA-861,,Sales_Ult_Cust_2020.xlsx,12.17961,12.17961,"cents per kWh, residential average",,2020.0,Dominion Virginia utility territory,Dominion,2020.0,pre_gs5,,,,,,EIA data_status=final. Utility-level rate context; not a data-center-attributed outcome. Source URL and pull date unverified.,"This is measured evidence. It describes a region and cannot establish a single-project effect. It is context only, not a project outcome.",True
eia861-dominion-2021-residential,bill,measured,region,government,U.S. EIA Form EIA-861,,Sales_Ult_Cust_2021.xlsx,12.1303,12.1303,"cents per kWh, residential average",,2021.0,Dominion Virginia utility territory,Dominion,2021.0,pre_gs5,,,,,,EIA data_status=final. Utility-level rate context; not a data-center-attributed outcome. Source URL and pull date unverified.,"This is measured evidence. It describes a region and cannot establish a single-project effect. It is context only, not a project outcome.",True
eia861-dominion-2022-residential,bill,measured,region,government,U.S. EIA Form EIA-861,,Sales_Ult_Cust_2022.xlsx,13.409722,13.409722,"cents per kWh, residential average",,2022.0,Dominion Virginia utility territory,Dominion,2022.0,pre_gs5,,,,,,EIA data_status=final. Utility-level rate context; not a data-center-attributed outcome. Source URL and pull date unverified.,"This is measured evidence. It describes a region and cannot establish a single-project effect. It is context only, not a project outcome.",True
eia861-dominion-2023-residential,bill,measured,region,government,U.S. EIA Form EIA-861,,Sales_Ult_Cust_2023.xlsx,13.915928,13.915928,"cents per kWh, residential average",,2023.0,Dominion Virginia utility territory,Dominion,2023.0,pre_gs5,,,,,,EIA data_status=final. Utility-level rate context; not a data-center-attributed outcome. Source URL and pull date unverified.,"This is measured evidence. It describes a region and cannot establish a single-project effect. It is context only, not a project outcome.",True
eia861-dominion-2024-residential,bill,measured,region,government,U.S. EIA Form EIA-861,,Sales_Ult_Cust_2024.xlsx,14.094332,14.094332,"cents per kWh, residential average",,2024.0,Dominion Virginia utility territory,Dominion,2024.0,pre_gs5,,,,,,EIA data_status=final. Utility-level rate context; not a data-center-attributed outcome. Source URL and pull date unverified.,"This is measured evidence. It describes a region and cannot establish a single-project effect. It is context only, not a project outcome.",True
eia861-dominion-2025-residential,bill,measured,region,government,U.S. EIA Form EIA-861,,Sales_Ult_Cust_2025_Data_Early_Release.xlsx,15.196746,15.196746,"cents per kWh, residential average",,2025.0,Dominion Virginia utility territory,Dominion,2025.0,pre_gs5,,,,,,EIA data_status=early_release. Utility-level rate context; not a data-center-attributed outcome. Source URL and pull date unverified.,"This is measured evidence. It describes a region and cannot establish a single-project effect. It is context only, not a project outcome.",True
eia861-novec-2015-residential,bill,measured,region,government,U.S. EIA Form EIA-861,,Sales_Ult_Cust_2015.xlsx,12.65361,12.65361,"cents per kWh, residential average",,2015.0,NOVEC Virginia utility territory,NOVEC,2015.0,pre_gs5,,,,,,EIA data_status=final. Utility-level rate context; not a data-center-attributed outcome. Source URL and pull date unverified.,"This is measured evidence. It describes a region and cannot establish a single-project effect. It is context only, not a project outcome.",True
eia861-novec-2016-residential,bill,measured,region,government,U.S. EIA Form EIA-861,,Sales_Ult_Cust_2016.xlsx,11.440763,11.440763,"cents per kWh, residential average",,2016.0,NOVEC Virginia utility territory,NOVEC,2016.0,pre_gs5,,,,,,EIA data_status=final. Utility-level rate context; not a data-center-attributed outcome. Source URL and pull date unverified.,"This is measured evidence. It describes a region and cannot establish a single-project effect. It is context only, not a project outcome.",True
eia861-novec-2017-residential,bill,measured,region,government,U.S. EIA Form EIA-861,,Sales_Ult_Cust_2017.xlsx,11.904347,11.904347,"cents per kWh, residential average",,2017.0,NOVEC Virginia utility territory,NOVEC,2017.0,pre_gs5,,,,,,EIA data_status=final. Utility-level rate context; not a data-center-attributed outcome. Source URL and pull date unverified.,"This is measured evidence. It describes a region and cannot establish a single-project effect. It is context only, not a project outcome.",True
eia861-novec-2018-residential,bill,measured,region,government,U.S. EIA Form EIA-861,,Sales_Ult_Cust_2018.xlsx,11.984402,11.984402,"cents per kWh, residential average",,2018.0,NOVEC Virginia utility territory,NOVEC,2018.0,pre_gs5,,,,,,EIA data_status=final. Utility-level rate context; not a data-center-attributed outcome. Source URL and pull date unverified.,"This is measured evidence. It describes a region and cannot establish a single-project effect. It is context only, not a project outcome.",True
eia861-novec-2019-residential,bill,measured,region,government,U.S. EIA Form EIA-861,,Sales_Ult_Cust_2019.xlsx,12.529192,12.529192,"cents per kWh, residential average",,2019.0,NOVEC Virginia utility territory,NOVEC,2019.0,pre_gs5,,,,,,EIA data_status=final. Utility-level rate context; not a data-center-attributed outcome. Source URL and pull date unverified.,"This is measured evidence. It describes a region and cannot establish a single-project effect. It is context only, not a project outcome.",True
eia861-novec-2020-residential,bill,measured,region,government,U.S. EIA Form EIA-861,,Sales_Ult_Cust_2020.xlsx,11.523534,11.523534,"cents per kWh, residential average",,2020.0,NOVEC Virginia utility territory,NOVEC,2020.0,pre_gs5,,,,,,EIA data_status=final. Utility-level rate context; not a data-center-attributed outcome. Source URL and pull date unverified.,"This is measured evidence. It describes a region and cannot establish a single-project effect. It is context only, not a project outcome.",True
eia861-novec-2021-residential,bill,measured,region,government,U.S. EIA Form EIA-861,,Sales_Ult_Cust_2021.xlsx,12.058286,12.058286,"cents per kWh, residential average",,2021.0,NOVEC Virginia utility territory,NOVEC,2021.0,pre_gs5,,,,,,EIA data_status=final. Utility-level rate context; not a data-center-attributed outcome. Source URL and pull date unverified.,"This is measured evidence. It describes a region and cannot establish a single-project effect. It is context only, not a project outcome.",True
eia861-novec-2022-residential,bill,measured,region,government,U.S. EIA Form EIA-861,,Sales_Ult_Cust_2022.xlsx,13.280802,13.280802,"cents per kWh, residential average",,2022.0,NOVEC Virginia utility territory,NOVEC,2022.0,pre_gs5,,,,,,EIA data_status=final. Utility-level rate context; not a data-center-attributed outcome. Source URL and pull date unverified.,"This is measured evidence. It describes a region and cannot establish a single-project effect. It is context only, not a project outcome.",True
eia861-novec-2023-residential,bill,measured,region,government,U.S. EIA Form EIA-861,,Sales_Ult_Cust_2023.xlsx,13.916119,13.916119,"cents per kWh, residential average",,2023.0,NOVEC Virginia utility territory,NOVEC,2023.0,pre_gs5,,,,,,EIA data_status=final. Utility-level rate context; not a data-center-attributed outcome. Source URL and pull date unverified.,"This is measured evidence. It describes a region and cannot establish a single-project effect. It is context only, not a project outcome.",True
eia861-novec-2024-residential,bill,measured,region,government,U.S. EIA Form EIA-861,,Sales_Ult_Cust_2024.xlsx,11.570333,11.570333,"cents per kWh, residential average",,2024.0,NOVEC Virginia utility territory,NOVEC,2024.0,pre_gs5,,,,,,EIA data_status=final. Utility-level rate context; not a data-center-attributed outcome. Source URL and pull date unverified.,"This is measured evidence. It describes a region and cannot establish a single-project effect. It is context only, not a project outcome.",True
epa-aqi-alexandria-city-2015,air,measured,locality,government,U.S. EPA daily AQI by county,https://aqs.epa.gov/aqsweb/airdata/download_files.html,daily observations aggregated for 2015,2.0,67.0,AQI daily minimum to maximum,,2015.0,Alexandria City,,2015.0,pre_gs5,,,,,,345 daily observations; downloaded_on=9/19/2026. Ambient county AQI is not attributable to a data center or its generators.,"This is measured evidence. It describes locality conditions and cannot be attributed to one development. It is context only, not a project outcome.",True
epa-aqi-alexandria-city-2016,air,measured,locality,government,U.S. EPA daily AQI by county,https://aqs.epa.gov/aqsweb/airdata/download_files.html,daily observations aggregated for 2016,0.0,103.0,AQI daily minimum to maximum,,2016.0,Alexandria City,,2016.0,pre_gs5,,,,,,180 daily observations; downloaded_on=9/19/2026. Ambient county AQI is not attributable to a data center or its generators.,"This is measured evidence. It describes locality conditions and cannot be attributed to one development. It is context only, not a project outcome.",True
epa-aqi-alexandria-city-2017,air,measured,locality,government,U.S. EPA daily AQI by county,https://aqs.epa.gov/aqsweb/airdata/download_files.html,daily observations aggregated for 2017,2.0,19.0,AQI daily minimum to maximum,,2017.0,Alexandria City,,2017.0,pre_gs5,,,,,,105 daily observations; downloaded_on=9/19/2026. Ambient county AQI is not attributable to a data center or its generators.,"This is measured evidence. It describes locality conditions and cannot be attributed to one development. It is context only, not a project outcome.",True
epa-aqi-alexandria-city-2018,air,measured,locality,government,U.S. EPA daily AQI by county,https://aqs.epa.gov/aqsweb/airdata/download_files.html,daily observations aggregated for 2018,2.0,11.0,AQI daily minimum to maximum,,2018.0,Alexandria City,,2018.0,pre_gs5,,,,,,78 daily observations; downloaded_on=9/19/2026. Ambient county AQI is not attributable to a data center or its generators.,"This is measured evidence. It describes locality conditions and cannot be attributed to one development. It is context only, not a project outcome.",True
epa-aqi-alexandria-city-2019,air,measured,locality,government,U.S. EPA daily AQI by county,https://aqs.epa.gov/aqsweb/airdata/download_files.html,daily observations aggregated for 2019,1.0,16.0,AQI daily minimum to maximum,,2019.0,Alexandria City,,2019.0,pre_gs5,,,,,,109 daily observations; downloaded_on=9/19/2026. Ambient county AQI is not attributable to a data center or its generators.,"This is measured evidence. It describes locality conditions and cannot be attributed to one development. It is context only, not a project outcome.",True
epa-aqi-alexandria-city-2021,air,measured,locality,government,U.S. EPA daily AQI by county,https://aqs.epa.gov/aqsweb/airdata/download_files.html,daily observations aggregated for 2021,3.0,9.0,AQI daily minimum to maximum,,2021.0,Alexandria City,,2021.0,pre_gs5,,,,,,15 daily observations; downloaded_on=9/19/2026. Ambient county AQI is not attributable to a data center or its generators.,"This is measured evidence. It describes locality conditions and cannot be attributed to one development. It is context only, not a project outcome.",True
epa-aqi-arlington-2015,air,measured,locality,government,U.S. EPA daily AQI by county,https://aqs.epa.gov/aqsweb/airdata/download_files.html,daily observations aggregated for 2015,5.0,126.0,AQI daily minimum to maximum,,2015.0,Arlington,,2015.0,pre_gs5,,,,,,365 daily observations; downloaded_on=9/19/2026. Ambient county AQI is not attributable to a data center or its generators.,"This is measured evidence. It describes locality conditions and cannot be attributed to one development. It is context only, not a project outcome.",True
epa-aqi-arlington-2016,air,measured,locality,government,U.S. EPA daily AQI by county,https://aqs.epa.gov/aqsweb/airdata/download_files.html,daily observations aggregated for 2016,7.0,133.0,AQI daily minimum to maximum,,2016.0,Arlington,,2016.0,pre_gs5,,,,,,366 daily observations; downloaded_on=9/19/2026. Ambient county AQI is not attributable to a data center or its generators.,"This is measured evidence. It describes locality conditions and cannot be attributed to one development. It is context only, not a project outcome.",True
epa-aqi-arlington-2017,air,measured,locality,government,U.S. EPA daily AQI by county,https://aqs.epa.gov/aqsweb/airdata/download_files.html,daily observations aggregated for 2017,4.0,115.0,AQI daily minimum to maximum,,2017.0,Arlington,,2017.0,pre_gs5,,,,,,365 daily observations; downloaded_on=9/19/2026. Ambient county AQI is not attributable to a data center or its generators.,"This is measured evidence. It describes locality conditions and cannot be attributed to one development. It is context only, not a project outcome.",True
epa-aqi-arlington-2018,air,measured,locality,government,U.S. EPA daily AQI by county,https://aqs.epa.gov/aqsweb/airdata/download_files.html,daily observations aggregated for 2018,3.0,122.0,AQI daily minimum to maximum,,2018.0,Arlington,,2018.0,pre_gs5,,,,,,365 daily observations; downloaded_on=9/19/2026. Ambient county AQI is not attributable to a data center or its generators.,"This is measured evidence. It describes locality conditions and cannot be attributed to one development. It is context only, not a project outcome.",True
epa-aqi-arlington-2019,air,measured,locality,government,U.S. EPA daily AQI by county,https://aqs.epa.gov/aqsweb/airdata/download_files.html,daily observations aggregated for 2019,3.0,112.0,AQI daily minimum to maximum,,2019.0,Arlington,,2019.0,pre_gs5,,,,,,365 daily observations; downloaded_on=9/19/2026. Ambient county AQI is not attributable to a data center or its generators.,"This is measured evidence. It describes locality conditions and cannot be attributed to one development. It is context only, not a project outcome.",True
epa-aqi-arlington-2020,air,measured,locality,government,U.S. EPA daily AQI by county,https://aqs.epa.gov/aqsweb/airdata/download_files.html,daily observations aggregated for 2020,2.0,90.0,AQI daily minimum to maximum,,2020.0,Arlington,,2020.0,pre_gs5,,,,,,366 daily observations; downloaded_on=9/19/2026. Ambient county AQI is not attributable to a data center or its generators.,"This is measured evidence. It describes locality conditions and cannot be attributed to one development. It is context only, not a project outcome.",True
epa-aqi-arlington-2021,air,measured,locality,government,U.S. EPA daily AQI by county,https://aqs.epa.gov/aqsweb/airdata/download_files.html,daily observations aggregated for 2021,14.0,115.0,AQI daily minimum to maximum,,2021.0,Arlington,,2021.0,pre_gs5,,,,,,365 daily observations; downloaded_on=9/19/2026. Ambient county AQI is not attributable to a data center or its generators.,"This is measured evidence. It describes locality conditions and cannot be attributed to one development. It is context only, not a project outcome.",True
epa-aqi-arlington-2022,air,measured,locality,government,U.S. EPA daily AQI by county,https://aqs.epa.gov/aqsweb/airdata/download_files.html,daily observations aggregated for 2022,8.0,100.0,AQI daily minimum to maximum,,2022.0,Arlington,,2022.0,pre_gs5,,,,,,365 daily observations; downloaded_on=9/19/2026. Ambient county AQI is not attributable to a data center or its generators.,"This is measured evidence. It describes locality conditions and cannot be attributed to one development. It is context only, not a project outcome.",True
epa-aqi-arlington-2023,air,measured,locality,government,U.S. EPA daily AQI by county,https://aqs.epa.gov/aqsweb/airdata/download_files.html,daily observations aggregated for 2023,2.0,181.0,AQI daily minimum to maximum,,2023.0,Arlington,,2023.0,pre_gs5,,,,,,365 daily observations; downloaded_on=9/19/2026. Ambient county AQI is not attributable to a data center or its generators.,"This is measured evidence. It describes locality conditions and cannot be attributed to one development. It is context only, not a project outcome.",True
epa-aqi-arlington-2024,air,measured,locality,government,U.S. EPA daily AQI by county,https://aqs.epa.gov/aqsweb/airdata/download_files.html,daily observations aggregated for 2024,14.0,115.0,AQI daily minimum to maximum,,2024.0,Arlington,,2024.0,pre_gs5,,,,,,366 daily observations; downloaded_on=9/19/2026. Ambient county AQI is not attributable to a data center or its generators.,"This is measured evidence. It describes locality conditions and cannot be attributed to one development. It is context only, not a project outcome.",True
epa-aqi-arlington-2025,air,measured,locality,government,U.S. EPA daily AQI by county,https://aqs.epa.gov/aqsweb/airdata/download_files.html,daily observations aggregated for 2025,8.0,140.0,AQI daily minimum to maximum,,2025.0,Arlington,,2025.0,pre_gs5,,,,,,365 daily observations; downloaded_on=9/19/2026. Ambient county AQI is not attributable to a data center or its generators.,"This is measured evidence. It describes locality conditions and cannot be attributed to one development. It is context only, not a project outcome.",True
epa-aqi-arlington-2026,air,measured,locality,government,U.S. EPA daily AQI by county,https://aqs.epa.gov/aqsweb/airdata/download_files.html,daily observations aggregated for 2026,1.0,77.0,AQI daily minimum to maximum,,2026.0,Arlington,,2026.0,pre_gs5,,,,,,131 daily observations; downloaded_on=9/19/2026. Ambient county AQI is not attributable to a data center or its generators.,"This is measured evidence. It describes locality conditions and cannot be attributed to one development. It is context only, not a project outcome.",True
epa-aqi-fairfax-2015,air,measured,locality,government,U.S. EPA daily AQI by county,https://aqs.epa.gov/aqsweb/airdata/download_files.html,daily observations aggregated for 2015,9.0,119.0,AQI daily minimum to maximum,,2015.0,Fairfax,,2015.0,pre_gs5,,,,,,365 daily observations; downloaded_on=9/19/2026. Ambient county AQI is not attributable to a data center or its generators.,"This is measured evidence. It describes locality conditions and cannot be attributed to one development. It is context only, not a project outcome.",True
epa-aqi-fairfax-2016,air,measured,locality,government,U.S. EPA daily AQI by county,https://aqs.epa.gov/aqsweb/airdata/download_files.html,daily observations aggregated for 2016,8.0,129.0,AQI daily minimum to maximum,,2016.0,Fairfax,,2016.0,pre_gs5,,,,,,366 daily observations; downloaded_on=9/19/2026. Ambient county AQI is not attributable to a data center or its generators.,"This is measured evidence. It describes locality conditions and cannot be attributed to one development. It is context only, not a project outcome.",True
epa-aqi-fairfax-2017,air,measured,locality,government,U.S. EPA daily AQI by county,https://aqs.epa.gov/aqsweb/airdata/download_files.html,daily observations aggregated for 2017,17.0,105.0,AQI daily minimum to maximum,,2017.0,Fairfax,,2017.0,pre_gs5,,,,,,365 daily observations; downloaded_on=9/19/2026. Ambient county AQI is not attributable to a data center or its generators.,"This is measured evidence. It describes locality conditions and cannot be attributed to one development. It is context only, not a project outcome.",True
epa-aqi-fairfax-2018,air,measured,locality,government,U.S. EPA daily AQI by county,https://aqs.epa.gov/aqsweb/airdata/download_files.html,daily observations aggregated for 2018,8.0,101.0,AQI daily minimum to maximum,,2018.0,Fairfax,,2018.0,pre_gs5,,,,,,365 daily observations; downloaded_on=9/19/2026. Ambient county AQI is not attributable to a data center or its generators.,"This is measured evidence. It describes locality conditions and cannot be attributed to one development. It is context only, not a project outcome.",True
epa-aqi-fairfax-2019,air,measured,locality,government,U.S. EPA daily AQI by county,https://aqs.epa.gov/aqsweb/airdata/download_files.html,daily observations aggregated for 2019,16.0,105.0,AQI daily minimum to maximum,,2019.0,Fairfax,,2019.0,pre_gs5,,,,,,365 daily observations; downloaded_on=9/19/2026. Ambient county AQI is not attributable to a data center or its generators.,"This is measured evidence. It describes locality conditions and cannot be attributed to one development. It is context only, not a project outcome.",True
epa-aqi-fairfax-2020,air,measured,locality,government,U.S. EPA daily AQI by county,https://aqs.epa.gov/aqsweb/airdata/download_files.html,daily observations aggregated for 2020,19.0,100.0,AQI daily minimum to maximum,,2020.0,Fairfax,,2020.0,pre_gs5,,,,,,366 daily observations; downloaded_on=9/19/2026. Ambient county AQI is not attributable to a data center or its generators.,"This is measured evidence. It describes locality conditions and cannot be attributed to one development. It is context only, not a project outcome.",True
epa-aqi-fairfax-2021,air,measured,locality,government,U.S. EPA daily AQI by county,https://aqs.epa.gov/aqsweb/airdata/download_files.html,daily observations aggregated for 2021,23.0,129.0,AQI daily minimum to maximum,,2021.0,Fairfax,,2021.0,pre_gs5,,,,,,365 daily observations; downloaded_on=9/19/2026. Ambient county AQI is not attributable to a data center or its generators.,"This is measured evidence. It describes locality conditions and cannot be attributed to one development. It is context only, not a project outcome.",True
epa-aqi-fairfax-2022,air,measured,locality,government,U.S. EPA daily AQI by county,https://aqs.epa.gov/aqsweb/airdata/download_files.html,daily observations aggregated for 2022,20.0,87.0,AQI daily minimum to maximum,,2022.0,Fairfax,,2022.0,pre_gs5,,,,,,365 daily observations; downloaded_on=9/19/2026. Ambient county AQI is not attributable to a data center or its generators.,"This is measured evidence. It describes locality conditions and cannot be attributed to one development. It is context only, not a project outcome.",True
epa-aqi-fairfax-2023,air,measured,locality,government,U.S. EPA daily AQI by county,https://aqs.epa.gov/aqsweb/airdata/download_files.html,daily observations aggregated for 2023,18.0,222.0,AQI daily minimum to maximum,,2023.0,Fairfax,,2023.0,pre_gs5,,,,,,365 daily observations; downloaded_on=9/19/2026. Ambient county AQI is not attributable to a data center or its generators.,"This is measured evidence. It describes locality conditions and cannot be attributed to one development. It is context only, not a project outcome.",True
epa-aqi-fairfax-2024,air,measured,locality,government,U.S. EPA daily AQI by county,https://aqs.epa.gov/aqsweb/airdata/download_files.html,daily observations aggregated for 2024,17.0,112.0,AQI daily minimum to maximum,,2024.0,Fairfax,,2024.0,pre_gs5,,,,,,366 daily observations; downloaded_on=9/19/2026. Ambient county AQI is not attributable to a data center or its generators.,"This is measured evidence. It describes locality conditions and cannot be attributed to one development. It is context only, not a project outcome.",True
epa-aqi-fairfax-2025,air,measured,locality,government,U.S. EPA daily AQI by county,https://aqs.epa.gov/aqsweb/airdata/download_files.html,daily observations aggregated for 2025,21.0,124.0,AQI daily minimum to maximum,,2025.0,Fairfax,,2025.0,pre_gs5,,,,,,365 daily observations; downloaded_on=9/19/2026. Ambient county AQI is not attributable to a data center or its generators.,"This is measured evidence. It describes locality conditions and cannot be attributed to one development. It is context only, not a project outcome.",True
epa-aqi-fairfax-2026,air,measured,locality,government,U.S. EPA daily AQI by county,https://aqs.epa.gov/aqsweb/airdata/download_files.html,daily observations aggregated for 2026,16.0,80.0,AQI daily minimum to maximum,,2026.0,Fairfax,,2026.0,pre_gs5,,,,,,151 daily observations; downloaded_on=9/19/2026. Ambient county AQI is not attributable to a data center or its generators.,"This is measured evidence. It describes locality conditions and cannot be attributed to one development. It is context only, not a project outcome.",True
epa-aqi-fauquier-2015,air,measured,locality,government,U.S. EPA daily AQI by county,https://aqs.epa.gov/aqsweb/airdata/download_files.html,daily observations aggregated for 2015,11.0,61.0,AQI daily minimum to maximum,,2015.0,Fauquier,,2015.0,pre_gs5,,,,,,208 daily observations; downloaded_on=9/19/2026. Ambient county AQI is not attributable to a data center or its generators.,"This is measured evidence. It describes locality conditions and cannot be attributed to one development. It is context only, not a project outcome.",True
epa-aqi-fauquier-2016,air,measured,locality,government,U.S. EPA daily AQI by county,https://aqs.epa.gov/aqsweb/airdata/download_files.html,daily observations aggregated for 2016,15.0,93.0,AQI daily minimum to maximum,,2016.0,Fauquier,,2016.0,pre_gs5,,,,,,213 daily observations; downloaded_on=9/19/2026. Ambient county AQI is not attributable to a data center or its generators.,"This is measured evidence. It describes locality conditions and cannot be attributed to one development. It is context only, not a project outcome.",True
epa-aqi-fauquier-2017,air,measured,locality,government,U.S. EPA daily AQI by county,https://aqs.epa.gov/aqsweb/airdata/download_files.html,daily observations aggregated for 2017,14.0,71.0,AQI daily minimum to maximum,,2017.0,Fauquier,,2017.0,pre_gs5,,,,,,245 daily observations; downloaded_on=9/19/2026. Ambient county AQI is not attributable to a data center or its generators.,"This is measured evidence. It describes locality conditions and cannot be attributed to one development. It is context only, not a project outcome.",True
epa-aqi-fauquier-2018,air,measured,locality,government,U.S. EPA daily AQI by county,https://aqs.epa.gov/aqsweb/airdata/download_files.html,daily observations aggregated for 2018,8.0,80.0,AQI daily minimum to maximum,,2018.0,Fauquier,,2018.0,pre_gs5,,,,,,244 daily observations; downloaded_on=9/19/2026. Ambient county AQI is not attributable to a data center or its generators.,"This is measured evidence. It describes locality conditions and cannot be attributed to one development. It is context only, not a project outcome.",True
epa-aqi-fauquier-2019,air,measured,locality,government,U.S. EPA daily AQI by county,https://aqs.epa.gov/aqsweb/airdata/download_files.html,daily observations aggregated for 2019,16.0,64.0,AQI daily minimum to maximum,,2019.0,Fauquier,,2019.0,pre_gs5,,,,,,233 daily observations; downloaded_on=9/19/2026. Ambient county AQI is not attributable to a data center or its generators.,"This is measured evidence. It describes locality conditions and cannot be attributed to one development. It is context only, not a project outcome.",True
epa-aqi-fauquier-2020,air,measured,locality,government,U.S. EPA daily AQI by county,https://aqs.epa.gov/aqsweb/airdata/download_files.html,daily observations aggregated for 2020,9.0,61.0,AQI daily minimum to maximum,,2020.0,Fauquier,,2020.0,pre_gs5,,,,,,242 daily observations; downloaded_on=9/19/2026. Ambient county AQI is not attributable to a data center or its generators.,"This is measured evidence. It describes locality conditions and cannot be attributed to one development. It is context only, not a project outcome.",True
epa-aqi-fauquier-2021,air,measured,locality,government,U.S. EPA daily AQI by county,https://aqs.epa.gov/aqsweb/airdata/download_files.html,daily observations aggregated for 2021,13.0,77.0,AQI daily minimum to maximum,,2021.0,Fauquier,,2021.0,pre_gs5,,,,,,237 daily observations; downloaded_on=9/19/2026. Ambient county AQI is not attributable to a data center or its generators.,"This is measured evidence. It describes locality conditions and cannot be attributed to one development. It is context only, not a project outcome.",True
epa-aqi-fauquier-2022,air,measured,locality,government,U.S. EPA daily AQI by county,https://aqs.epa.gov/aqsweb/airdata/download_files.html,daily observations aggregated for 2022,12.0,71.0,AQI daily minimum to maximum,,2022.0,Fauquier,,2022.0,pre_gs5,,,,,,244 daily observations; downloaded_on=9/19/2026. Ambient county AQI is not attributable to a data center or its generators.,"This is measured evidence. It describes locality conditions and cannot be attributed to one development. It is context only, not a project outcome.",True
epa-aqi-fauquier-2023,air,measured,locality,government,U.S. EPA daily AQI by county,https://aqs.epa.gov/aqsweb/airdata/download_files.html,daily observations aggregated for 2023,16.0,115.0,AQI daily minimum to maximum,,2023.0,Fauquier,,2023.0,pre_gs5,,,,,,242 daily observations; downloaded_on=9/19/2026. Ambient county AQI is not attributable to a data center or its generators.,"This is measured evidence. It describes locality conditions and cannot be attributed to one development. It is context only, not a project outcome.",True
epa-aqi-fauquier-2024,air,measured,locality,government,U.S. EPA daily AQI by county,https://aqs.epa.gov/aqsweb/airdata/download_files.html,daily observations aggregated for 2024,11.0,64.0,AQI daily minimum to maximum,,2024.0,Fauquier,,2024.0,pre_gs5,,,,,,232 daily observations; downloaded_on=9/19/2026. Ambient county AQI is not attributable to a data center or its generators.,"This is measured evidence. It describes locality conditions and cannot be attributed to one development. It is context only, not a project outcome.",True
epa-aqi-fauquier-2025,air,measured,locality,government,U.S. EPA daily AQI by county,https://aqs.epa.gov/aqsweb/airdata/download_files.html,daily observations aggregated for 2025,14.0,77.0,AQI daily minimum to maximum,,2025.0,Fauquier,,2025.0,pre_gs5,,,,,,245 daily observations; downloaded_on=9/19/2026. Ambient county AQI is not attributable to a data center or its generators.,"This is measured evidence. It describes locality conditions and cannot be attributed to one development. It is context only, not a project outcome.",True
epa-aqi-fauquier-2026,air,measured,locality,government,U.S. EPA daily AQI by county,https://aqs.epa.gov/aqsweb/airdata/download_files.html,daily observations aggregated for 2026,12.0,67.0,AQI daily minimum to maximum,,2026.0,Fauquier,,2026.0,pre_gs5,,,,,,61 daily observations; downloaded_on=9/19/2026. Ambient county AQI is not attributable to a data center or its generators.,"This is measured evidence. It describes locality conditions and cannot be attributed to one development. It is context only, not a project outcome.",True
epa-aqi-loudoun-2015,air,measured,locality,government,U.S. EPA daily AQI by county,https://aqs.epa.gov/aqsweb/airdata/download_files.html,daily observations aggregated for 2015,3.0,115.0,AQI daily minimum to maximum,,2015.0,Loudoun,,2015.0,pre_gs5,,,,,358.0,361 daily observations; downloaded_on=9/19/2026. Ambient county AQI is not attributable to a data center or its generators.,"This is measured evidence. It describes locality conditions and cannot be attributed to one development. It is context only, not a project outcome.",True
epa-aqi-loudoun-2016,air,measured,locality,government,U.S. EPA daily AQI by county,https://aqs.epa.gov/aqsweb/airdata/download_files.html,daily observations aggregated for 2016,3.0,112.0,AQI daily minimum to maximum,,2016.0,Loudoun,,2016.0,pre_gs5,,,,,358.0,366 daily observations; downloaded_on=9/19/2026. Ambient county AQI is not attributable to a data center or its generators.,"This is measured evidence. It describes locality conditions and cannot be attributed to one development. It is context only, not a project outcome.",True
epa-aqi-loudoun-2017,air,measured,locality,government,U.S. EPA daily AQI by county,https://aqs.epa.gov/aqsweb/airdata/download_files.html,daily observations aggregated for 2017,3.0,100.0,AQI daily minimum to maximum,,2017.0,Loudoun,,2017.0,pre_gs5,,,,,358.0,365 daily observations; downloaded_on=9/19/2026. Ambient county AQI is not attributable to a data center or its generators.,"This is measured evidence. It describes locality conditions and cannot be attributed to one development. It is context only, not a project outcome.",True
epa-aqi-loudoun-2018,air,measured,locality,government,U.S. EPA daily AQI by county,https://aqs.epa.gov/aqsweb/airdata/download_files.html,daily observations aggregated for 2018,3.0,93.0,AQI daily minimum to maximum,,2018.0,Loudoun,,2018.0,pre_gs5,,,,,358.0,365 daily observations; downloaded_on=9/19/2026. Ambient county AQI is not attributable to a data center or its generators.,"This is measured evidence. It describes locality conditions and cannot be attributed to one development. It is context only, not a project outcome.",True
epa-aqi-loudoun-2019,air,measured,locality,government,U.S. EPA daily AQI by county,https://aqs.epa.gov/aqsweb/airdata/download_files.html,daily observations aggregated for 2019,2.0,112.0,AQI daily minimum to maximum,,2019.0,Loudoun,,2019.0,pre_gs5,,,,,358.0,337 daily observations; downloaded_on=9/19/2026. Ambient county AQI is not attributable to a data center or its generators.,"This is measured evidence. It describes locality conditions and cannot be attributed to one development. It is context only, not a project outcome.",True
epa-aqi-loudoun-2020,air,measured,locality,government,U.S. EPA daily AQI by county,https://aqs.epa.gov/aqsweb/airdata/download_files.html,daily observations aggregated for 2020,11.0,108.0,AQI daily minimum to maximum,,2020.0,Loudoun,,2020.0,pre_gs5,,,,,358.0,366 daily observations; downloaded_on=9/19/2026. Ambient county AQI is not attributable to a data center or its generators.,"This is measured evidence. It describes locality conditions and cannot be attributed to one development. It is context only, not a project outcome.",True
epa-aqi-loudoun-2021,air,measured,locality,government,U.S. EPA daily AQI by county,https://aqs.epa.gov/aqsweb/airdata/download_files.html,daily observations aggregated for 2021,13.0,122.0,AQI daily minimum to maximum,,2021.0,Loudoun,,2021.0,pre_gs5,,,,,358.0,364 daily observations; downloaded_on=9/19/2026. Ambient county AQI is not attributable to a data center or its generators.,"This is measured evidence. It describes locality conditions and cannot be attributed to one development. It is context only, not a project outcome.",True
epa-aqi-loudoun-2022,air,measured,locality,government,U.S. EPA daily AQI by county,https://aqs.epa.gov/aqsweb/airdata/download_files.html,daily observations aggregated for 2022,10.0,112.0,AQI daily minimum to maximum,,2022.0,Loudoun,,2022.0,pre_gs5,,,,,358.0,364 daily observations; downloaded_on=9/19/2026. Ambient county AQI is not attributable to a data center or its generators.,"This is measured evidence. It describes locality conditions and cannot be attributed to one development. It is context only, not a project outcome.",True
epa-aqi-loudoun-2023,air,measured,locality,government,U.S. EPA daily AQI by county,https://aqs.epa.gov/aqsweb/airdata/download_files.html,daily observations aggregated for 2023,6.0,167.0,AQI daily minimum to maximum,,2023.0,Loudoun,,2023.0,pre_gs5,,,,,358.0,364 daily observations; downloaded_on=9/19/2026. Ambient county AQI is not attributable to a data center or its generators.,"This is measured evidence. It describes locality conditions and cannot be attributed to one development. It is context only, not a project outcome.",True
epa-aqi-loudoun-2024,air,measured,locality,government,U.S. EPA daily AQI by county,https://aqs.epa.gov/aqsweb/airdata/download_files.html,daily observations aggregated for 2024,15.0,87.0,AQI daily minimum to maximum,,2024.0,Loudoun,,2024.0,pre_gs5,,,,,358.0,366 daily observations; downloaded_on=9/19/2026. Ambient county AQI is not attributable to a data center or its generators.,"This is measured evidence. It describes locality conditions and cannot be attributed to one development. It is context only, not a project outcome.",True
epa-aqi-loudoun-2025,air,measured,locality,government,U.S. EPA daily AQI by county,https://aqs.epa.gov/aqsweb/airdata/download_files.html,daily observations aggregated for 2025,13.0,120.0,AQI daily minimum to maximum,,2025.0,Loudoun,,2025.0,pre_gs5,,,,,358.0,365 daily observations; downloaded_on=9/19/2026. Ambient county AQI is not attributable to a data center or its generators.,"This is measured evidence. It describes locality conditions and cannot be attributed to one development. It is context only, not a project outcome.",True
epa-aqi-loudoun-2026,air,measured,locality,government,U.S. EPA daily AQI by county,https://aqs.epa.gov/aqsweb/airdata/download_files.html,daily observations aggregated for 2026,14.0,78.0,AQI daily minimum to maximum,,2026.0,Loudoun,,2026.0,pre_gs5,,,,,358.0,144 daily observations; downloaded_on=9/19/2026. Ambient county AQI is not attributable to a data center or its generators.,"This is measured evidence. It describes locality conditions and cannot be attributed to one development. It is context only, not a project outcome.",True
epa-aqi-prince-william-2015,air,measured,locality,government,U.S. EPA daily AQI by county,https://aqs.epa.gov/aqsweb/airdata/download_files.html,daily observations aggregated for 2015,2.0,93.0,AQI daily minimum to maximum,,2015.0,Prince William,,2015.0,pre_gs5,,,,,,364 daily observations; downloaded_on=9/19/2026. Ambient county AQI is not attributable to a data center or its generators.,"This is measured evidence. It describes locality conditions and cannot be attributed to one development. It is context only, not a project outcome.",True
epa-aqi-prince-william-2016,air,measured,locality,government,U.S. EPA daily AQI by county,https://aqs.epa.gov/aqsweb/airdata/download_files.html,daily observations aggregated for 2016,1.0,112.0,AQI daily minimum to maximum,,2016.0,Prince William,,2016.0,pre_gs5,,,,,,366 daily observations; downloaded_on=9/19/2026. Ambient county AQI is not attributable to a data center or its generators.,"This is measured evidence. It describes locality conditions and cannot be attributed to one development. It is context only, not a project outcome.",True
epa-aqi-prince-william-2017,air,measured,locality,government,U.S. EPA daily AQI by county,https://aqs.epa.gov/aqsweb/airdata/download_files.html,daily observations aggregated for 2017,3.0,97.0,AQI daily minimum to maximum,,2017.0,Prince William,,2017.0,pre_gs5,,,,,,364 daily observations; downloaded_on=9/19/2026. Ambient county AQI is not attributable to a data center or its generators.,"This is measured evidence. It describes locality conditions and cannot be attributed to one development. It is context only, not a project outcome.",True
epa-aqi-prince-william-2018,air,measured,locality,government,U.S. EPA daily AQI by county,https://aqs.epa.gov/aqsweb/airdata/download_files.html,daily observations aggregated for 2018,2.0,100.0,AQI daily minimum to maximum,,2018.0,Prince William,,2018.0,pre_gs5,,,,,,345 daily observations; downloaded_on=9/19/2026. Ambient county AQI is not attributable to a data center or its generators.,"This is measured evidence. It describes locality conditions and cannot be attributed to one development. It is context only, not a project outcome.",True
epa-aqi-prince-william-2019,air,measured,locality,government,U.S. EPA daily AQI by county,https://aqs.epa.gov/aqsweb/airdata/download_files.html,daily observations aggregated for 2019,1.0,100.0,AQI daily minimum to maximum,,2019.0,Prince William,,2019.0,pre_gs5,,,,,,364 daily observations; downloaded_on=9/19/2026. Ambient county AQI is not attributable to a data center or its generators.,"This is measured evidence. It describes locality conditions and cannot be attributed to one development. It is context only, not a project outcome.",True
epa-aqi-prince-william-2020,air,measured,locality,government,U.S. EPA daily AQI by county,https://aqs.epa.gov/aqsweb/airdata/download_files.html,daily observations aggregated for 2020,9.0,74.0,AQI daily minimum to maximum,,2020.0,Prince William,,2020.0,pre_gs5,,,,,,364 daily observations; downloaded_on=9/19/2026. Ambient county AQI is not attributable to a data center or its generators.,"This is measured evidence. It describes locality conditions and cannot be attributed to one development. It is context only, not a project outcome.",True
epa-aqi-prince-william-2021,air,measured,locality,government,U.S. EPA daily AQI by county,https://aqs.epa.gov/aqsweb/airdata/download_files.html,daily observations aggregated for 2021,4.0,119.0,AQI daily minimum to maximum,,2021.0,Prince William,,2021.0,pre_gs5,,,,,,359 daily observations; downloaded_on=9/19/2026. Ambient county AQI is not attributable to a data center or its generators.,"This is measured evidence. It describes locality conditions and cannot be attributed to one development. It is context only, not a project outcome.",True
epa-aqi-prince-william-2022,air,measured,locality,government,U.S. EPA daily AQI by county,https://aqs.epa.gov/aqsweb/airdata/download_files.html,daily observations aggregated for 2022,9.0,93.0,AQI daily minimum to maximum,,2022.0,Prince William,,2022.0,pre_gs5,,,,,,350 daily observations; downloaded_on=9/19/2026. Ambient county AQI is not attributable to a data center or its generators.,"This is measured evidence. It describes locality conditions and cannot be attributed to one development. It is context only, not a project outcome.",True
epa-aqi-prince-william-2023,air,measured,locality,government,U.S. EPA daily AQI by county,https://aqs.epa.gov/aqsweb/airdata/download_files.html,daily observations aggregated for 2023,13.0,129.0,AQI daily minimum to maximum,,2023.0,Prince William,,2023.0,pre_gs5,,,,,,365 daily observations; downloaded_on=9/19/2026. Ambient county AQI is not attributable to a data center or its generators.,"This is measured evidence. It describes locality conditions and cannot be attributed to one development. It is context only, not a project outcome.",True
epa-aqi-prince-william-2024,air,measured,locality,government,U.S. EPA daily AQI by county,https://aqs.epa.gov/aqsweb/airdata/download_files.html,daily observations aggregated for 2024,5.0,87.0,AQI daily minimum to maximum,,2024.0,Prince William,,2024.0,pre_gs5,,,,,,366 daily observations; downloaded_on=9/19/2026. Ambient county AQI is not attributable to a data center or its generators.,"This is measured evidence. It describes locality conditions and cannot be attributed to one development. It is context only, not a project outcome.",True
epa-aqi-prince-william-2025,air,measured,locality,government,U.S. EPA daily AQI by county,https://aqs.epa.gov/aqsweb/airdata/download_files.html,daily observations aggregated for 2025,1.0,87.0,AQI daily minimum to maximum,,2025.0,Prince William,,2025.0,pre_gs5,,,,,,365 daily observations; downloaded_on=9/19/2026. Ambient county AQI is not attributable to a data center or its generators.,"This is measured evidence. It describes locality conditions and cannot be attributed to one development. It is context only, not a project outcome.",True
epa-aqi-prince-william-2026,air,measured,locality,government,U.S. EPA daily AQI by county,https://aqs.epa.gov/aqsweb/airdata/download_files.html,daily observations aggregated for 2026,13.0,74.0,AQI daily minimum to maximum,,2026.0,Prince William,,2026.0,pre_gs5,,,,,,120 daily observations; downloaded_on=9/19/2026. Ambient county AQI is not attributable to a data center or its generators.,"This is measured evidence. It describes locality conditions and cannot be attributed to one development. It is context only, not a project outcome.",True
epa-aqi-stafford-2015,air,measured,locality,government,U.S. EPA daily AQI by county,https://aqs.epa.gov/aqsweb/airdata/download_files.html,daily observations aggregated for 2015,14.0,97.0,AQI daily minimum to maximum,,2015.0,Stafford,,2015.0,pre_gs5,,,,,,214 daily observations; downloaded_on=9/19/2026. Ambient county AQI is not attributable to a data center or its generators.,"This is measured evidence. It describes locality conditions and cannot be attributed to one development. It is context only, not a project outcome.",True
epa-aqi-stafford-2016,air,measured,locality,government,U.S. EPA daily AQI by county,https://aqs.epa.gov/aqsweb/airdata/download_files.html,daily observations aggregated for 2016,19.0,108.0,AQI daily minimum to maximum,,2016.0,Stafford,,2016.0,pre_gs5,,,,,,193 daily observations; downloaded_on=9/19/2026. Ambient county AQI is not attributable to a data center or its generators.,"This is measured evidence. It describes locality conditions and cannot be attributed to one development. It is context only, not a project outcome.",True
epa-aqi-stafford-2017,air,measured,locality,government,U.S. EPA daily AQI by county,https://aqs.epa.gov/aqsweb/airdata/download_files.html,daily observations aggregated for 2017,3.0,77.0,AQI daily minimum to maximum,,2017.0,Stafford,,2017.0,pre_gs5,,,,,,233 daily observations; downloaded_on=9/19/2026. Ambient county AQI is not attributable to a data center or its generators.,"This is measured evidence. It describes locality conditions and cannot be attributed to one development. It is context only, not a project outcome.",True
epa-aqi-stafford-2018,air,measured,locality,government,U.S. EPA daily AQI by county,https://aqs.epa.gov/aqsweb/airdata/download_files.html,daily observations aggregated for 2018,1.0,112.0,AQI daily minimum to maximum,,2018.0,Stafford,,2018.0,pre_gs5,,,,,,264 daily observations; downloaded_on=9/19/2026. Ambient county AQI is not attributable to a data center or its generators.,"This is measured evidence. It describes locality conditions and cannot be attributed to one development. It is context only, not a project outcome.",True
epa-aqi-stafford-2019,air,measured,locality,government,U.S. EPA daily AQI by county,https://aqs.epa.gov/aqsweb/airdata/download_files.html,daily observations aggregated for 2019,1.0,93.0,AQI daily minimum to maximum,,2019.0,Stafford,,2019.0,pre_gs5,,,,,,260 daily observations; downloaded_on=9/19/2026. Ambient county AQI is not attributable to a data center or its generators.,"This is measured evidence. It describes locality conditions and cannot be attributed to one development. It is context only, not a project outcome.",True
epa-aqi-stafford-2020,air,measured,locality,government,U.S. EPA daily AQI by county,https://aqs.epa.gov/aqsweb/airdata/download_files.html,daily observations aggregated for 2020,8.0,84.0,AQI daily minimum to maximum,,2020.0,Stafford,,2020.0,pre_gs5,,,,,,362 daily observations; downloaded_on=9/19/2026. Ambient county AQI is not attributable to a data center or its generators.,"This is measured evidence. It describes locality conditions and cannot be attributed to one development. It is context only, not a project outcome.",True
epa-aqi-stafford-2021,air,measured,locality,government,U.S. EPA daily AQI by county,https://aqs.epa.gov/aqsweb/airdata/download_files.html,daily observations aggregated for 2021,10.0,115.0,AQI daily minimum to maximum,,2021.0,Stafford,,2021.0,pre_gs5,,,,,,358 daily observations; downloaded_on=9/19/2026. Ambient county AQI is not attributable to a data center or its generators.,"This is measured evidence. It describes locality conditions and cannot be attributed to one development. It is context only, not a project outcome.",True
epa-aqi-stafford-2022,air,measured,locality,government,U.S. EPA daily AQI by county,https://aqs.epa.gov/aqsweb/airdata/download_files.html,daily observations aggregated for 2022,7.0,74.0,AQI daily minimum to maximum,,2022.0,Stafford,,2022.0,pre_gs5,,,,,,362 daily observations; downloaded_on=9/19/2026. Ambient county AQI is not attributable to a data center or its generators.,"This is measured evidence. It describes locality conditions and cannot be attributed to one development. It is context only, not a project outcome.",True
epa-aqi-stafford-2023,air,measured,locality,government,U.S. EPA daily AQI by county,https://aqs.epa.gov/aqsweb/airdata/download_files.html,daily observations aggregated for 2023,13.0,169.0,AQI daily minimum to maximum,,2023.0,Stafford,,2023.0,pre_gs5,,,,,,365 daily observations; downloaded_on=9/19/2026. Ambient county AQI is not attributable to a data center or its generators.,"This is measured evidence. It describes locality conditions and cannot be attributed to one development. It is context only, not a project outcome.",True
epa-aqi-stafford-2024,air,measured,locality,government,U.S. EPA daily AQI by county,https://aqs.epa.gov/aqsweb/airdata/download_files.html,daily observations aggregated for 2024,11.0,90.0,AQI daily minimum to maximum,,2024.0,Stafford,,2024.0,pre_gs5,,,,,,362 daily observations; downloaded_on=9/19/2026. Ambient county AQI is not attributable to a data center or its generators.,"This is measured evidence. It describes locality conditions and cannot be attributed to one development. It is context only, not a project outcome.",True
epa-aqi-stafford-2025,air,measured,locality,government,U.S. EPA daily AQI by county,https://aqs.epa.gov/aqsweb/airdata/download_files.html,daily observations aggregated for 2025,10.0,77.0,AQI daily minimum to maximum,,2025.0,Stafford,,2025.0,pre_gs5,,,,,,360 daily observations; downloaded_on=9/19/2026. Ambient county AQI is not attributable to a data center or its generators.,"This is measured evidence. It describes locality conditions and cannot be attributed to one development. It is context only, not a project outcome.",True
epa-aqi-stafford-2026,air,measured,locality,government,U.S. EPA daily AQI by county,https://aqs.epa.gov/aqsweb/airdata/download_files.html,daily observations aggregated for 2026,12.0,97.0,AQI daily minimum to maximum,,2026.0,Stafford,,2026.0,pre_gs5,,,,,,120 daily observations; downloaded_on=9/19/2026. Ambient county AQI is not attributable to a data center or its generators.,"This is measured evidence. It describes locality conditions and cannot be attributed to one development. It is context only, not a project outcome.",True
deq-permit-71804-2016-11-09,air,permitted,project,government,Virginia DEQ issued data center air permits,,registration 71804; issued 2016-11-09,,,permit conditions; not measured emissions,,2016.0,Fairfax County,,2016.0,pre_gs5,,,,permitted,,"Site=Meridian Science 7990, LLC; program=Minor NSR; fuel=diesel; operating-limit text=p. 6: operate more than 100 hours per year, calculated monthly as the sum of each consecutive; source_file=raw/deq_va/7180404_DC_Permit.pdf; unverified_fields=permit_url;address;generator_count;generator_capacity_mw. Permit conditions do not establish actual emissions.","This documents permitted capacity, not actual emissions. It is project-specific but does not transfer automatically to another site.",False
deq-permit-72367-2020-02-26,air,permitted,project,government,Virginia DEQ issued data center air permits,,registration 72367; issued 2020-02-26,,,permit conditions; not measured emissions,,2020.0,Loudoun County,,2020.0,pre_gs5,,,,permitted,,"program=Minor NSR; fuel=diesel; operating-limit text=p. 6: more than 1,092 hours per year, calculated monthly as the sum of each consecutive 12-; source_file=raw/deq_va/72367_DC_Permit.pdf; unverified_fields=site_name;regional_office;permit_url;generator_count;generator_capacity_mw. Permit conditions do not establish actual emissions.","This documents permitted capacity, not actual emissions. It is project-specific but does not transfer automatically to another site.",False
deq-permit-72375-2026-03-10,air,permitted,project,government,Virginia DEQ issued data center air permits,,registration 72375; issued 2026-03-10,,,permit conditions; not measured emissions,,2026.0,Fairfax County,,2026.0,pre_gs5,,,,permitted,,"Site=Chantilly Technology Partners, LLC/H5 VA; program=Minor NSR; fuel=diesel; operating-limit text=p. 8: shall not operate more than 240 hours per year for all purposes (as provided in | p. 8: shall not operate more than 320 hours per year for all purposes (as provided in | p. 8: 80 hours per year for all purposes (as provided in Condition 4); pollutant-limit text=p. 11: 44.09 lb/hr 49.85 lb/hr 26.43 lb/hr | p. 11: 0.74 lb/hr 0.93 lb/hr 0.50 lb/hr | p. 11: 0.89 lb/hr 1.00 lb/hr 0.65 lb/hr; source_file=raw/deq_va/723759_DC_Permit.pdf; unverified_fields=permit_url;address;generator_count;generator_capacity_mw. Permit conditions do not establish actual emissions.","This documents permitted capacity, not actual emissions. It is project-specific but does not transfer automatically to another site.",False
deq-permit-73160-2019-10-30,air,permitted,project,government,Virginia DEQ issued data center air permits,,registration 73160; issued 2019-10-30,,,permit conditions; not measured emissions,,2019.0,Loudoun County,,2019.0,pre_gs5,,,,permitted,,"program=Minor NSR; fuel=diesel; operating-limit text=p. 8: more than 500 hours per year, calculated monthly as the sum of each consecutive 12-month | p. 8: thru DC2&3-EG12) shall not operate more than 1,200 hours per year combined, but | p. 8: individually not more than 500 hours per year, calculated monthly as the sum of each; source_file=raw/deq_va/73160_DC_Permit.pdf; unverified_fields=site_name;regional_office;permit_url;generator_count;generator_capacity_mw. Permit conditions do not establish actual emissions.","This documents permitted capacity, not actual emissions. It is project-specific but does not transfer automatically to another site.",False
deq-permit-73233-2024-03-19,air,permitted,project,government,Virginia DEQ issued data center air permits,,registration 73233; issued 2024-03-19,,,permit conditions; not measured emissions,,2024.0,Loudoun County,,2024.0,pre_gs5,,,,permitted,,"Site=Equinix, LLC; program=Minor NSR; fuel=diesel; operating-limit text=p. 10: DC11EG-1 through DC11EG-9) shall operate more than 500 hours per year | p. 10: not operate more than combined total of 900 hours per year | p. 10: hours per year, calculated monthly as the sum of each consecutive 12-month period; source_file=raw/deq_va/73233_DC_Permit.pdf; unverified_fields=permit_url;generator_count;generator_capacity_mw. Permit conditions do not establish actual emissions.","This documents permitted capacity, not actual emissions. It is project-specific but does not transfer automatically to another site.",False
deq-permit-73240-2024-09-20,air,permitted,project,government,Virginia DEQ issued data center air permits,,registration 73240; issued 2024-09-20,,,permit conditions; not measured emissions,,2024.0,Loudoun County,,2024.0,pre_gs5,,,,permitted,,Site=21571 Beaumeade Circle LLC; program=Minor NSR; fuel=diesel; source_file=raw/deq_va/73240_DC_Permit.pdf; unverified_fields=permit_url;generator_count;generator_capacity_mw. Permit conditions do not establish actual emissions.,"This documents permitted capacity, not actual emissions. It is project-specific but does not transfer automatically to another site.",False
deq-permit-73294-2024-10-11,air,permitted,project,government,Virginia DEQ issued data center air permits,,registration 73294; issued 2024-10-11,,,permit conditions; not measured emissions,,2024.0,Fairfax County,,2024.0,pre_gs5,,,,permitted,,"Site=Amazon Data Services, Inc; program=Minor NSR; fuel=diesel; operating-limit text=p. 21: than 500 hours per year, calculated monthly as the sum of each consecutive 12 month; source_file=raw/deq_va/73294_DC_Permit.pdf; unverified_fields=permit_url;address;generator_count;generator_capacity_mw. Permit conditions do not establish actual emissions.","This documents permitted capacity, not actual emissions. It is project-specific but does not transfer automatically to another site.",False
deq-permit-73355-2025-05-19,air,permitted,project,government,Virginia DEQ issued data center air permits,,registration 73355; issued 2025-05-19,,,permit conditions; not measured emissions,,2025.0,Loudoun County,,2025.0,pre_gs5,,,,permitted,,program=Minor NSR; fuel=diesel; operating-limit text=p. 9: Transitory Generators 1 through 4) shall not operate more than 500 hours per year; source_file=raw/deq_va/73355_DC_Permit.pdf; unverified_fields=site_name;permit_url;address;generator_count;generator_capacity_mw. Permit conditions do not establish actual emissions.,"This documents permitted capacity, not actual emissions. It is project-specific but does not transfer automatically to another site.",False
deq-permit-73369-2025-09-16,air,permitted,project,government,Virginia DEQ issued data center air permits,,registration 73369; issued 2025-09-16,,,permit conditions; not measured emissions,,2025.0,Fairfax County,,2025.0,pre_gs5,,,,permitted,,"Site=New Dominion Technology Park, LLC; fuel=diesel; operating-limit text=p. 5: NDIIG2) shall not operate more than 500 hours per year each. The operating hours shall be | p. 5: operate more than 500 hours per year, calculated monthly as the sum of each consecutive; pollutant-limit text=p. 8: tons per year. The NOx emissions shall be calculated using the following equation | p. 8: NOx Emissions (tons per year) =; source_file=raw/deq_va/733693_DC_Permit.pdf; unverified_fields=program_type;regional_office;permit_url;address;generator_count;generator_capacity_mw. Permit conditions do not establish actual emissions.","This documents permitted capacity, not actual emissions. It is project-specific but does not transfer automatically to another site.",False
deq-permit-73370-2016-12-07,air,permitted,project,government,Virginia DEQ issued data center air permits,,registration 73370; issued 2016-12-07,,,permit conditions; not measured emissions,,2016.0,Loudoun County,,2016.0,pre_gs5,,,,permitted,,"Site=Elk Ventures, LLC (ACC 9); program=Minor NSR; fuel=diesel; source_file=raw/deq_va/7337015_DC_Permit.pdf; unverified_fields=permit_url;generator_count;generator_capacity_mw. Permit conditions do not establish actual emissions.","This documents permitted capacity, not actual emissions. It is project-specific but does not transfer automatically to another site.",False
deq-permit-73370-2017-08-23,air,permitted,project,government,Virginia DEQ issued data center air permits,,registration 73370; issued 2017-08-23,,,permit conditions; not measured emissions,,2017.0,Loudoun County,,2017.0,pre_gs5,,,,permitted,,"Site=Gazelle Ventures, LLC (ACC10); program=Minor NSR; fuel=diesel; source_file=raw/deq_va/7337016_DC_Permit.pdf; unverified_fields=permit_url;generator_count;generator_capacity_mw. Permit conditions do not establish actual emissions.","This documents permitted capacity, not actual emissions. It is project-specific but does not transfer automatically to another site.",False
deq-permit-73670-2025-03-14,air,permitted,project,government,Virginia DEQ issued data center air permits,,registration 73670; issued 2025-03-14,,,permit conditions; not measured emissions,,2025.0,Loudoun County,,2025.0,pre_gs5,,,,permitted,,"program=Title V; fuel=diesel; operating-limit text=p. 20: hours per year, calculated monthly as the sum of each consecutive 12-month period. Refer to; pollutant-limit text=p. 27: tons per year or more of volatile organic compounds or nitrogen oxides shall submit a completed; source_file=raw/deq_va/7367014_DC_Permit.pdf; unverified_fields=site_name;permit_url;address;generator_count;generator_capacity_mw. Permit conditions do not establish actual emissions.","This documents permitted capacity, not actual emissions. It is project-specific but does not transfer automatically to another site.",False
deq-permit-73683-2021-08-24,air,permitted,project,government,Virginia DEQ issued data center air permits,,registration 73683; issued 2021-08-24,,,permit conditions; not measured emissions,,2021.0,Prince William County,,2021.0,pre_gs5,,,,permitted,,"Site=Corporate Office Properties Trust (COPT); program=Minor NSR; fuel=diesel; operating-limit text=p. 11: hours per year for unscheduled maintenance, testing, operational training, and scheduled | p. 11: more than 500 hours per year for all purposes (as provided in Condition 7) combined. The | p. 11: G6) shall not operate more than 500 hours per year for all purposes (as provided in; pollutant-limit text=p. 14: Nitrogen Oxides (NO as NO ) 38.85 lb/hr | p. 14: Carbon Monoxide (CO) 3.95 lb/hr | p. 14: Volatile Organic Compounds (VOC) 1.13 lb/hr; source_file=raw/deq_va/73683_DC_Permit.pdf; unverified_fields=permit_url;generator_count;generator_capacity_mw. Permit conditions do not establish actual emissions.","This documents permitted capacity, not actual emissions. It is project-specific but does not transfer automatically to another site.",False
deq-permit-73717-2019-05-29,air,permitted,project,government,Virginia DEQ issued data center air permits,,registration 73717; issued 2019-05-29,,,permit conditions; not measured emissions,,2019.0,Fairfax County,,2019.0,pre_gs5,,,,permitted,,"Site=Zayo Group, LLC; program=Minor NSR; fuel=diesel; operating-limit text=p. 7: a. No single unit shall operate more than 500 hours per year for all purposes (as provided | p. 7: b. No single unit shall operate more than 100 hours per year for maintenance checks and; source_file=raw/deq_va/7371703_DC_Permit.pdf; unverified_fields=permit_url;generator_count;generator_capacity_mw. Permit conditions do not establish actual emissions.","This documents permitted capacity, not actual emissions. It is project-specific but does not transfer automatically to another site.",False
deq-permit-73741-2026-01-20,air,permitted,project,government,Virginia DEQ issued data center air permits,,registration 73741; issued 2026-01-20,,,permit conditions; not measured emissions,,2026.0,Prince William County,,2026.0,pre_gs5,,,,permitted,,"Site=Amazon Data Services, Inc; program=Minor NSR; fuel=diesel; operating-limit text=p. 12: at IAD-7/IAD11/IAD-24) shall operate more than 500 hours per year, calculated monthly | p. 12: 7) shall not operate more than 100 hours per year for maintenance checks and readiness | p. 12: testing (as provided in Conditions 5.c and 5.d) and no more than 500 hours per year for all; source_file=raw/deq_va/7374123_DC_Permit.pdf; unverified_fields=permit_url;address;generator_count;generator_capacity_mw. Permit conditions do not establish actual emissions.","This documents permitted capacity, not actual emissions. It is project-specific but does not transfer automatically to another site.",False
deq-permit-73743-2025-08-04,air,permitted,project,government,Virginia DEQ issued data center air permits,,registration 73743; issued 2025-08-04,,,permit conditions; not measured emissions,,2025.0,Loudoun County,,2025.0,pre_gs5,,,,permitted,,"Site=DataBank Holdings Ltd; program=Minor NSR; fuel=diesel; operating-limit text=p. 9: EG4-12, EG4BB1, and EG4BB2) shall not operate more than 500 hours per year for | p. 9: shall not operate more than 100 hour per year for scheduled maintenance checks and | p. 9: 25 hours per year for scheduled maintenance checks and readiness testing (Scheduled; source_file=raw/deq_va/73743_DC_Permit.pdf; unverified_fields=permit_url;generator_count;generator_capacity_mw. Permit conditions do not establish actual emissions.","This documents permitted capacity, not actual emissions. It is project-specific but does not transfer automatically to another site.",False
deq-permit-73757-2024-07-30,air,permitted,project,government,Virginia DEQ issued data center air permits,,registration 73757; issued 2024-07-30,,,permit conditions; not measured emissions,,2024.0,Loudoun County,,2024.0,pre_gs5,,,,permitted,,"program=Minor NSR; fuel=diesel; operating-limit text=p. 8: operate more than 218 hours per year, calculated monthly as the sum of each consecutive | p. 8: hours per year for scheduled maintenance checks and readiness testing (Scheduled MCRT; source_file=raw/deq_va/73757_DC_Permit.pdf; unverified_fields=site_name;permit_url;generator_count;generator_capacity_mw. Permit conditions do not establish actual emissions.","This documents permitted capacity, not actual emissions. It is project-specific but does not transfer automatically to another site.",False
deq-permit-73853-2024-08-27,air,permitted,project,government,Virginia DEQ issued data center air permits,,registration 73853; issued 2024-08-27,,,permit conditions; not measured emissions,,2024.0,Loudoun County,,2024.0,pre_gs5,,,,permitted,,"Site=Amazon Data Services, Inc; program=Minor NSR; fuel=diesel; operating-limit text=p. 9: operate more than 35 hours per year for scheduled maintenance checks and readiness | p. 9: operate more than 32 hours per year for scheduled maintenance checks and readiness | p. 9: T4, and S1) shall not operate more than 500 hours per year for all purposes (as; source_file=raw/deq_va/73853_DC_Permit.pdf; unverified_fields=permit_url;address;generator_count;generator_capacity_mw. Permit conditions do not establish actual emissions.","This documents permitted capacity, not actual emissions. It is project-specific but does not transfer automatically to another site.",False
deq-permit-73860-2025-01-30,air,permitted,project,government,Virginia DEQ issued data center air permits,,registration 73860; issued 2025-01-30,,,permit conditions; not measured emissions,,2025.0,Loudoun County,,2025.0,pre_gs5,,,,permitted,,"Site=Amazon Data Services, Inc; program=Minor NSR; fuel=diesel; operating-limit text=p. 11: 62) shall not operate more than 32 hours per year for scheduled maintenance checks and | p. 11: through T6) shall not operate more than 500 hours per year for all purposes (as provided in; pollutant-limit text=p. 14: Nitrogen Oxides (NO as NO ) 53.48 lb/hr 4.44 lb/hr | p. 14: Particulate Matter (PM ) 0.20 lb/hr | p. 14: Carbon Monoxide (CO) 3.10 lb/hr; source_file=raw/deq_va/73860_DC_Permit.pdf; unverified_fields=permit_url;address;generator_count;generator_capacity_mw. Permit conditions do not establish actual emissions.","This documents permitted capacity, not actual emissions. It is project-specific but does not transfer automatically to another site.",False
deq-permit-73935-2024-12-03,air,permitted,project,government,Virginia DEQ issued data center air permits,,registration 73935; issued 2024-12-03,,,permit conditions; not measured emissions,,2024.0,Loudoun County,,2024.0,pre_gs5,,,,permitted,,program=Minor NSR; fuel=diesel; operating-limit text=p. 8: and C00 – C08) shall not operate more than 100 hours per year for maintenance checks and | p. 8: readiness testing and no more than 500 hours per year for all purposes (as provided in | p. 8: shall not operate more than 24 hours per year for scheduled maintenance checks and; source_file=raw/deq_va/73935_DC_Permit.pdf; unverified_fields=site_name;permit_url;address;generator_count;generator_capacity_mw. Permit conditions do not establish actual emissions.,"This documents permitted capacity, not actual emissions. It is project-specific but does not transfer automatically to another site.",False
deq-permit-73946-2024-10-01,air,permitted,project,government,Virginia DEQ issued data center air permits,,registration 73946; issued 2024-10-01,,,permit conditions; not measured emissions,,2024.0,Loudoun County,,2024.0,pre_gs5,,,,permitted,,"Site=Equinix, LLC; program=Minor NSR; fuel=diesel; operating-limit text=p. 12: operate more than 100 hours per year for all purposes (as provided in Condition 7) | p. 13: a. No single unit (Engine Group DC-15) shall operate more than 500 hours per year for | p. 13: than 170 hours per year for all purposes (as provided in Condition 7), calculated; pollutant-limit text=p. 16: 10.30 lb/hr 38.85 lb/hr 56.97 lb/hr | p. 16: - 3.91 lb/hr 2.39 lb/hr | p. 16: - 1.13 lb/hr 1.03 lb/hr; source_file=raw/deq_va/7394606_DC_Permit.pdf; unverified_fields=permit_url;address;generator_count;generator_capacity_mw. Permit conditions do not establish actual emissions.","This documents permitted capacity, not actual emissions. It is project-specific but does not transfer automatically to another site.",False
deq-permit-74049-2024-05-08,air,permitted,project,government,Virginia DEQ issued data center air permits,,registration 74049; issued 2024-05-08,,,permit conditions; not measured emissions,,2024.0,Loudoun County,,2024.0,pre_gs5,,,,permitted,,"Site=Amazon Data Services, Inc; program=Minor NSR; fuel=diesel; operating-limit text=p. 8: than 100 hours per year for maintenance checks and readiness testing | p. 8: and 106) shall not operate more than 35 hours per year for scheduled maintenance checks | p. 8: Generator 1 through 4) shall not operate more than 500 hours per year for all purposes (as; source_file=raw/deq_va/74049_DC_Permit.pdf; unverified_fields=permit_url;generator_count;generator_capacity_mw. Permit conditions do not establish actual emissions.","This documents permitted capacity, not actual emissions. It is project-specific but does not transfer automatically to another site.",False
deq-permit-74052-2023-04-25,air,permitted,project,government,Virginia DEQ issued data center air permits,,registration 74052; issued 2023-04-25,,,permit conditions; not measured emissions,,2023.0,Prince William County,,2023.0,pre_gs5,,,,permitted,,"Site=Amazon Data Services, Inc; program=Minor NSR; fuel=diesel; operating-limit text=p. 8: 500 hours per year for all purposes (as provided in Condition 6), calculated monthly as the | p. 9: through 60, S1, and T2 through T8) shall operate no more than 32 hours per year for | p. 9: 500 hours per year for all purposes (as provided in Condition 6) combined; pollutant-limit text=p. 11: Nitrogen Oxides (as NO ) 48.07 lb/hr | p. 11: Carbon Monoxide (CO) 6.01 lb/hr | p. 11: Volatile Organic Compounds (VOC) 1.20 lb/hr; source_file=raw/deq_va/74052_DC_Permit.pdf; unverified_fields=permit_url;generator_count;generator_capacity_mw. Permit conditions do not establish actual emissions.","This documents permitted capacity, not actual emissions. It is project-specific but does not transfer automatically to another site.",False
deq-permit-74063-2026-07-07,air,permitted,project,government,Virginia DEQ issued data center air permits,,registration 74063; issued 2026-07-07,,,permit conditions; not measured emissions,,2026.0,Loudoun County,,2026.0,pre_gs5,,,,permitted,,"Site=Amazon Data Services, Inc; program=Minor NSR; fuel=diesel; operating-limit text=p. 10: operate no more than 32 hours per year for Scheduled MCRT (as provided in | p. 10: through L21, L29, and L38) shall operate no more than 35 hours per year for; pollutant-limit text=p. 12: Nitrogen Oxides (NO as NO ) 4.46 lb/hr | p. 12: X 2 53.48 lb/hr | p. 12: Particulate Matter (PM ) 0.18 lb/hr; source_file=raw/deq_va/740635_DC_Permit.pdf; unverified_fields=permit_url;address;generator_count;generator_capacity_mw. Permit conditions do not establish actual emissions.","This documents permitted capacity, not actual emissions. It is project-specific but does not transfer automatically to another site.",False
deq-permit-74079-2021-04-28,air,permitted,project,government,Virginia DEQ issued data center air permits,,registration 74079; issued 2021-04-28,,,permit conditions; not measured emissions,,2021.0,Loudoun County,,2021.0,pre_gs5,,,,permitted,,"program=Minor NSR; fuel=diesel; operating-limit text=p. 9: than 200 hours per year, calculated monthly as the sum of each consecutive 12 month period. Each | p. 9: without urea injection for more than 50 hours per year, calculated monthly as the sum of each | p. 9: shall not operate more than 36 hours per year for scheduled maintenance and readiness testing; pollutant-limit text=p. 11: Nitrogen Oxides (NO as NO ) 36.56 lb/hr 58.11 lb/hr | p. 11: Carbon Monoxide (CO) 5.03 lb/hr 11.51 lb/hr | p. 11: Volatile Organic Compounds (VOC) 0.63 lb/hr 0.56 lb/hr; source_file=raw/deq_va/74079_DC_Permit.pdf; unverified_fields=site_name;permit_url;address;generator_count;generator_capacity_mw. Permit conditions do not establish actual emissions.","This documents permitted capacity, not actual emissions. It is project-specific but does not transfer automatically to another site.",False
deq-permit-74080-2025-01-21,air,permitted,project,government,Virginia DEQ issued data center air permits,,registration 74080; issued 2025-01-21,,,permit conditions; not measured emissions,,2025.0,Loudoun County,,2025.0,pre_gs5,,,,permitted,,"Site=Amazon Data Services, Inc; program=Minor NSR; fuel=diesel; operating-limit text=p. 8: T1 through T8) shall operate more than 500 hours per year, calculated monthly as the sum | p. 8: than 32 hours per year for scheduled maintenance checks and readiness testing | p. 8: hours per year for scheduled maintenance checks and readiness testing (Scheduled; pollutant-limit text=p. 10: 0.40 lb/hr 0.44 lb/hr 0.17 lb/hr 0.57 lb/hr | p. 10: 48.06 lb/hr 30.75 lb/hr 9.31 lb/hr 38.85 lb/hr | p. 10: 6.09 lb/hr 5.78 lb/hr 2.20 lb/hr 3.96 lb/hr; source_file=raw/deq_va/74080_DC_Permit.pdf; unverified_fields=permit_url;address;generator_count;generator_capacity_mw. Permit conditions do not establish actual emissions.","This documents permitted capacity, not actual emissions. It is project-specific but does not transfer automatically to another site.",False
deq-permit-74081-2024-07-08,air,permitted,project,government,Virginia DEQ issued data center air permits,,registration 74081; issued 2024-07-08,,,permit conditions; not measured emissions,,2024.0,Prince William County,,2024.0,pre_gs5,,,,permitted,,"Site=Amazon Data Services, Inc; program=Minor NSR; fuel=diesel; operating-limit text=p. 8: through 20, and 34 through 80) shall not operate more than 35 hours per year for scheduled | p. 8: T6) shall not operate more than 500 hours per year for all purposes (as provided in; source_file=raw/deq_va/74081_DC_Permit.pdf; unverified_fields=permit_url;generator_count;generator_capacity_mw. Permit conditions do not establish actual emissions.","This documents permitted capacity, not actual emissions. It is project-specific but does not transfer automatically to another site.",False
deq-permit-74085-2022-11-21,air,permitted,project,government,Virginia DEQ issued data center air permits,,registration 74085; issued 2022-11-21,,,permit conditions; not measured emissions,,2022.0,Loudoun County,,2022.0,pre_gs5,,,,permitted,,"Site=Amazon Data Services, Inc; program=Minor NSR; fuel=diesel; operating-limit text=p. 9: hours per year, calculated monthly as the sum of each consecutive 12-month period. Of that | p. 9: amount, the company shall operate no more than 100 hours per year for scheduled | p. 9: 99) shall not operate more than 32 hours per year for scheduled maintenance checks and; pollutant-limit text=p. 11: Nitrogen Oxides (NO as NO ) 14.20 lb/hr 9.51 lb/hr 30.75 lb/hr | p. 11: Carbon Monoxide (CO) 4.73 lb/hr 1.59 lb/hr 5.78 lb/hr | p. 11: Volatile Organic Compounds 0.33 lb/hr 0.87 lb/hr; source_file=raw/deq_va/74085_DC_Permit.pdf; unverified_fields=permit_url;generator_count;generator_capacity_mw. Permit conditions do not establish actual emissions.","This documents permitted capacity, not actual emissions. It is project-specific but does not transfer automatically to another site.",False
deq-permit-74086-2016-11-01,air,permitted,project,government,Virginia DEQ issued data center air permits,,registration 74086; issued 2016-11-01,,,permit conditions; not measured emissions,,2016.0,Loudoun County,,2016.0,pre_gs5,,,,permitted,,"Site=CyrusOne, LLC; program=Minor NSR; fuel=diesel; operating-limit text=p. 7: 025, E, F, G, and H,) shall not operate more than a combined total of 3,220 hours per year | p. 7: G, and H) shall operate more than 500 hours per year, calculated daily as the sum of each | p. 7: hours per year, and no single emergency diesel engine gen-set (Ref. Nos. A40, B40, R40; source_file=raw/deq_va/74086_DC_Permit.pdf; unverified_fields=permit_url;address;generator_count;generator_capacity_mw. Permit conditions do not establish actual emissions.","This documents permitted capacity, not actual emissions. It is project-specific but does not transfer automatically to another site.",False
deq-permit-74094-2016-01-13,air,permitted,project,government,Virginia DEQ issued data center air permits,,registration 74094; issued 2016-01-13,,,permit conditions; not measured emissions,,2016.0,Loudoun County,,2016.0,pre_gs5,,,,permitted,,"Site=RagingWire Data Centers, Inc; fuel=diesel; source_file=raw/deq_va/74094_DC_Permit.pdf; unverified_fields=program_type;permit_url;address;generator_count;generator_capacity_mw. Permit conditions do not establish actual emissions.","This documents permitted capacity, not actual emissions. It is project-specific but does not transfer automatically to another site.",False
deq-permit-74107-2021-07-26,air,permitted,project,government,Virginia DEQ issued data center air permits,,registration 74107; issued 2021-07-26,,,permit conditions; not measured emissions,,2021.0,Prince William County,,2021.0,pre_gs5,,,,permitted,,"Site=Abteen Ventures LLC (MCC1); program=Minor NSR; fuel=diesel; operating-limit text=p. 8: through 103) shall not operate more than 20 hours per year for scheduled maintenance and | p. 8: readiness testing, and more than 500 hours per year for all purposes (as provided in; pollutant-limit text=p. 11: Nitrogen Oxides (as NO ) 58.51 lb/hr | p. 11: Carbon Monoxide (CO) 7.61 lb/hr | p. 11: Volatile Organic Compounds (VOC) 0.85 lb/hr; source_file=raw/deq_va/74107_DC_Permit.pdf; unverified_fields=permit_url;address;generator_count;generator_capacity_mw. Permit conditions do not establish actual emissions.","This documents permitted capacity, not actual emissions. It is project-specific but does not transfer automatically to another site.",False
deq-permit-74109-2016-10-13,air,permitted,project,government,Virginia DEQ issued data center air permits,,registration 74109; issued 2016-10-13,,,permit conditions; not measured emissions,,2016.0,Loudoun County,,2016.0,pre_gs5,,,,permitted,,"Site=CyrusOne, LLC; program=Minor NSR; fuel=diesel; operating-limit text=p. 6: than a combined total of 4,200 hours per year, and no single emergency diesel engine- | p. 6: generator set shall operate more than 500 hours per year, calculated monthly as the sum; source_file=raw/deq_va/74109_DC_Permit.pdf; unverified_fields=permit_url;address;generator_count;generator_capacity_mw. Permit conditions do not establish actual emissions.","This documents permitted capacity, not actual emissions. It is project-specific but does not transfer automatically to another site.",False
deq-permit-74112-2026-04-18,air,permitted,project,government,Virginia DEQ issued data center air permits,,registration 74112; issued 2026-04-18,,,permit conditions; not measured emissions,,2026.0,Prince William County,,2026.0,pre_gs5,,,,permitted,,"Site=Iron Mountain Information Management, LLC; program=Minor NSR; fuel=diesel; operating-limit text=p. 10: 21 and 46 through 50) combined shall not operate more than 644 hours per year and | p. 10: shall not operate more than 500 hours per year for all purposes as provided in | p. 10: and 51 through 70) combined shall not operate more than 1,232 hours per year and; pollutant-limit text=p. 12: 61.91 lb/hr 58.51 lb/hr 49.49 lb/hr 11.83 lb/hr 29.18 lb/hr | p. 12: 10.00 lb/hr 6.05 lb/hr 1.99 lb/hr 1.10 lb/hr 4.24 lb/hr | p. 12: 2.80 lb/hr 2.87 lb/hr 0.95 lb/hr 0.46 lb/hr 0.81 lb/hr; source_file=raw/deq_va/741125_DC_Permit.pdf; unverified_fields=permit_url;address;generator_count;generator_capacity_mw. Permit conditions do not establish actual emissions.","This documents permitted capacity, not actual emissions. It is project-specific but does not transfer automatically to another site.",False
deq-permit-74114-2022-09-06,air,permitted,project,government,Virginia DEQ issued data center air permits,,registration 74114; issued 2022-09-06,,,permit conditions; not measured emissions,,2022.0,Loudoun County,,2022.0,pre_gs5,,,,permitted,,"Site=CyrusOne, LLC; program=Minor NSR; fuel=diesel; operating-limit text=p. 11: operate more than 18 hours per year for scheduled maintenance checks and readiness | p. 12: operate more than 500 hours per year for all purposes (as provided in Condition 9); pollutant-limit text=p. 13: Nitrogen Oxides (as NO ) 44.07 lb/hr 43.29 lb/hr | p. 13: Carbon Monoxide (CO) 7.16 lb/hr 4.04 lb/hr | p. 13: 0.91 lb/hr 1.19 lb/hr; source_file=raw/deq_va/74114_DC_Permit.pdf; unverified_fields=permit_url;address;generator_count;generator_capacity_mw. Permit conditions do not establish actual emissions.","This documents permitted capacity, not actual emissions. It is project-specific but does not transfer automatically to another site.",False
deq-permit-74115-2024-10-21,air,permitted,project,government,Virginia DEQ issued data center air permits,,registration 74115; issued 2024-10-21,,,permit conditions; not measured emissions,,2024.0,Prince William County,,2024.0,pre_gs5,,,,permitted,,"Site=Amazon Data Services, Inc; program=Minor NSR; fuel=diesel; operating-limit text=p. 8: operate more than 35 hours per year for scheduled maintenance checks and readiness testing | p. 8: operate more than 500 hours per year for all purposes (as provided in Condition 3); pollutant-limit text=p. 9: Nitrogen Oxides (as NO 2 ) 48.07 lb/hr 48.06 lbs/hr 38.85 lb/hr | p. 9: Carbon Monoxide (CO) 6.01 lb/hr 6.09 lbs/hr 3.95 lb/hr | p. 9: 1.20 lb/hr 1.21 lbs/hr 1.14 lb/hr; source_file=raw/deq_va/74115_DC_Permit.pdf; unverified_fields=permit_url;generator_count;generator_capacity_mw. Permit conditions do not establish actual emissions.","This documents permitted capacity, not actual emissions. It is project-specific but does not transfer automatically to another site.",False
deq-permit-74118-2026-04-27,air,permitted,project,government,Virginia DEQ issued data center air permits,,registration 74118; issued 2026-04-27,,,permit conditions; not measured emissions,,2026.0,Prince William County,,2026.0,pre_gs5,,,615.0,permitted,,Site=Cashvad Ventures LLC; program=Minor NSR; fuel=diesel; source_file=raw/deq_va/741183_DC_Permit.pdf; unverified_fields=permit_url. Permit conditions do not establish actual emissions.,"This documents permitted capacity, not actual emissions. It is project-specific but does not transfer automatically to another site.",False
deq-permit-74120-2025-07-11,air,permitted,project,government,Virginia DEQ issued data center air permits,,registration 74120; issued 2025-07-11,,,permit conditions; not measured emissions,,2025.0,Loudoun County,,2025.0,pre_gs5,,,,permitted,,"Site=NTT Global Data Centers Americas, Inc; program=Minor NSR; fuel=diesel; operating-limit text=p. 10: a. No single unit shall operate more than 500 hours per year for all purposes (as provided | p. 10: b. No single unit shall operate more than 24 hours per year for scheduled maintenance; pollutant-limit text=p. 12: 28.77 lb/hr 61.48 lb/hr 60.01 lb/hr 29.37 lb/hr | p. 12: 5.45 lb/hr 13.86 lb/hr 8.29 lb/hr 7.83 lb/hr | p. 12: Compounds 0.35 lb/hr 2.81 lb/hr 2.64 lb/hr 1.05 lb/hr; source_file=raw/deq_va/74120_DC_Permit.pdf; unverified_fields=permit_url;address;generator_count;generator_capacity_mw. Permit conditions do not establish actual emissions.","This documents permitted capacity, not actual emissions. It is project-specific but does not transfer automatically to another site.",False
deq-permit-74121-2024-11-06,air,permitted,project,government,Virginia DEQ issued data center air permits,,registration 74121; issued 2024-11-06,,,permit conditions; not measured emissions,,2024.0,Loudoun County,,2024.0,pre_gs5,,,,permitted,,"Site=Amazon Data Services, Inc; program=Minor NSR; fuel=diesel; operating-limit text=p. 8: T4) shall not operate more than 35 hours per year for scheduled maintenance checks and | p. 8: T4) shall not operate more than 500 hours per year for all purposes (as provided in; source_file=raw/deq_va/74121_DC_Permit.pdf; unverified_fields=permit_url;generator_count;generator_capacity_mw. Permit conditions do not establish actual emissions.","This documents permitted capacity, not actual emissions. It is project-specific but does not transfer automatically to another site.",False
deq-permit-74126-2022-10-12,air,permitted,project,government,Virginia DEQ issued data center air permits,,registration 74126; issued 2022-10-12,,,permit conditions; not measured emissions,,2022.0,Loudoun County,,2022.0,pre_gs5,,,,permitted,,"Site=Digital Realty; program=Minor NSR; fuel=diesel; operating-limit text=p. 9: operate more than 100 hours per year, calculated monthly as the sum of each | p. 9: b. No single unit shall operate more than 500 hours per year, calculated monthly as the; pollutant-limit text=p. 13: 6.16 lb/hr 9.92 lb/hr | p. 13: 4.23 lb/hr 2.71 lb/hr | p. 13: 0.88 lb/hr 0.88 lb/hr; source_file=raw/deq_va/74126_DC_Permit.pdf; unverified_fields=permit_url;generator_count;generator_capacity_mw. Permit conditions do not establish actual emissions.","This documents permitted capacity, not actual emissions. It is project-specific but does not transfer automatically to another site.",False
deq-permit-74127-2026-01-20,air,permitted,project,government,Virginia DEQ issued data center air permits,,registration 74127; issued 2026-01-20,,,permit conditions; not measured emissions,,2026.0,Fauquier County,,2026.0,pre_gs5,,,,permitted,,Site=Data Center Vint Hill LLC; program=Minor NSR; fuel=diesel; operating-limit text=p. 8: operate more than 100 hours per year for scheduled maintenance checks and readiness | p. 8: training (as provided in Conditions 6.c and 6.d) and no more than 500 hours per year | p. 8: not operate more than 30 hours per year for scheduled maintenance checks and; pollutant-limit text=p. 10: Nitrogen Oxides (NO as NO ) 35.15 lb/hr 87.88 tons/yr | p. 10: Carbon Monoxide (CO) 4.69 lb/hr 11.73 tons/yr | p. 10: Volatile Organic Compounds (VOC) 1.72 lb/hr 4.30 tons/yr; source_file=raw/deq_va/741273_DC_Permit.pdf; unverified_fields=permit_url;generator_count;generator_capacity_mw. Permit conditions do not establish actual emissions.,"This documents permitted capacity, not actual emissions. It is project-specific but does not transfer automatically to another site.",False
deq-permit-74129-2021-06-28,air,permitted,project,government,Virginia DEQ issued data center air permits,,registration 74129; issued 2021-06-28,,,permit conditions; not measured emissions,,2021.0,Prince William County,,2021.0,pre_gs5,,,,permitted,,"Site=Amazon Data Services, Inc; program=Minor NSR; fuel=diesel; operating-limit text=p. 10: 92 and T1) shall not operate more than 100 hours per year for maintenance checks and | p. 10: readiness testing (MC/RT) and no more than 500 hours per year for all purposes (as | p. 10: through S3) shall not operate more than 26 hours per year for scheduled maintenance1; source_file=raw/deq_va/74129_DC_Permit.pdf; unverified_fields=permit_url;generator_count;generator_capacity_mw. Permit conditions do not establish actual emissions.","This documents permitted capacity, not actual emissions. It is project-specific but does not transfer automatically to another site.",False
deq-permit-74130-2022-03-03,air,permitted,project,government,Virginia DEQ issued data center air permits,,registration 74130; issued 2022-03-03,,,permit conditions; not measured emissions,,2022.0,Fairfax County,,2022.0,pre_gs5,,,,permitted,,"Site=CoreSite Real Estate Sunrise Technology Park, LLC; program=Minor NSR; fuel=diesel; operating-limit text=p. 7: EG034) shall not operate more than 100 hours per year; pollutant-limit text=p. 9: Nitrogen Oxides (NO as NO ) 8.37 lb/hr 2.51 tpy | p. 9: Carbon Monoxide (CO) 0.61 lb/hr 0.18 tpy | p. 9: Volatile Organic Compounds (VOC) 0.16 lb/hr 0.05 tpy; source_file=raw/deq_va/74130_DC_Permit.pdf; unverified_fields=permit_url;address;generator_count;generator_capacity_mw. Permit conditions do not establish actual emissions.","This documents permitted capacity, not actual emissions. It is project-specific but does not transfer automatically to another site.",False
deq-permit-74141-2025-06-10,air,permitted,project,government,Virginia DEQ issued data center air permits,,registration 74141; issued 2025-06-10,,,permit conditions; not measured emissions,,2025.0,Loudoun County,,2025.0,pre_gs5,,,,permitted,,"Site=QTS Investment Properties Ashburn, LLC; program=Minor NSR; fuel=diesel; operating-limit text=p. 8: shall not operate more than 30 hours per year for scheduled maintenance checks and | p. 8: shall not operate more than 102 hours per year for all purposes (as provided in | p. 9: shall not operate more than 500 hours per year for all purposes (as provided in; pollutant-limit text=p. 10: 10.86 lb/hr 56.34 lb/hr 48.06 lb/hr 24.09 lb/hr | p. 10: Carbon Monoxide (CO) 1.14lb/hr 8.45lb/hr 6.09 lb/hr 2.10 lb/hr | p. 10: Particulate Matter (PM ) 0.19lb/hr 0.94lb/hr 0.58 lb/hr 0.27lb/hr; source_file=raw/deq_va/74141_DC_Permit.pdf; unverified_fields=permit_url;generator_count;generator_capacity_mw. Permit conditions do not establish actual emissions.","This documents permitted capacity, not actual emissions. It is project-specific but does not transfer automatically to another site.",False
deq-permit-74147-2020-02-26,air,permitted,project,government,Virginia DEQ issued data center air permits,,registration 74147; issued 2020-02-26,,,permit conditions; not measured emissions,,2020.0,Loudoun County,,2020.0,pre_gs5,,,,permitted,,"Site=Equinix, LLC; program=Minor NSR; fuel=diesel; operating-limit text=p. 6: EG-1 through EG-8) shall not operate more than 150 hours per year, calculated monthly as; source_file=raw/deq_va/74147_DC_Permit.pdf; unverified_fields=regional_office;permit_url;generator_count;generator_capacity_mw. Permit conditions do not establish actual emissions.","This documents permitted capacity, not actual emissions. It is project-specific but does not transfer automatically to another site.",False
deq-permit-74150-2026-07-29,air,permitted,project,government,Virginia DEQ issued data center air permits,,registration 74150; issued 2026-07-29,,,permit conditions; not measured emissions,,2026.0,Loudoun County,,2026.0,pre_gs5,,,,permitted,,"Site=Amazon Data Services, Inc; program=Minor NSR; fuel=diesel; operating-limit text=p. 8: per year for maintenance checks and readiness testing and no more than 500 hours per year | p. 8: shall not operate more than 35 hours per year for scheduled maintenance checks and | p. 8: operate more than 500 hours per year for all purposes (as provided in Condition 3); pollutant-limit text=p. 10: Nitrogen Oxides (NO as NO ) 38.9 lb/hr 48.06 lb/hr | p. 10: Carbon Monoxide (CO) 4.1 lb/hr 6.09 lb/hr | p. 10: 1.1 lb/hr 1.21 lb/hr; source_file=raw/deq_va/741503_DC_Permit.pdf; unverified_fields=permit_url;generator_count;generator_capacity_mw. Permit conditions do not establish actual emissions.","This documents permitted capacity, not actual emissions. It is project-specific but does not transfer automatically to another site.",False
deq-permit-74152-2024-01-30,air,permitted,project,government,Virginia DEQ issued data center air permits,,registration 74152; issued 2024-01-30,,,permit conditions; not measured emissions,,2024.0,Loudoun County,,2024.0,pre_gs5,,,,permitted,,program=Minor NSR; fuel=diesel; operating-limit text=p. 10: a. No single unit shall operate more than 500 hours per year | p. 10: b. No single unit shall operate more than 100 hours per year for scheduled maintenance | p. 10: 20 hours per year for scheduled maintenance checks and readiness testing (Scheduled; source_file=raw/deq_va/74152_DC_Permit.pdf; unverified_fields=site_name;permit_url;generator_count;generator_capacity_mw. Permit conditions do not establish actual emissions.,"This documents permitted capacity, not actual emissions. It is project-specific but does not transfer automatically to another site.",False
deq-permit-74153-2024-06-21,air,permitted,project,government,Virginia DEQ issued data center air permits,,registration 74153; issued 2024-06-21,,,permit conditions; not measured emissions,,2024.0,Loudoun County,,2024.0,pre_gs5,,,,permitted,,"Site=Amazon Data Services, Inc; program=Minor NSR; fuel=diesel; operating-limit text=p. 8: 15, 16, 20 through 22, 24 through 39, and T1) shall not operate more than 100 hours per year | p. 8: more than 500 hours per year for all purposes (as provided in Condition 6) combined | p. 8: through 56, T2, and T3) shall not operate more than 500 hours per year for all purposes (as; source_file=raw/deq_va/74153_DC_Permit.pdf; unverified_fields=permit_url;generator_count;generator_capacity_mw. Permit conditions do not establish actual emissions.","This documents permitted capacity, not actual emissions. It is project-specific but does not transfer automatically to another site.",False
deq-permit-74154-2026-03-02,air,permitted,project,government,Virginia DEQ issued data center air permits,,registration 74154; issued 2026-03-02,,,permit conditions; not measured emissions,,2026.0,Fairfax County,,2026.0,pre_gs5,,,,permitted,,Site=Aerospace Data Facility – East; program=Minor NSR; fuel=diesel; operating-limit text=p. 11: through EG-22 and EG-70 through EG-73) shall not operate more than 500 hours per year | p. 11: through EG-80) shall not operate more than 500 hours per year for all purposes (as | p. 11: 200 hours per year without the SCR operating; pollutant-limit text=p. 13: Nitrogen Oxides (NO as NO ) 57.43 lb/hr 6.55 lb/hr | p. 13: Carbon Monoxide (CO) 0.97 lb/hr | p. 13: Volatile Organic Compounds (VOC) 0.42 lb/hr; source_file=raw/deq_va/741545_DC_Permit.pdf; unverified_fields=permit_url;generator_count;generator_capacity_mw. Permit conditions do not establish actual emissions.,"This documents permitted capacity, not actual emissions. It is project-specific but does not transfer automatically to another site.",False
deq-permit-74155-2025-02-12,air,permitted,project,government,Virginia DEQ issued data center air permits,,registration 74155; issued 2025-02-12,,,permit conditions; not measured emissions,,2025.0,Loudoun County,,2025.0,pre_gs5,,,,permitted,,"Site=Iskandar Ventures LLC (LC1A); program=Minor NSR; fuel=diesel; operating-limit text=p. 11: 9 hours per year for scheduled maintenance checks and readiness testing (Scheduled MCRT) | p. 11: 121, 123 through 128, and 137 through 142) shall not operate more than 500 hours per year | p. 11: and FP-3) shall not operate more than 40 hours per year for all purposes (as provided in; pollutant-limit text=p. 13: Nitrogen Oxides (as NO ) 58.51 lb/hr | p. 13: Carbon Monoxide (CO) 14.31 lb/hr | p. 13: Volatile Organic Compounds (VOC) 2.31 lb/hr; source_file=raw/deq_va/74155_DC_Permit.pdf; unverified_fields=permit_url;address;generator_count;generator_capacity_mw. Permit conditions do not establish actual emissions.","This documents permitted capacity, not actual emissions. It is project-specific but does not transfer automatically to another site.",False
deq-permit-74156-2018-09-10,air,permitted,project,government,Virginia DEQ issued data center air permits,,registration 74156; issued 2018-09-10,,,permit conditions; not measured emissions,,2018.0,Loudoun County,,2018.0,pre_gs5,,,,permitted,,"program=Minor NSR; fuel=diesel; operating-limit text=p. 7: 2-m) shall not operate more than 135 hours per year for all purposes (as provided in | p. 7: combined, shall not operate more than 672 hours per year for maintenance checks and; source_file=raw/deq_va/74156_DC_Permit.pdf; unverified_fields=site_name;permit_url;generator_count;generator_capacity_mw. Permit conditions do not establish actual emissions.","This documents permitted capacity, not actual emissions. It is project-specific but does not transfer automatically to another site.",False
deq-permit-74160-2025-11-21,air,permitted,project,government,Virginia DEQ issued data center air permits,,registration 74160; issued 2025-11-21,,,permit conditions; not measured emissions,,2025.0,Loudoun County,,2025.0,pre_gs5,,,,permitted,,"Site=Compass Datacenters, LLC; program=Minor NSR; fuel=diesel; operating-limit text=p. 8: hours per year for all purposes (as provided in Condition 3) combined. These annual | p. 8: IADI-II-12-Gen-3E) shall not operate more than 20 hours per year for scheduled; pollutant-limit text=p. 11: 38.00 lb/hr 6.60 lb/hr 94.05 tpy | p. 11: Carbon Monoxide (CO) 5.09 lb/hr 6.49 lb/hr 94.05 tpy | p. 11: Particulate Matter (PM) 0.95 lb/hr 1.03 lb/hr 6.84 tpy; source_file=raw/deq_va/741603_DC_Permit.pdf; unverified_fields=permit_url;address;generator_count;generator_capacity_mw. Permit conditions do not establish actual emissions.","This documents permitted capacity, not actual emissions. It is project-specific but does not transfer automatically to another site.",False
deq-permit-74161-2026-03-26,air,permitted,project,government,Virginia DEQ issued data center air permits,,registration 74161; issued 2026-03-26,,,permit conditions; not measured emissions,,2026.0,Prince William County,,2026.0,pre_gs5,,,,permitted,,"Site=QTS Investment Properties Manassas, LLC; program=Minor NSR; fuel=diesel; operating-limit text=p. 9: combined shall not operate more than 500 hours per year for scheduled maintenance | p. 9: shall operate no more than 30 hours per year for scheduled maintenance checks and | p. 9: hours per year for all purposes (as provided in Condition 7) combined; pollutant-limit text=p. 11: 43.0 lb/hr 48.60 lb/hr 29.20 lb/hr 24.09 lb/hr | p. 11: 6.6 lb/hr 11.84 lb/hr 5.00 lb/hr 2.10 lb/hr | p. 11: 1.32 lb/hr 2.27 lb/hr 1.37 lb/hr 0.40 lb/hr; source_file=raw/deq_va/741615_DC_Permit.pdf; unverified_fields=permit_url;generator_count;generator_capacity_mw. Permit conditions do not establish actual emissions.","This documents permitted capacity, not actual emissions. It is project-specific but does not transfer automatically to another site.",False
deq-permit-74162-2022-04-20,air,permitted,project,government,Virginia DEQ issued data center air permits,,registration 74162; issued 2022-04-20,,,permit conditions; not measured emissions,,2022.0,Loudoun County,,2022.0,pre_gs5,,,,permitted,,"Site=Vantage Data Centers, LLC; program=Minor NSR; fuel=diesel; operating-limit text=p. 8: a. No single unit shall operate more than 500 hours per year for all purposes (as provided | p. 8: b. No single unit shall operate more than 29 hours per year for scheduled maintenance; pollutant-limit text=p. 10: Nitrogen Oxides (NO as NO ) 53.48 lb/hr 8.30 lb/hr | p. 10: Carbon Monoxide (CO) 10.34 lb/hr 2.20 lb/hr | p. 10: Volatile Organic Compounds (VOC) 1.25 lb/hr 0.10 lb/hr; source_file=raw/deq_va/74162_DC_Permit.pdf; unverified_fields=permit_url;generator_count;generator_capacity_mw. Permit conditions do not establish actual emissions.","This documents permitted capacity, not actual emissions. It is project-specific but does not transfer automatically to another site.",False
deq-permit-74163-2025-04-30,air,permitted,project,government,Virginia DEQ issued data center air permits,,registration 74163; issued 2025-04-30,,,permit conditions; not measured emissions,,2025.0,Loudoun County,,2025.0,pre_gs5,,,,permitted,,Site=Hayden Technologies LLC; program=Minor NSR; fuel=diesel; operating-limit text=p. 13: hours per year for scheduled maintenance checks and readiness testing (Scheduled | p. 13: hours per year for all purposes (as provided in Condition 12) combined | p. 13: than 100 hours per year for all purposes (as provided in Condition 13) combined; pollutant-limit text=p. 16: Nitrogen Oxides (as NO ) 53.48 lb/hr | p. 16: Carbon Monoxide (CO) 10.34 lb/hr | p. 16: Volatile Organic Compounds (VOC) 1.25 lb/hr; source_file=raw/deq_va/74163_DC_Permit.pdf; unverified_fields=permit_url;generator_count;generator_capacity_mw. Permit conditions do not establish actual emissions.,"This documents permitted capacity, not actual emissions. It is project-specific but does not transfer automatically to another site.",False
deq-permit-74164-2022-10-03,air,permitted,project,government,Virginia DEQ issued data center air permits,,registration 74164; issued 2022-10-03,,,permit conditions; not measured emissions,,2022.0,Loudoun County,,2022.0,pre_gs5,,,,permitted,,"program=Minor NSR; fuel=diesel; operating-limit text=p. 9: i. More than a total of 985 hours per year (combined), calculated monthly as the | p. 9: ii. More than 100 hours per year (combined), for maintenance checks and readiness | p. 9: i. More than a total of 3,150 hours per year (Engine Groups 2 and 2a) (combined); source_file=raw/deq_va/74164_DC_Permit.pdf; unverified_fields=site_name;permit_url;generator_count;generator_capacity_mw. Permit conditions do not establish actual emissions.","This documents permitted capacity, not actual emissions. It is project-specific but does not transfer automatically to another site.",False
deq-permit-74167-2022-08-05,air,permitted,project,government,Virginia DEQ issued data center air permits,,registration 74167; issued 2022-08-05,,,permit conditions; not measured emissions,,2022.0,Prince William County,,2022.0,pre_gs5,,,,permitted,,"program=Minor NSR; fuel=diesel; operating-limit text=p. 8: 35, T1, and T2) shall not operate more than 100 hours per year for Scheduled MCRT | p. 8: and 6.d) and no more than 500 hours per year for all purposes (as provided in Condition 6) | p. 8: operate more than 33 hours per year for Scheduled MCRT (as provided in Condition 6.c); pollutant-limit text=p. 10: 48.06 lb/hr 38.85 lb/hr 9.58 lb/hr 30.75 lb/hr | p. 10: 6.09 lb/hr 3.95 lb/hr 1.59 lb/hr 5.78 lb/hr | p. 10: 1.21 lb/hr 1.14 lb/hr 0.33 lb/hr 0.87 lb/hr; source_file=raw/deq_va/74167_DC_Permit.pdf; unverified_fields=site_name;permit_url;address;generator_count;generator_capacity_mw. Permit conditions do not establish actual emissions.","This documents permitted capacity, not actual emissions. It is project-specific but does not transfer automatically to another site.",False
deq-permit-74169-2022-07-18,air,permitted,project,government,Virginia DEQ issued data center air permits,,registration 74169; issued 2022-07-18,,,permit conditions; not measured emissions,,2022.0,Loudoun County,,2022.0,pre_gs5,,,,permitted,,"Site=Aligned Energy, LLC; program=Minor NSR; fuel=diesel; operating-limit text=p. 9: shall not operate more than 20 hours per year for scheduled maintenance checks and | p. 9: shall not operate more than 500 hours per year for all purposes (as provided in Condition | p. 9: shall not operate more than a total of 80 hours per year all purposes (as provided in; pollutant-limit text=p. 11: 35.72 lb/hr 42.61 lb/hr 58.11 lb/hr 58.51 lb/hr | p. 11: Monoxide 4.80 lb/hr 6.09 lb/hr 11.62 lb/hr 7.64 lb/hr | p. 12: 1.17 lb/hr 1.21 lb/hr 0.58 lb/hr 0.85 lb/hr; source_file=raw/deq_va/74169_DC_Permit.pdf; unverified_fields=permit_url;generator_count;generator_capacity_mw. Permit conditions do not establish actual emissions.","This documents permitted capacity, not actual emissions. It is project-specific but does not transfer automatically to another site.",False
deq-permit-74170-2025-08-08,air,permitted,project,government,Virginia DEQ issued data center air permits,,registration 74170; issued 2025-08-08,,,permit conditions; not measured emissions,,2025.0,Loudoun County,,2025.0,pre_gs5,,,,permitted,,"Site=Amazon Data Services, Inc; program=Minor NSR; fuel=diesel; operating-limit text=p. 10: shall not operate more than 100 hours per year for maintenance checks and readiness | p. 10: testing and no more than 500 hours per year for all purposes (as provided in | p. 10: hours per year for scheduled maintenance checks and readiness testing and no more; pollutant-limit text=p. 12: 48.06 lb/hr 14.34 lb/hr 38.85 lb/hr | p. 12: 6.09 lb/hr 4.73 lb/hr 3.95 lb/hr | p. 12: 1.21 lb/hr 1.91 lb/hr 1.14 lb/hr; source_file=raw/deq_va/74170_DC_Permit.pdf; unverified_fields=permit_url;generator_count;generator_capacity_mw. Permit conditions do not establish actual emissions.","This documents permitted capacity, not actual emissions. It is project-specific but does not transfer automatically to another site.",False
deq-permit-74171-2026-03-30,air,permitted,project,government,Virginia DEQ issued data center air permits,,registration 74171; issued 2026-03-30,,,permit conditions; not measured emissions,,2026.0,Prince William County,,2026.0,pre_gs5,,,,permitted,,Site=Amazon Data Services; program=Minor NSR; fuel=diesel; operating-limit text=p. 10: 2) shall not operate more than 32 hours per year for scheduled maintenance checks | p. 10: operate more than 35 hours per year for scheduled maintenance checks and readiness | p. 10: and T-2) shall not operate more than 500 hours per year for all purposes (as provided; pollutant-limit text=p. 13: 48.06 lb/hr 11.88 lb/hr 30.75 lb/hr 38.85 lb/hr | p. 13: 0.40 lb/hr 0.47 lb/hr 0.44 lb/hr 0.57 lb/hr | p. 13: 6.09 lb/hr 2.37 lb/hr 5.78 lb/hr 3.92 lb/hr; source_file=raw/deq_va/741714_DC_Permit.pdf; unverified_fields=permit_url;generator_count;generator_capacity_mw. Permit conditions do not establish actual emissions.,"This documents permitted capacity, not actual emissions. It is project-specific but does not transfer automatically to another site.",False
deq-permit-74172-2022-12-06,air,permitted,project,government,Virginia DEQ issued data center air permits,,registration 74172; issued 2022-12-06,,,permit conditions; not measured emissions,,2022.0,Fauquier County,,2022.0,pre_gs5,,,59.64,permitted,,"Site=Remington Technology Park Limited Partnership; program=Minor NSR; operating-limit text=p. 8: not operate more than 2,000 hours per year each, calculated monthly as the sum of each | p. 9: gas engine-generator sets (Ref. Nos. Gen 1 – Gen 24) operating for 2,000 hours per year; pollutant-limit text=p. 9: Nitrogen Oxides (as NO ) 7.60 lb/hr 0.76 lbs/hr | p. 9: Carbon Monoxide (CO) 11.71 lb/hr 0.84 lbs/hr | p. 9: Volatile Organic Compounds* (VOC) 3.50 lb/hr 1.27 lbs/hr; source_file=raw/deq_va/74172_DC_Permit.pdf; unverified_fields=permit_url. Permit conditions do not establish actual emissions.","This documents permitted capacity, not actual emissions. It is project-specific but does not transfer automatically to another site.",False
deq-permit-74173-2025-11-06,air,permitted,project,government,Virginia DEQ issued data center air permits,,registration 74173; issued 2025-11-06,,,permit conditions; not measured emissions,,2025.0,Loudoun County,,2025.0,pre_gs5,,,,permitted,,"program=Minor NSR; fuel=diesel; operating-limit text=p. 12: more than 500 hours per year for all purposes (as provided in Condition 10), calculated | p. 12: than 18 hours per year for scheduled maintenance checks and readiness testing | p. 12: c. No single unit (Engine Group 5) shall operate more than 22 hours per year for; source_file=raw/deq_va/741736_DC_Permit.pdf; unverified_fields=site_name;permit_url;address;generator_count;generator_capacity_mw. Permit conditions do not establish actual emissions.","This documents permitted capacity, not actual emissions. It is project-specific but does not transfer automatically to another site.",False
deq-permit-74174-2019-06-12,air,permitted,project,government,Virginia DEQ issued data center air permits,,registration 74174; issued 2019-06-12,,,permit conditions; not measured emissions,,2019.0,Loudoun County,,2019.0,pre_gs5,,,,permitted,,"Site=Vadata, Inc; program=Minor NSR; fuel=diesel; operating-limit text=p. 8: than 100 hours per year for planned non-emergency operation and no more than 500 hours; source_file=raw/deq_va/74174_DC_Permit.pdf; unverified_fields=permit_url;generator_count;generator_capacity_mw. Permit conditions do not establish actual emissions.","This documents permitted capacity, not actual emissions. It is project-specific but does not transfer automatically to another site.",False
deq-permit-74181-2020-03-19,air,permitted,project,government,Virginia DEQ issued data center air permits,,registration 74181; issued 2020-03-19,,,permit conditions; not measured emissions,,2020.0,Loudoun County,,2020.0,pre_gs5,,,,permitted,,program=Minor NSR; fuel=diesel; operating-limit text=p. 8: 44) shall not operate more than 26 hours per year for scheduled maintenaii ce; source_file=raw/deq_va/74181_DC_Permit.pdf; unverified_fields=site_name;permit_url;generator_count;generator_capacity_mw. Permit conditions do not establish actual emissions.,"This documents permitted capacity, not actual emissions. It is project-specific but does not transfer automatically to another site.",False
deq-permit-74184-2022-08-01,air,permitted,project,government,Virginia DEQ issued data center air permits,,registration 74184; issued 2022-08-01,,,permit conditions; not measured emissions,,2022.0,Loudoun County,,2022.0,pre_gs5,,,,permitted,,"Site=Amazon Data Services, Inc; program=Minor NSR; fuel=diesel; operating-limit text=p. 8: 108) shall not operate more than 32 hours per year for scheduled maintenance checks and | p. 8: shall not operate more than 500 hours per year for all purposes (as provided in Condition 6); pollutant-limit text=p. 10: 48.06 lb/hr 38.85 lb/hr 14.34 lb/hr | p. 10: Carbon Monoxide (CO) 6.01 lb/hr 3.95 lb/hr 4.73 lb/hr | p. 10: 1.20 lb/hr 1.13 lb/hr 1.91 lb/hr; source_file=raw/deq_va/74184_DC_Permit.pdf; unverified_fields=permit_url;generator_count;generator_capacity_mw. Permit conditions do not establish actual emissions.","This documents permitted capacity, not actual emissions. It is project-specific but does not transfer automatically to another site.",False
deq-permit-74189-2025-10-17,air,permitted,project,government,Virginia DEQ issued data center air permits,,registration 74189; issued 2025-10-17,,,permit conditions; not measured emissions,,2025.0,Loudoun County,,2025.0,pre_gs5,,,,permitted,,"Site=Equinix, LLC; program=Minor NSR; fuel=diesel; operating-limit text=p. 9: 22Z) shall operate more than 500 hours per year for all purposes (as provided in | p. 9: b. No single unit (Engine Group DC-21-3250) shall operate more than 36 hours per year | p. 9: operate more than 36 hours per year for scheduled maintenance checks and; source_file=raw/deq_va/741895_DC_Permit.pdf; unverified_fields=permit_url;address;generator_count;generator_capacity_mw. Permit conditions do not establish actual emissions.","This documents permitted capacity, not actual emissions. It is project-specific but does not transfer automatically to another site.",False
deq-permit-74197-2022-02-04,air,permitted,project,government,Virginia DEQ issued data center air permits,,registration 74197; issued 2022-02-04,,,permit conditions; not measured emissions,,2022.0,Loudoun County,,2022.0,pre_gs5,,,,permitted,,"Site=QTS Shellhorn, LLC; program=Minor NSR; fuel=diesel; operating-limit text=p. 8: 65) shall not operate more than 30 hours per year for scheduled maintenance and readiness | p. 8: more than 500 hours per year for all purposes (as provided in Condition 6) combined; pollutant-limit text=p. 10: Nitrogen Oxides (NO as NO ) 44.35 lb/hr | p. 10: Carbon Monoxide (CO) 9.37 lb/hr | p. 10: Volatile Organic Compounds (VOC) 2.20 lb/hr; source_file=raw/deq_va/74197_DC_Permit.pdf; unverified_fields=permit_url;generator_count;generator_capacity_mw. Permit conditions do not establish actual emissions.","This documents permitted capacity, not actual emissions. It is project-specific but does not transfer automatically to another site.",False
deq-permit-74198-2024-07-16,air,permitted,project,government,Virginia DEQ issued data center air permits,,registration 74198; issued 2024-07-16,,,permit conditions; not measured emissions,,2024.0,Fauquier County,,2024.0,pre_gs5,,,,permitted,,"Site=Amazon Data Services, Inc; program=Minor NSR; fuel=diesel; operating-limit text=p. 10: operate more than 500 hours per year, calculated monthly as the sum of each | p. 10: and EG-POD 18) shall not operate more than 51 hours per year for scheduled | p. 10: no more than 500 hours per year for all purposes (as provided in Condition 7); pollutant-limit text=p. 12: (lb/hr) (lb/hr) (lb/hr) | p. 12: (lb/hr) | p. 13: (lb/hr) (lb/hr) (lb/hr); source_file=raw/deq_va/74198_DC_Permit.pdf; unverified_fields=permit_url;generator_count;generator_capacity_mw. Permit conditions do not establish actual emissions.","This documents permitted capacity, not actual emissions. It is project-specific but does not transfer automatically to another site.",False
deq-permit-74201-2023-02-08,air,permitted,project,government,Virginia DEQ issued data center air permits,,registration 74201; issued 2023-02-08,,,permit conditions; not measured emissions,,2023.0,Fauquier County,,2023.0,pre_gs5,,,39.5,permitted,,"Site=Microsoft Corporation; program=Minor NSR; fuel=diesel; operating-limit text=p. 10: combined shall not operate more than 240 hours per year when emissions are | p. 10: combined shall not operate more than 760 hours per year when emissions are controlled | p. 10: 380 hours per year when emissions are uncontrolled, calculated monthly as the sum of; pollutant-limit text=p. 12: with SCR (lb/hr) (lb/hr) (lb/hr) (lb/hr) | p. 12: (lb/hr); source_file=raw/deq_va/74201_DC_Permit.pdf; unverified_fields=permit_url. Permit conditions do not establish actual emissions.","This documents permitted capacity, not actual emissions. It is project-specific but does not transfer automatically to another site.",False
deq-permit-74205-2026-06-16,air,permitted,project,government,Virginia DEQ issued data center air permits,,registration 74205; issued 2026-06-16,,,permit conditions; not measured emissions,,2026.0,Loudoun County,,2026.0,pre_gs5,,,,permitted,,"Site=Amazon Data Services, Inc; program=Minor NSR; fuel=diesel; operating-limit text=p. 8: 54) shall not operate more than 32 hours per year for scheduled maintenance checks and | p. 8: not operate more than 500 hours per year for all purposes (as provided in Condition 6); pollutant-limit text=p. 10: 48.06 lb/hr 38.85 lb/hr 9.58 lb/hr 30.75 lb/hr | p. 10: 6.09 lb/hr 3.95 lb/hr 1.59 lb/hr 5.78 lb/hr | p. 10: 1.21 lb/hr 1.14 lb/hr 0.32 lb/hr 0.87 lb/hr; source_file=raw/deq_va/742054_DC_Permit.pdf; unverified_fields=permit_url;generator_count;generator_capacity_mw. Permit conditions do not establish actual emissions.","This documents permitted capacity, not actual emissions. It is project-specific but does not transfer automatically to another site.",False
deq-permit-74207-2024-07-16,air,permitted,project,government,Virginia DEQ issued data center air permits,,registration 74207; issued 2024-07-16,,,permit conditions; not measured emissions,,2024.0,Fairfax County,,2024.0,pre_gs5,,,,permitted,,"Site=Amazon Data Services, Inc; program=Minor NSR; fuel=diesel; operating-limit text=p. 9: EG-245) shall operate more than 500 hours per year or a combined 1,950 hours per year | p. 9: shall not operate more than 26 hours per year for scheduled MCRT (as provided in | p. 9: shall not operate more than 35 hours per year for scheduled MCRT (as provided in; pollutant-limit text=p. 11: Nitrogen Oxides (as NO ) 38.85 lb/hr 48.07 lb/hr 38.85 lb/hr | p. 11: Carbon Monoxide (CO) 2.33 lb/hr 4.03 lb/hr 3.95 lb/hr | p. 11: 0.85 lb/hr 0.96 lb/hr 1.13 lb/hr; source_file=raw/deq_va/74207_DC_Permit.pdf; unverified_fields=permit_url;generator_count;generator_capacity_mw. Permit conditions do not establish actual emissions.","This documents permitted capacity, not actual emissions. It is project-specific but does not transfer automatically to another site.",False
deq-permit-74212-2025-10-10,air,permitted,project,government,Virginia DEQ issued data center air permits,,registration 74212; issued 2025-10-10,,,permit conditions; not measured emissions,,2025.0,Loudoun County,,2025.0,pre_gs5,,,,permitted,,"Site=Digital Realty/Digital Western Lands, LLC; program=Minor NSR; fuel=diesel; operating-limit text=p. 11: PBB750-1 through PBB750-6) shall not operate more than 500 hours per year for all; source_file=raw/deq_va/742123_DC_Permit.pdf; unverified_fields=permit_url;address;generator_count;generator_capacity_mw. Permit conditions do not establish actual emissions.","This documents permitted capacity, not actual emissions. It is project-specific but does not transfer automatically to another site.",False
deq-permit-74214-2024-07-09,air,permitted,project,government,Virginia DEQ issued data center air permits,,registration 74214; issued 2024-07-09,,,permit conditions; not measured emissions,,2024.0,Loudoun County,,2024.0,pre_gs5,,,,permitted,,"Site=Amazon Data Services, Inc; program=Minor NSR; fuel=diesel; operating-limit text=p. 10: 53, 150 through 153, S1, and S2) shall not operate more than 32 hours per year for | p. 10: S1, S2, T1, and T2) shall not operate more than 500 hours per year for all purposes (as; pollutant-limit text=p. 12: x 48.06 lb/hr 30.75 lb/hr 9.51 lb/hr 38.85 lb/hr 19.40 lb/hr | p. 12: 6.01 lb/hr 5.78 lb/hr 1.59 lb/hr 3.95 lb/hr 2.79 lb/hr | p. 12: 1.20 lb/hr 0.87 lb/hr 0.33 lb/hr 1.13 lb/hr 0.34 lb/hr; source_file=raw/deq_va/74214_DC_Permit.pdf; unverified_fields=permit_url;generator_count;generator_capacity_mw. Permit conditions do not establish actual emissions.","This documents permitted capacity, not actual emissions. It is project-specific but does not transfer automatically to another site.",False
deq-permit-74216-2024-02-27,air,permitted,project,government,Virginia DEQ issued data center air permits,,registration 74216; issued 2024-02-27,,,permit conditions; not measured emissions,,2024.0,Prince William County,,2024.0,pre_gs5,,,,permitted,,Site=Nova Mango Farms LLC; program=Minor NSR; fuel=diesel; operating-limit text=p. 8: hours per year for scheduled maintenance checks and readiness testing (Scheduled MCRT) | p. 8: more than 500 hours per year for all purposes (as provided in Condition 6) combined | p. 9: not operate more than 28 hours per year for scheduled maintenance checks and readiness; pollutant-limit text=p. 11: Oxides (NO 52.91 lb/hr 34.19 lb/hr 5.92 lb/hr 2.89 lb/hr 53.36 lb/hr 33.81 lb/hr | p. 11: Monoxide 10.22 lb/hr 5.88 lb/hr 5.18 lb/hr 2.53 lb/hr 12.09 lb/hr 5.52 lb/hr | p. 11: 0.89 lb/hr 0.89 lb/hr 1.92 lb/hr 0.94 lb/hr 2.35 lb/hr 1.39 lb/hr; source_file=raw/deq_va/74216_DC_Permit.pdf; unverified_fields=permit_url;generator_count;generator_capacity_mw. Permit conditions do not establish actual emissions.,"This documents permitted capacity, not actual emissions. It is project-specific but does not transfer automatically to another site.",False
deq-permit-74220-2025-03-07,air,permitted,project,government,Virginia DEQ issued data center air permits,,registration 74220; issued 2025-03-07,,,permit conditions; not measured emissions,,2025.0,Loudoun County,,2025.0,pre_gs5,,,,permitted,,"Site=Microsoft Corporation; program=Minor NSR; fuel=diesel; operating-limit text=p. 9: 201, EG-401, and EG-501) shall not operate more than 500 hours per year for all purposes | p. 9: more than 500 hours per year for all purposes (as provided in Condition 6) combined; source_file=raw/deq_va/74220_DC_Permit.pdf; unverified_fields=permit_url;generator_count;generator_capacity_mw. Permit conditions do not establish actual emissions.","This documents permitted capacity, not actual emissions. It is project-specific but does not transfer automatically to another site.",False
deq-permit-74221-2025-07-21,air,permitted,project,government,Virginia DEQ issued data center air permits,,registration 74221; issued 2025-07-21,,,permit conditions; not measured emissions,,2025.0,Loudoun County,,2025.0,pre_gs5,,,,permitted,,Site=Microsoft Corporation; program=Minor NSR; fuel=diesel; operating-limit text=p. 9: through EG-59) shall not operate more than 36 hours per year for scheduled maintenance | p. 9: not operate more than 500 hours per year for all purposes (as provided in Condition 6) | p. 9: hours per year for all purposes; source_file=raw/deq_va/74221_DC_Permit.pdf; unverified_fields=permit_url;generator_count;generator_capacity_mw. Permit conditions do not establish actual emissions.,"This documents permitted capacity, not actual emissions. It is project-specific but does not transfer automatically to another site.",False
deq-permit-74224-2023-10-16,air,permitted,project,government,Virginia DEQ issued data center air permits,,registration 74224; issued 2023-10-16,,,permit conditions; not measured emissions,,2023.0,Prince William County,,2023.0,pre_gs5,,,,permitted,,"Site=SI NVA02D, LLC; program=Minor NSR; fuel=diesel; operating-limit text=p. 7: through EG-44) shall not operate more than 500 hours per year for all purposes (as | p. 8: more than 3,390 hours per year for all purposes (as provided in Condition 6) combined | p. 8: not operate more than 18 hours per year for scheduled maintenance checks and readiness; source_file=raw/deq_va/74224_DC_Permit.pdf; unverified_fields=permit_url;address;generator_count;generator_capacity_mw. Permit conditions do not establish actual emissions.","This documents permitted capacity, not actual emissions. It is project-specific but does not transfer automatically to another site.",False
deq-permit-74227-2024-06-21,air,permitted,project,government,Virginia DEQ issued data center air permits,,registration 74227; issued 2024-06-21,,,permit conditions; not measured emissions,,2024.0,Loudoun County,,2024.0,pre_gs5,,,,permitted,,"Site=Amazon Data Services, Inc; program=Minor NSR; fuel=diesel; operating-limit text=p. 8: 52, 79, 81, T1, and T2) shall not operate more than 29 hours per year for scheduled | p. 8: operate more than 35 hours per year for scheduled maintenance checks and readiness | p. 8: not operate more than 500 hours per year for all purposes (as provided in Condition 4); source_file=raw/deq_va/74227_DC_Permit.pdf; unverified_fields=permit_url;address;generator_count;generator_capacity_mw. Permit conditions do not establish actual emissions.","This documents permitted capacity, not actual emissions. It is project-specific but does not transfer automatically to another site.",False
deq-permit-74232-2024-08-05,air,permitted,project,government,Virginia DEQ issued data center air permits,,registration 74232; issued 2024-08-05,,,permit conditions; not measured emissions,,2024.0,Loudoun County,,2024.0,pre_gs5,,,,permitted,,"Site=QTS Investment Properties Ashburn II, LLC; program=Minor NSR; fuel=diesel; operating-limit text=p. 8: 62) shall not operate more than 30 hours per year for scheduled maintenance checks and | p. 8: more than 500 hours per year for all purposes (as provided in Condition 6) combined; pollutant-limit text=p. 9: Nitrogen Oxides (NO as NO ) 44.35 lb/hr 30.74 lb/hr 30.74 lb/hr | p. 9: Carbon Monoxide (CO) 9.37 lb/hr 4.31 lb/hr 4.31 lb/hr | p. 9: Volatile Organic Compounds (VOC) 2.20 lb/hr 1.35 lb/hr 1.35 lb/hr; source_file=raw/deq_va/74232_DC_Permit.pdf; unverified_fields=permit_url;generator_count;generator_capacity_mw. Permit conditions do not establish actual emissions.","This documents permitted capacity, not actual emissions. It is project-specific but does not transfer automatically to another site.",False
deq-permit-74234-2025-10-31,air,permitted,project,government,Virginia DEQ issued data center air permits,,registration 74234; issued 2025-10-31,,,permit conditions; not measured emissions,,2025.0,Loudoun County,,2025.0,pre_gs5,,,,permitted,,program=Minor NSR; fuel=diesel; operating-limit text=p. 10: operate more than 120 hours per year for all purposes combined; pollutant-limit text=p. 12: 4.85 lb/hr* 74.68 lb/hr 4.85 lb/hr* 74.68 lb/hr | p. 12: 20.44 lb/hr 2.04 lb/hr** 20.44 lb/hr | p. 12: 1.82 lb/hr 0.18 lb/hr** 1.82 lb/hr; source_file=raw/deq_va/742342_DC_Permit.pdf; unverified_fields=site_name;permit_url;generator_count;generator_capacity_mw. Permit conditions do not establish actual emissions.,"This documents permitted capacity, not actual emissions. It is project-specific but does not transfer automatically to another site.",False
deq-permit-74235-2025-07-23,air,permitted,project,government,Virginia DEQ issued data center air permits,,registration 74235; issued 2025-07-23,,,permit conditions; not measured emissions,,2025.0,Loudoun County,,2025.0,pre_gs5,,,,permitted,,Site=Cologix; program=Minor NSR; fuel=diesel; operating-limit text=p. 8: 75) shall not operate more than 13 hours per year for scheduled maintenance checks and | p. 8: more than 500 hours per year for all purposes (as provided in Condition 6) combined; pollutant-limit text=p. 9: Nitrogen Oxides (NO as NO ) 44.35 lb/hr | p. 9: Volatile Organic Compounds (VOC) 2.20 lb/hr | p. 9: Particulate Matter (PM ) 0.92 lb/hr; source_file=raw/deq_va/74235_DC_Permit.pdf; unverified_fields=permit_url;generator_count;generator_capacity_mw. Permit conditions do not establish actual emissions.,"This documents permitted capacity, not actual emissions. It is project-specific but does not transfer automatically to another site.",False
deq-permit-74236-2024-08-05,air,permitted,project,government,Virginia DEQ issued data center air permits,,registration 74236; issued 2024-08-05,,,permit conditions; not measured emissions,,2024.0,Prince William County,,2024.0,pre_gs5,,,62.97,permitted,,Site=Gainesville (MNZ03) Data Center; program=Minor NSR; fuel=diesel; operating-limit text=p. 7: EG-21) shall not operate more than 21 hours per year for scheduled maintenance checks | p. 7: operate more than 500 hours per year for all purposes (as provided in Condition 6); pollutant-limit text=p. 9: x 14.74 lb/hr 57.89 lb/hr 0.93 lb/hr | p. 9: Carbon Monoxide (CO) 1.55 lb/hr 7.46 lb/hr 0.57 lb/hr | p. 9: 0.24 lb/hr 0.85 lb/hr 0.06 lb/hr; source_file=raw/deq_va/74236_DC_Permit.pdf; unverified_fields=permit_url. Permit conditions do not establish actual emissions.,"This documents permitted capacity, not actual emissions. It is project-specific but does not transfer automatically to another site.",False
deq-permit-74237-2024-01-17,air,permitted,project,government,Virginia DEQ issued data center air permits,,registration 74237; issued 2024-01-17,,,permit conditions; not measured emissions,,2024.0,Prince William County,,2024.0,pre_gs5,,,,permitted,,Site=Microsoft; program=Minor NSR; fuel=diesel; operating-limit text=p. 7: through EG-21) shall not operate more than 21 hours per year for scheduled maintenance | p. 7: not operate more than 500 hours per year for all purposes (as provided in Condition 6); source_file=raw/deq_va/74237_DC_Permit.pdf; unverified_fields=permit_url;generator_count;generator_capacity_mw. Permit conditions do not establish actual emissions.,"This documents permitted capacity, not actual emissions. It is project-specific but does not transfer automatically to another site.",False
deq-permit-74239-2026-07-29,air,permitted,project,government,Virginia DEQ issued data center air permits,,registration 74239; issued 2026-07-29,,,permit conditions; not measured emissions,,2026.0,Fairfax County,,2026.0,pre_gs5,,,,permitted,,"Site=Amazon Data Services, Inc; program=Minor NSR; fuel=diesel; operating-limit text=p. 8: 67, T1, and T2) shall not operate more than 32 hours per year for scheduled maintenance | p. 8: 35 hours per year for scheduled maintenance checks and readiness testing (Scheduled | p. 8: not operate more than 500 hours per year for all purposes (as provided in Condition 3); source_file=raw/deq_va/742392_DC_Permit.pdf; unverified_fields=permit_url;generator_count;generator_capacity_mw. Permit conditions do not establish actual emissions.","This documents permitted capacity, not actual emissions. It is project-specific but does not transfer automatically to another site.",False
deq-permit-74240-2024-03-08,air,permitted,project,government,Virginia DEQ issued data center air permits,,registration 74240; issued 2024-03-08,,,permit conditions; not measured emissions,,2024.0,Prince William County,,2024.0,pre_gs5,,,,permitted,,"Site=Amazon Data Services, Inc; program=Minor NSR; fuel=diesel; operating-limit text=p. 9: 108, T1, and T2) shall not operate more than 32 hours per year for scheduled maintenance | p. 9: shall not operate more than 500 hours per year for all purposes (as provided in Condition 7); source_file=raw/deq_va/74240_DC_Permit.pdf; unverified_fields=permit_url;generator_count;generator_capacity_mw. Permit conditions do not establish actual emissions.","This documents permitted capacity, not actual emissions. It is project-specific but does not transfer automatically to another site.",False
deq-permit-74241-2026-07-29,air,permitted,project,government,Virginia DEQ issued data center air permits,,registration 74241; issued 2026-07-29,,,permit conditions; not measured emissions,,2026.0,Prince William County,,2026.0,pre_gs5,,,,permitted,,Site=GCDC Purchaser Phase 1 LLC (Building 1); program=Minor NSR; fuel=diesel; operating-limit text=p. 8: operate more than 17 hours per year for scheduled maintenance checks and readiness | p. 8: operate more than 500 hours per year for all purposes (as provided in Condition 6) | p. 25: operate more than 17 hours per year for scheduled maintenance checks and readiness; pollutant-limit text=p. 10: X 43.46 lb/hr 22.14 tpy | p. 10: Carbon Monoxide (CO) 6.95 lb/hr 10.93 tpy | p. 10: 2.58 lb/hr 11.08 tpy; source_file=raw/deq_va/742414_DC_Permit.pdf; unverified_fields=regional_office;permit_url;generator_count;generator_capacity_mw. Permit conditions do not establish actual emissions.,"This documents permitted capacity, not actual emissions. It is project-specific but does not transfer automatically to another site.",False
deq-permit-74242-2023-09-15,air,permitted,project,government,Virginia DEQ issued data center air permits,,registration 74242; issued 2023-09-15,,,permit conditions; not measured emissions,,2023.0,Loudoun County,,2023.0,pre_gs5,,,,permitted,,"Site=Vantage Data Centers VA2, LLC; program=Minor NSR; fuel=diesel; operating-limit text=p. 11: shall not operate more than 29 hours per year for scheduled maintenance checks and | p. 11: not operate more than 500 hours per year for all purposes (as provided in Condition 5); pollutant-limit text=p. 13: Nitrogen Oxides (NO as NO ) 53.48 lb/hr | p. 13: Carbon Monoxide (CO) 10.34 lb/hr | p. 13: Volatile Organic Compounds (VOC) 0.89 lb/hr; source_file=raw/deq_va/74242_DC_Permit.pdf; unverified_fields=permit_url;generator_count;generator_capacity_mw. Permit conditions do not establish actual emissions.","This documents permitted capacity, not actual emissions. It is project-specific but does not transfer automatically to another site.",False
deq-permit-74244-2024-08-27,air,permitted,project,government,Virginia DEQ issued data center air permits,,registration 74244; issued 2024-08-27,,,permit conditions; not measured emissions,,2024.0,Loudoun County,,2024.0,pre_gs5,,,,permitted,,"Site=Amazon Data Services, Inc; program=Minor NSR; fuel=diesel; operating-limit text=p. 8: 16, 18, 37, T1, and T2) shall not operate more than 32 hours per year for scheduled | p. 8: through 36, and 38) shall not operate more than 35 hours per year for scheduled | p. 8: shall not operate more than 500 hours per year for all purposes (as provided in; source_file=raw/deq_va/74244_DC_Permit.pdf; unverified_fields=permit_url;generator_count;generator_capacity_mw. Permit conditions do not establish actual emissions.","This documents permitted capacity, not actual emissions. It is project-specific but does not transfer automatically to another site.",False
deq-permit-74246-2025-02-24,air,permitted,project,government,Virginia DEQ issued data center air permits,,registration 74246; issued 2025-02-24,,,permit conditions; not measured emissions,,2025.0,Prince William County,,2025.0,pre_gs5,,,,permitted,,"Site=SI NVA05A, LLC; program=Minor NSR; fuel=diesel; operating-limit text=p. 8: 21) shall not operate more than 500 hours per year for all purposes (as provided in | p. 8: operate more than 1,701 hours per year combined for all purposes (as provided in | p. 8: 82 hours per year for all purposes (as provided in Condition 4) combined; source_file=raw/deq_va/74246_DC_Permit.pdf; unverified_fields=permit_url;generator_count;generator_capacity_mw. Permit conditions do not establish actual emissions.","This documents permitted capacity, not actual emissions. It is project-specific but does not transfer automatically to another site.",False
deq-permit-74247-2023-01-06,air,permitted,project,government,Virginia DEQ issued data center air permits,,registration 74247; issued 2023-01-06,,,permit conditions; not measured emissions,,2023.0,Loudoun County,,2023.0,pre_gs5,,,146.0,permitted,,"Site=Aligned Data Centers (Relo) Propco, LLC; program=Minor NSR; fuel=diesel; operating-limit text=p. 7: not operate more than 32 hours per year for scheduled maintenance checks and readiness | p. 7: 500 hours per year for all purposes (as provided in Condition 3) combined; source_file=raw/deq_va/74247_DC_Permit.pdf; unverified_fields=permit_url;address. Permit conditions do not establish actual emissions.","This documents permitted capacity, not actual emissions. It is project-specific but does not transfer automatically to another site.",False
deq-permit-74250-2025-06-24,air,permitted,project,government,Virginia DEQ issued data center air permits,,registration 74250; issued 2025-06-24,,,permit conditions; not measured emissions,,2025.0,Loudoun County,,2025.0,pre_gs5,,,,permitted,,"Site=Amazon Data Services, Inc; program=Minor NSR; fuel=diesel; operating-limit text=p. 9: shall not operate more than 32 hours per year for Scheduled MCRT, as provided in | p. 9: not operate more than 35 hours per year for Scheduled MCRT, as provided in | p. 10: 138, T1, and T2) shall not operate more than 500 hours per year for all purposes (as; source_file=raw/deq_va/74250_DC_Permit.pdf; unverified_fields=permit_url;generator_count;generator_capacity_mw. Permit conditions do not establish actual emissions.","This documents permitted capacity, not actual emissions. It is project-specific but does not transfer automatically to another site.",False
deq-permit-74252-2026-04-06,air,permitted,project,government,Virginia DEQ issued data center air permits,,registration 74252; issued 2026-04-06,,,permit conditions; not measured emissions,,2026.0,Loudoun County,,2026.0,pre_gs5,,,,permitted,,"Site=Amazon Data Services, Inc; program=Minor NSR; fuel=diesel; operating-limit text=p. 8: 8, 10, 12, 14, 16, 18, 20, 22, 23, T1, and T2) shall not operate more than 32 hours per year | p. 8: and 21) shall not operate more than 35 hours per year for scheduled maintenance checks | p. 8: not operate more than 500 hours per year for all purposes (as provided in Condition 3); source_file=raw/deq_va/74252_DC_Permit.pdf; unverified_fields=permit_url;generator_count;generator_capacity_mw. Permit conditions do not establish actual emissions.","This documents permitted capacity, not actual emissions. It is project-specific but does not transfer automatically to another site.",False
deq-permit-74260-2026-04-03,air,permitted,project,government,Virginia DEQ issued data center air permits,,registration 74260; issued 2026-04-03,,,permit conditions; not measured emissions,,2026.0,Prince William County,,2026.0,pre_gs5,,,,permitted,,"Site=NTT Global Data Centers VA10, LLC; program=Minor NSR; fuel=diesel; operating-limit text=p. 10: VA10, VA10-H, VA11, and VA11-H) shall not operate more than 32 hours per year for | p. 10: and VA11-H) shall not operate more than 500 hours per year for all purposes (as provided; source_file=raw/deq_va/742602_DC_Permit.pdf; unverified_fields=permit_url;generator_count;generator_capacity_mw. Permit conditions do not establish actual emissions.","This documents permitted capacity, not actual emissions. It is project-specific but does not transfer automatically to another site.",False
deq-permit-74262-2026-06-24,air,permitted,project,government,Virginia DEQ issued data center air permits,,registration 74262; issued 2026-06-24,,,permit conditions; not measured emissions,,2026.0,Prince William County and City of Manassas,,2026.0,pre_gs5,,,,permitted,,"Site=Digital Realty; program=Minor NSR; fuel=diesel; operating-limit text=p. 12: BYPBB1, BYPBB2, and BYPBB1MW) shall not operate more than 25 hours per year for | p. 12: BYPBB1MW) shall not operate more than 500 hours per year for all purposes (as provided; source_file=raw/deq_va/742624_DC_Permit.pdf; unverified_fields=permit_url;generator_count;generator_capacity_mw. Permit conditions do not establish actual emissions.","This documents permitted capacity, not actual emissions. It is project-specific but does not transfer automatically to another site.",False
deq-permit-74264-2024-09-20,air,permitted,project,government,Virginia DEQ issued data center air permits,,registration 74264; issued 2024-09-20,,,permit conditions; not measured emissions,,2024.0,Loudoun County,,2024.0,pre_gs5,,,,permitted,,Site=Digital Realty; program=Minor NSR; fuel=diesel; operating-limit text=p. 9: operate more than 25 hours per year for scheduled maintenance checks and readiness; source_file=raw/deq_va/74264_DC_Permit.pdf; unverified_fields=permit_url;generator_count;generator_capacity_mw. Permit conditions do not establish actual emissions.,"This documents permitted capacity, not actual emissions. It is project-specific but does not transfer automatically to another site.",False
deq-permit-74265-2024-10-22,air,permitted,project,government,Virginia DEQ issued data center air permits,,registration 74265; issued 2024-10-22,,,permit conditions; not measured emissions,,2024.0,Loudoun County,,2024.0,pre_gs5,,,,permitted,,Site=Yondr JK 2 LLC; program=Minor NSR; fuel=diesel; operating-limit text=p. 9: through EG-121) shall not operate more than 30 hours per year for scheduled maintenance | p. 9: not operate more than 500 hours per year for all purposes (as provided in Condition 5); source_file=raw/deq_va/742653_DC_Permit.pdf; unverified_fields=permit_url;generator_count;generator_capacity_mw. Permit conditions do not establish actual emissions.,"This documents permitted capacity, not actual emissions. It is project-specific but does not transfer automatically to another site.",False
deq-permit-74270-2023-10-25,air,permitted,project,government,Virginia DEQ issued data center air permits,,registration 74270; issued 2023-10-25,,,permit conditions; not measured emissions,,2023.0,Culpeper County,,2023.0,pre_gs5,,,86.6,permitted,,"Site=Amazon Data Services, Inc; program=Minor NSR; fuel=diesel; operating-limit text=p. 7: 35) shall not operate more than 32 hours per year for scheduled maintenance checks and | p. 7: more than 500 hours per year for all purposes (as provided in Condition 3) combined; source_file=raw/deq_va/74270_DC_Permit.pdf; unverified_fields=permit_url. Permit conditions do not establish actual emissions.","This documents permitted capacity, not actual emissions. It is project-specific but does not transfer automatically to another site.",False
deq-permit-74272-2023-10-25,air,permitted,project,government,Virginia DEQ issued data center air permits,,registration 74272; issued 2023-10-25,,,permit conditions; not measured emissions,,2023.0,Fairfax County,,2023.0,pre_gs5,,,74.1,permitted,,"Site=Amazon Data Services, Inc; program=Minor NSR; fuel=diesel; operating-limit text=p. 7: 30) shall not operate more than 32 hours per year for scheduled maintenance checks and | p. 7: more than 500 hours per year for all purposes (as provided in Condition 3) combined; source_file=raw/deq_va/74272_DC_Permit.pdf; unverified_fields=permit_url. Permit conditions do not establish actual emissions.","This documents permitted capacity, not actual emissions. It is project-specific but does not transfer automatically to another site.",False
deq-permit-74273-2023-12-19,air,permitted,project,government,Virginia DEQ issued data center air permits,,registration 74273; issued 2023-12-19,,,permit conditions; not measured emissions,,2023.0,Fairfax County,,2023.0,pre_gs5,,,258.6,permitted,,"Site=Amazon Data Services, Inc; program=Minor NSR; fuel=diesel; operating-limit text=p. 8: 106) shall not operate more than 32 hours per year for scheduled maintenance checks and | p. 8: not operate more than 500 hours per year for all purposes (as provided in Condition 6); pollutant-limit text=p. 10: 48.06 lb/hr 9.58 lb/hr 30.75 lb/hr 38.85 lb/hr | p. 10: 6.09 lb/hr 1.59 lb/hr 5.78 lb/hr 3.95 lb/hr | p. 10: 1.21 lb/hr 0.33 lb/hr 0.87 lb/hr 1.13 lb/hr; source_file=raw/deq_va/74273_DC_Permit.pdf; unverified_fields=permit_url. Permit conditions do not establish actual emissions.","This documents permitted capacity, not actual emissions. It is project-specific but does not transfer automatically to another site.",False
deq-permit-74274-2023-12-27,air,permitted,project,government,Virginia DEQ issued data center air permits,,registration 74274; issued 2023-12-27,,,permit conditions; not measured emissions,,2023.0,Loudoun County,,2023.0,pre_gs5,,,237.0,permitted,,"Site=Amazon Data Services, Inc; program=Minor NSR; fuel=diesel; operating-limit text=p. 7: 96, T1, and T2) shall not operate more than 32 hours per year for scheduled maintenance | p. 7: not operate more than 500 hours per year for all purposes (as provided in Condition 3); source_file=raw/deq_va/74274_DC_Permit.pdf; unverified_fields=permit_url. Permit conditions do not establish actual emissions.","This documents permitted capacity, not actual emissions. It is project-specific but does not transfer automatically to another site.",False
deq-permit-74276-2023-11-13,air,permitted,project,government,Virginia DEQ issued data center air permits,,registration 74276; issued 2023-11-13,,,permit conditions; not measured emissions,,2023.0,Loudoun County,,2023.0,pre_gs5,,,78.0,permitted,,"Site=Ashburn Data Property Owner, L.P; program=Minor NSR; fuel=diesel; operating-limit text=p. 7: through EG26) shall not operate more than 24 hours per year for scheduled maintenance | p. 7: operate more than 500 hours per year for all purposes (as provided in Condition 3) | p. 7: operate more than 2,600 hours per year for all purposes (as provided in Condition 3); pollutant-limit text=p. 9: Hourly Limit (lb/hr) Annual Limit (tons/yr); source_file=raw/deq_va/74276_DC_Permit.pdf; unverified_fields=permit_url. Permit conditions do not establish actual emissions.","This documents permitted capacity, not actual emissions. It is project-specific but does not transfer automatically to another site.",False
deq-permit-74277-2025-08-21,air,permitted,project,government,Virginia DEQ issued data center air permits,,registration 74277; issued 2025-08-21,,,permit conditions; not measured emissions,,2025.0,Prince William County,,2025.0,pre_gs5,,,266.4,permitted,,"Site=Amazon Data Services, Inc; program=Minor NSR; fuel=diesel; operating-limit text=p. 8: 108, T1, and T2) shall not operate more than 32 hours per year for scheduled maintenance | p. 8: shall not operate more than 500 hours per year for all purposes (as provided in Condition 3); source_file=raw/deq_va/74277_DC_Permit.pdf; unverified_fields=permit_url. Permit conditions do not establish actual emissions.","This documents permitted capacity, not actual emissions. It is project-specific but does not transfer automatically to another site.",False
deq-permit-74278-2023-10-31,air,permitted,project,government,Virginia DEQ issued data center air permits,,registration 74278; issued 2023-10-31,,,permit conditions; not measured emissions,,2023.0,Prince William County,,2023.0,pre_gs5,,,105.2,permitted,,"Site=Amazon Data Services, Inc; program=Minor NSR; fuel=diesel; operating-limit text=p. 7: 42, T1, and T2) shall not operate more than 32 hours per year for scheduled maintenance | p. 7: not operate more than 500 hours per year for all purposes (as provided in Condition 3); source_file=raw/deq_va/74278_DC_Permit.pdf; unverified_fields=permit_url. Permit conditions do not establish actual emissions.","This documents permitted capacity, not actual emissions. It is project-specific but does not transfer automatically to another site.",False
deq-permit-74284-2026-01-05,air,permitted,project,government,Virginia DEQ issued data center air permits,,registration 74284; issued 2026-01-05,,,permit conditions; not measured emissions,,2026.0,Loudoun County,,2026.0,pre_gs5,,,,permitted,,"Site=Vantage Data Centers VA3, LLC; program=Minor NSR; fuel=diesel; operating-limit text=p. 10: operate more than 500 hours per year for all purposes (as provided in Condition 5) | p. 10: combined shall not operate more than 37 hours per year when emissions are | p. 10: combined shall not operate more than 311,769 hours per year when emissions are; source_file=raw/deq_va/742842_DC_Permit.pdf; unverified_fields=permit_url;generator_count;generator_capacity_mw. Permit conditions do not establish actual emissions.","This documents permitted capacity, not actual emissions. It is project-specific but does not transfer automatically to another site.",False
deq-permit-74287-2024-10-15,air,permitted,project,government,Virginia DEQ issued data center air permits,,registration 74287; issued 2024-10-15,,,permit conditions; not measured emissions,,2024.0,Loudoun County,,2024.0,pre_gs5,,,60.5,permitted,,"Site=Vantage Data Centers VA16, LLC; program=Minor NSR; fuel=diesel; operating-limit text=p. 7: through EG-22) shall not operate more than 29 hours per year for scheduled maintenance | p. 7: not operate more than 500 hours per year for all purposes (as provided in Condition 3); source_file=raw/deq_va/74287_DC_Permit.pdf; unverified_fields=permit_url;address. Permit conditions do not establish actual emissions.","This documents permitted capacity, not actual emissions. It is project-specific but does not transfer automatically to another site.",False
deq-permit-74288-2026-06-01,air,permitted,project,government,Virginia DEQ issued data center air permits,,registration 74288; issued 2026-06-01,,,permit conditions; not measured emissions,,2026.0,Spotsylvania County,,2026.0,pre_gs5,,,,permitted,,"Site=Amazon Data Services, Inc; program=Minor NSR; fuel=diesel; operating-limit text=p. 10: more than 500 hours per year for all purposes (as provided in Condition 6) | p. 10: more than 35 hours per year for Scheduled MCRT (as provided in Condition 6.c); pollutant-limit text=p. 12: X 2 4.44 lb/hr | p. 12: X 2 53.48 lb/hr | p. 12: Particulate Matter (PM) 0.20 lb/hr; source_file=raw/deq_va/742882_DC_Permit.pdf; unverified_fields=permit_url;generator_count;generator_capacity_mw. Permit conditions do not establish actual emissions.","This documents permitted capacity, not actual emissions. It is project-specific but does not transfer automatically to another site.",False
deq-permit-74290-2024-11-01,air,permitted,project,government,Virginia DEQ issued data center air permits,,registration 74290; issued 2024-11-01,,,permit conditions; not measured emissions,,2024.0,Loudoun County,,2024.0,pre_gs5,,,62.25,permitted,,"Site=CyrusOne, LLC; program=Minor NSR; fuel=diesel; operating-limit text=p. 7: shall not operate more than 18 hours per year for scheduled maintenance checks and | p. 7: than 500 hours per year for all purposes (as provided in Condition 3) combined; source_file=raw/deq_va/74290_DC_Permit.pdf; unverified_fields=permit_url. Permit conditions do not establish actual emissions.","This documents permitted capacity, not actual emissions. It is project-specific but does not transfer automatically to another site.",False
deq-permit-74296-2026-01-20,air,permitted,project,government,Virginia DEQ issued data center air permits,,registration 74296; issued 2026-01-20,,,permit conditions; not measured emissions,,2026.0,Loudoun County,,2026.0,pre_gs5,,,171.0,permitted,,Site=Kincora Data Center LLC; program=Minor NSR; fuel=diesel; operating-limit text=p. 8: operate more than 20 hours per year for scheduled maintenance checks and readiness | p. 8: hours per year for all purposes (as provided in Condition 5) combined; source_file=raw/deq_va/74296_DC_Permit.pdf; unverified_fields=permit_url. Permit conditions do not establish actual emissions.,"This documents permitted capacity, not actual emissions. It is project-specific but does not transfer automatically to another site.",False
deq-permit-74299-2026-02-20,air,permitted,project,government,Virginia DEQ issued data center air permits,,registration 74299; issued 2026-02-20,,,permit conditions; not measured emissions,,2026.0,Louisa County,,2026.0,pre_gs5,,,,permitted,,"Site=Amazon Data Services, Inc; program=Minor NSR; fuel=diesel; operating-limit text=p. 10: than 500 hours per year for all purposes (as provided in Condition 6) combined | p. 10: than 35 hours per year for Scheduled MCRT (as provided in Condition 6.c); pollutant-limit text=p. 13: X 2 4.44 lb/hr | p. 13: X 2 53.48 lb/hr | p. 13: Particulate Matter (PM) 0.20 lb/hr; source_file=raw/deq_va/742992_DC_Permit.pdf; unverified_fields=permit_url;generator_count;generator_capacity_mw. Permit conditions do not establish actual emissions.","This documents permitted capacity, not actual emissions. It is project-specific but does not transfer automatically to another site.",False
deq-permit-74300-2025-03-12,air,permitted,project,government,Virginia DEQ issued data center air permits,,registration 74300; issued 2025-03-12,,,permit conditions; not measured emissions,,2025.0,Fairfax County,,2025.0,pre_gs5,,,198.5,permitted,,"Site=Amazon Data Services, Inc; program=Minor NSR; fuel=diesel; operating-limit text=p. 9: more than 500 hours per year for all purposes (as provided in Condition 6) combined | p. 9: more than 35 hours per year for Scheduled MCRT (as provided in Condition 6.c); pollutant-limit text=p. 11: Nitrogen Oxides (NO as NO ) 53.30 lb/hr 4.42 lb/hr | p. 11: Particulate Matter (PM) 0.27 lb/hr | p. 11: Particulate Matter (PM ) 0.27 lb/hr; source_file=raw/deq_va/74300_DC_Permit.pdf; unverified_fields=permit_url. Permit conditions do not establish actual emissions.","This documents permitted capacity, not actual emissions. It is project-specific but does not transfer automatically to another site.",False
deq-permit-74301-2025-03-12,air,permitted,project,government,Virginia DEQ issued data center air permits,,registration 74301; issued 2025-03-12,,,permit conditions; not measured emissions,,2025.0,Loudoun County,,2025.0,pre_gs5,,,465.5,permitted,,"Site=Amazon Data Services, Inc; program=Minor NSR; fuel=diesel; operating-limit text=p. 9: not operate more than 500 hours per year for all purposes (as provided in Condition 6) | p. 9: not operate more than 35 hours per year for Scheduled MCRT (as provided in; pollutant-limit text=p. 11: Nitrogen Oxides (NO as NO ) 53.48 lb/hr 4.44 lb/hr | p. 11: Particulate Matter (PM) 0.20 lb/hr | p. 11: Particulate Matter (PM ) 0.20 lb/hr; source_file=raw/deq_va/74301_DC_Permit.pdf; unverified_fields=permit_url. Permit conditions do not establish actual emissions.","This documents permitted capacity, not actual emissions. It is project-specific but does not transfer automatically to another site.",False
deq-permit-74302-2026-07-15,air,permitted,project,government,Virginia DEQ issued data center air permits,,registration 74302; issued 2026-07-15,,,permit conditions; not measured emissions,,2026.0,Loudoun County,,2026.0,pre_gs5,,,415.5,permitted,,"Site=Amazon Data Services, Inc; program=Minor NSR; fuel=diesel; operating-limit text=p. 9: shall not operate more than 500 hours per year for all purposes (as provided in | p. 9: shall not operate more than 35 hours per year for Scheduled MCRT (as provided in; pollutant-limit text=p. 12: X 2 4.46 lb/hr 4.45 lb/hr | p. 12: X 2 51.51 lb/hr 53.30 lb/hr | p. 12: 0.14 lb/hr 0.19 lb/hr; source_file=raw/deq_va/743021_DC_Permit.pdf; unverified_fields=permit_url. Permit conditions do not establish actual emissions.","This documents permitted capacity, not actual emissions. It is project-specific but does not transfer automatically to another site.",False
deq-permit-74306-2025-09-18,air,permitted,project,government,Virginia DEQ issued data center air permits,,registration 74306; issued 2025-09-18,,,permit conditions; not measured emissions,,2025.0,Loudoun County,,2025.0,pre_gs5,,,,permitted,,"Site=MECP1 Ashburn 2, LLC; program=Minor NSR; fuel=diesel; operating-limit text=p. 8: through GEN-42) shall not operate more than 29 hours per year for scheduled maintenance | p. 8: not operate more than 500 hours per year for all purposes (as provided in Condition 3); source_file=raw/deq_va/743062_DC_Permit.pdf; unverified_fields=permit_url;generator_count;generator_capacity_mw. Permit conditions do not establish actual emissions.","This documents permitted capacity, not actual emissions. It is project-specific but does not transfer automatically to another site.",False
deq-permit-74308-2026-03-23,air,permitted,project,government,Virginia DEQ issued data center air permits,,registration 74308; issued 2026-03-23,,,permit conditions; not measured emissions,,2026.0,Loudoun County,,2026.0,pre_gs5,,,88.0,permitted,,"Site=Digital Filigree, LLC; program=Minor NSR; fuel=diesel; operating-limit text=p. 9: than 30 hours per year for scheduled maintenance checks and readiness testing | p. 9: than 500 hours per year for all purposes (as provided in Condition 6) combined; source_file=raw/deq_va/743081_DC_Permit.pdf; unverified_fields=permit_url;address. Permit conditions do not establish actual emissions.","This documents permitted capacity, not actual emissions. It is project-specific but does not transfer automatically to another site.",False
deq-permit-74309-2025-03-27,air,permitted,project,government,Virginia DEQ issued data center air permits,,registration 74309; issued 2025-03-27,,,permit conditions; not measured emissions,,2025.0,Stafford County,,2025.0,pre_gs5,,,133.5,permitted,,"Site=Amazon Data Services, Inc; program=Minor NSR; fuel=diesel; operating-limit text=p. 8: through EG-48, HS-01, and HS-02) shall not operate more than 35 hours per year for | p. 8: and HS-02) shall not operate more than 500 hours per year for all purposes (as provided in; source_file=raw/deq_va/74309_DC_Permit.pdf; unverified_fields=permit_url. Permit conditions do not establish actual emissions.","This documents permitted capacity, not actual emissions. It is project-specific but does not transfer automatically to another site.",False
deq-permit-74315-2025-04-15,air,permitted,project,government,Virginia DEQ issued data center air permits,,registration 74315; issued 2025-04-15,,,permit conditions; not measured emissions,,2025.0,Loudoun County,,2025.0,pre_gs5,,,72.0,permitted,,"Site=1501 Moran Road Development Owner, LLC; program=Minor NSR; fuel=diesel; operating-limit text=p. 7: through GEN-24) shall not operate more than 29 hours per year for scheduled maintenance | p. 7: not operate more than 500 hours per year for all purposes (as provided in Condition 3); source_file=raw/deq_va/74315_DC_Permit.pdf; unverified_fields=permit_url. Permit conditions do not establish actual emissions.","This documents permitted capacity, not actual emissions. It is project-specific but does not transfer automatically to another site.",False
deq-permit-74317-2025-08-28,air,permitted,project,government,Virginia DEQ issued data center air permits,,registration 74317; issued 2025-08-28,,,permit conditions; not measured emissions,,2025.0,City of Manassas,,2025.0,pre_gs5,,,,permitted,,"Site=Amazon Data Services, Inc; program=Minor NSR; fuel=diesel; operating-limit text=p. 10: T2) shall not operate more than 500 hours per year for all purposes (as provided in | p. 10: T2) shall not operate more than 35 hours per year for Scheduled MCRT (as provided; pollutant-limit text=p. 13: 47.77 lb/hr 11.53 lb/hr 13.29 lb/hr | p. 13: 0.68 lb/hr 0.19 lb/hr 0.16 lb/hr | p. 13: 9.81 lb/hr 1.04 lb/hr 2.38 lb/hr; source_file=raw/deq_va/74317_DC_Permit.pdf; unverified_fields=permit_url;address;generator_count;generator_capacity_mw. Permit conditions do not establish actual emissions.","This documents permitted capacity, not actual emissions. It is project-specific but does not transfer automatically to another site.",False
deq-permit-74329-2026-03-26,air,permitted,project,government,Virginia DEQ issued data center air permits,,registration 74329; issued 2026-03-26,,,permit conditions; not measured emissions,,2026.0,Spotsylvania County,,2026.0,pre_gs5,,,,permitted,,"Site=Amazon Data Services, Inc; program=Minor NSR; fuel=diesel; operating-limit text=p. 10: 02) shall not operate more than 500 hours per year for all purposes (as provided in | p. 10: 02) shall not operate more than 35 hours per year for Scheduled MCRT (as provided; pollutant-limit text=p. 12: Nitrogen Oxides (NO as NO ) 16.82 lb/hr 13.28 lb/hr | p. 12: Particulate Matter (PM) 0.14 lb/hr 0.16 lb/hr | p. 12: Particulate Matter (PM ) 0.17 lb/hr 0.21 lb/hr; source_file=raw/deq_va/743292_DC_Permit.pdf; unverified_fields=permit_url;generator_count;generator_capacity_mw. Permit conditions do not establish actual emissions.","This documents permitted capacity, not actual emissions. It is project-specific but does not transfer automatically to another site.",False
deq-permit-74332-2026-01-30,air,permitted,project,government,Virginia DEQ issued data center air permits,,registration 74332; issued 2026-01-30,,,permit conditions; not measured emissions,,2026.0,Fairfax County,,2026.0,pre_gs5,,,,permitted,,"program=Minor NSR; fuel=diesel; operating-limit text=p. 8: operate more than 500 hours per year for all purposes (as provided in Condition 3) | p. 8: shall not operate more than 3,200 hours per year for all purposes (as provided in | p. 8: operate more than 29 hours per year for Scheduled MCRT (as provided in Condition; source_file=raw/deq_va/743322_DC_Permit.pdf; unverified_fields=site_name;permit_url;generator_count;generator_capacity_mw. Permit conditions do not establish actual emissions.","This documents permitted capacity, not actual emissions. It is project-specific but does not transfer automatically to another site.",False
deq-permit-74335-2026-03-20,air,permitted,project,government,Virginia DEQ issued data center air permits,,registration 74335; issued 2026-03-20,,,permit conditions; not measured emissions,,2026.0,Loudoun County,,2026.0,pre_gs5,,,263.0,permitted,,"Site=SDC Ashburn I, LLC; program=Minor NSR; fuel=diesel; operating-limit text=p. 9: through GEN-D6) shall not operate more than 48 hours per year for scheduled maintenance | p. 9: shall not operate more than 500 hours per year for all purposes (as provided in Condition 5); source_file=raw/deq_va/743351_DC_Permit.pdf; unverified_fields=permit_url. Permit conditions do not establish actual emissions.","This documents permitted capacity, not actual emissions. It is project-specific but does not transfer automatically to another site.",False
deq-permit-74336-2026-05-22,air,permitted,project,government,Virginia DEQ issued data center air permits,,registration 74336; issued 2026-05-22,,,permit conditions; not measured emissions,,2026.0,Fairfax County,,2026.0,pre_gs5,,,189.0,permitted,,"Site=13832 Redskin Acquisition, LP; program=Minor NSR; fuel=diesel; operating-limit text=p. 9: and PBB-002) shall not operate more than 500 hours per year for all purposes (as | p. 9: and PBB-002) shall not operate more than 30 hours per year for Scheduled MCRT (as; source_file=raw/deq_va/743361_DC_Permit.pdf; unverified_fields=permit_url. Permit conditions do not establish actual emissions.","This documents permitted capacity, not actual emissions. It is project-specific but does not transfer automatically to another site.",False
deq-permit-74337-2026-03-20,air,permitted,project,government,Virginia DEQ issued data center air permits,,registration 74337; issued 2026-03-20,,,permit conditions; not measured emissions,,2026.0,Loudoun County,,2026.0,pre_gs5,,,111.4,permitted,,"Site=Amazon Data Services, Inc; program=Minor NSR; fuel=diesel; operating-limit text=p. 9: more than 500 hours per year for all purposes (as provided in Condition 6) combined | p. 9: more than 35 hours per year for Scheduled MCRT (as provided in Condition 6.c); pollutant-limit text=p. 12: Nitrogen Oxides (NO as NO ) 19.48 lb/hr 38.85 lb/hr | p. 12: Carbon Monoxide (CO) 2.25 lb/hr 3.92 lb/hr | p. 12: Volatile Organic Compounds (VOC) 0.71 lb/hr 1.14 lb/hr; source_file=raw/deq_va/743371_DC_Permit.pdf; unverified_fields=permit_url. Permit conditions do not establish actual emissions.","This documents permitted capacity, not actual emissions. It is project-specific but does not transfer automatically to another site.",False
deq-permit-74338-2026-05-12,air,permitted,project,government,Virginia DEQ issued data center air permits,,registration 74338; issued 2026-05-12,,,permit conditions; not measured emissions,,2026.0,Stafford County,,2026.0,pre_gs5,,,132.0,permitted,,"Site=Vantage Data Centers VA41, LLC; program=Minor NSR; fuel=diesel; operating-limit text=p. 7: operate more than 500 hours per year for all purposes (as provided in Condition 3) | p. 8: operate more than 29 hours per year for Scheduled MCRT (as provided in Condition; source_file=raw/deq_va/743381_DC_Permit.pdf; unverified_fields=permit_url. Permit conditions do not establish actual emissions.","This documents permitted capacity, not actual emissions. It is project-specific but does not transfer automatically to another site.",False
deq-permit-74342-2026-06-12,air,permitted,project,government,Virginia DEQ issued data center air permits,,registration 74342; issued 2026-06-12,,,permit conditions; not measured emissions,,2026.0,Prince William County,,2026.0,pre_gs5,,,,permitted,,"Site=Amazon Data Services, Inc; program=Minor NSR; fuel=diesel; operating-limit text=p. 10: shall not operate more than 500 hours per year for all purposes (as provided in | p. 10: shall not operate more than 35 hours per year for Scheduled MCRT (as provided in; pollutant-limit text=p. 13: 14.34 lb/hr 9.58 lb/hr 13.29 lb/hr | p. 13: 0.15 lb/hr 0.11 lb/hr 0.16 lb/hr | p. 13: 1.28 lb/hr 1.59 lb/hr 2.38 lb/hr; source_file=raw/deq_va/743421_DC_Permit.pdf; unverified_fields=permit_url;generator_count;generator_capacity_mw. Permit conditions do not establish actual emissions.","This documents permitted capacity, not actual emissions. It is project-specific but does not transfer automatically to another site.",False
deq-permit-74348-2026-08-05,air,permitted,project,government,Virginia DEQ issued data center air permits,,registration 74348; issued 2026-08-05,,,permit conditions; not measured emissions,,2026.0,Culpeper County,,2026.0,pre_gs5,,,342.0,permitted,,"Site=DataBank Holdings Ltd – Data Center Culpeper, LLC; program=Minor NSR; fuel=diesel; operating-limit text=p. 9: H1, and EG6-H2) shall not operate more than 500 hours per year for all purposes (as | p. 9: H1, and EG6-H2) shall not operate more than 24 hours per year for Scheduled MCRT; pollutant-limit text=p. 11: 29.18 lb/hr 26.60 lb/hr | p. 11: 4.24 lb/hr 2.25 lb/hr | p. 11: X 2 5.05 lb/hr 5.11 lb/hr; source_file=raw/deq_va/743481_DC_Permit.pdf; unverified_fields=permit_url. Permit conditions do not establish actual emissions.","This documents permitted capacity, not actual emissions. It is project-specific but does not transfer automatically to another site.",False
deq-permit-74349-2026-07-29,air,permitted,project,government,Virginia DEQ issued data center air permits,,registration 74349; issued 2026-07-29,,,permit conditions; not measured emissions,,2026.0,Prince William County,,2026.0,pre_gs5,,,110.25,permitted,,"Site=Amazon Data Services, Inc; program=Minor NSR; fuel=diesel; operating-limit text=p. 8: not operate more than 16 hours per year for scheduled maintenance checks and | p. 8: not operate more than 500 hours per year for all purposes (as provided in Condition 5); pollutant-limit text=p. 10: Nitrogen Oxides (NO as NO ) 43.46 lb/hr | p. 10: Carbon Monoxide (CO) 6.95 lb/hr | p. 10: 2.58 lb/hr; source_file=raw/deq_va/743491_DC_Permit.pdf; unverified_fields=regional_office;permit_url. Permit conditions do not establish actual emissions.","This documents permitted capacity, not actual emissions. It is project-specific but does not transfer automatically to another site.",False
deq-criteria-2015-71804,air,measured,project,government,Virginia DEQ 2015 criteria emissions inventory,,registration 71804; 2015_criteria_emissions_10tons.csv,19.51,19.51,"tons/year, facility total criteria pollutants",,2015.0,Fairfax County,,2015.0,pre_gs5,,,,,,"Facility=Science Applications International Corp.; classification=True Minor; co=0.31 tons, nh3=0 tons, nox=18.98 tons, pm10=0.16 tons, pm25=0.03 tons, so2=0.03 tons, voc=0 tons. Historical facility-wide inventory total; not generator-only, current, or attributable to a proposed project.",This is measured evidence. It is project-specific but does not transfer automatically to another site.,False
deq-criteria-2015-72367,air,measured,project,government,Virginia DEQ 2015 criteria emissions inventory,,registration 72367; 2015_criteria_emissions_10tons.csv,18.72,18.72,"tons/year, facility total criteria pollutants",,2015.0,Loudoun County,,2015.0,pre_gs5,,,,,,"Facility=MCI-Verizon; classification=Synthetic Minor; co=2.71 tons, nh3=0 tons, nox=14.87 tons, pm10=0.02 tons, pm25=0.34 tons, so2=0.39 tons, voc=0.39 tons. Historical facility-wide inventory total; not generator-only, current, or attributable to a proposed project.",This is measured evidence. It is project-specific but does not transfer automatically to another site.,False
deq-criteria-2015-73233,air,measured,project,government,Virginia DEQ 2015 criteria emissions inventory,,registration 73233; 2015_criteria_emissions_10tons.csv,16.03,16.03,"tons/year, facility total criteria pollutants",,2015.0,Loudoun County,,2015.0,pre_gs5,,,,,,"Facility=Equinix LLC; classification=Synthetic Minor; co=1.74 tons, nh3=0 tons, nox=13.62 tons, pm10=0.02 tons, pm25=0.48 tons, so2=0.16 tons, voc=0 tons. Historical facility-wide inventory total; not generator-only, current, or attributable to a proposed project.",This is measured evidence. It is project-specific but does not transfer automatically to another site.,False
deq-criteria-2015-73370,air,measured,project,government,Virginia DEQ 2015 criteria emissions inventory,,registration 73370; 2015_criteria_emissions_10tons.csv,31.76,31.76,"tons/year, facility total criteria pollutants",,2015.0,Loudoun County,,2015.0,pre_gs5,,,,,,"Facility=DuPont Fabros Tech - Ashburn Campus; classification=Major/Potential Major; co=3.77 tons, nh3=0 tons, nox=25.44 tons, pm10=0.17 tons, pm25=1.27 tons, so2=0.46 tons, voc=0.65 tons. Historical facility-wide inventory total; not generator-only, current, or attributable to a proposed project.",This is measured evidence. It is project-specific but does not transfer automatically to another site.,False
deq-criteria-2015-73670,air,measured,project,government,Virginia DEQ 2015 criteria emissions inventory,,registration 73670; 2015_criteria_emissions_10tons.csv,29.95,29.95,"tons/year, facility total criteria pollutants",,2015.0,Loudoun County,,2015.0,pre_gs5,,,,,,"Facility=Digital Loudoun II Limitied Liability Corporation; classification=Major/Potential Major; co=2.93 tons, nh3=0 tons, nox=24.43 tons, pm10=0.62 tons, pm25=1.56 tons, so2=0.2 tons, voc=0.2 tons. Historical facility-wide inventory total; not generator-only, current, or attributable to a proposed project.",This is measured evidence. It is project-specific but does not transfer automatically to another site.,False
deq-criteria-2015-73743,air,measured,project,government,Virginia DEQ 2015 criteria emissions inventory,,registration 73743; 2015_criteria_emissions_10tons.csv,16.51,16.51,"tons/year, facility total criteria pollutants",,2015.0,Loudoun County,,2015.0,pre_gs5,,,,,,"Facility=Latisys Ashburn; classification=Synthetic Minor; co=1.5 tons, nh3=0 tons, nox=14.37 tons, pm10=0.01 tons, pm25=0.42 tons, so2=0.21 tons, voc=0 tons. Historical facility-wide inventory total; not generator-only, current, or attributable to a proposed project.",This is measured evidence. It is project-specific but does not transfer automatically to another site.,False
