Case Number,Type,Status,Project Name,Applied Date,Expiration Date,Completion Date,Module Name,Address,Main Parcel,Description
"PSUB-2017-0013      ","Site Plan Premeeting","Completed","","04/13/2017","","","Plan","","194199296000","DATA CENTER : Data Center"
"EPLAN-2024-0081","Engineering Plan","In Review","","06/20/2024","","","Plan","45449 E SEVERN WAY  STERLING VA 20166","030155049000","(Conditional Approval) DULLES DESIGN DATA CENTER: Proposed 2-Story Data Center (STPL)"
"PBOND-2026-0142","Performance Bond","Submitted - Online","","09/17/2026","","","Plan","42455  ALLEGRO LN ALDIE VA 20105","202260981000","ZOPA bond for Data Center"
"PBOND-2026-0143","Performance Bond","Submitted - Online","","09/17/2026","","","Plan","42455  ALLEGRO LN ALDIE VA 20105","202260981000","LSDOPA bond for Data Center site"
"EPLAN-2026-0039","Engineering Plan","In Review","","03/31/2026","","","Plan","22130  LOUDOUN COUNTY PKWY  ASHBURN VA 20147","089309997000","LC9 & LC10 DATA CENTER - CONSTRUCTION OF A TWO (2) 2-STORY DATA CENTER BUILDINGS AND ASSOCIATED INFRASTRUCTURE"
"GBOND-2026-0063","Grading - Grading Bond","Active Bond","","03/27/2026","","","Plan","41567 BRIARFIELD LN ALDIE VA 20105","202285740000","Early grading construction plan and profiles for a data center."
"EPLAN-2024-0211","Engineering Plan","In Review","","12/30/2024","","","Plan","19473  SAMUELS MILL CT  LEESBURG VA 20175","150270553000","SAMUELS MILL ASSEMBLAGE: 2-story data center and associated infrastructure."
"ZCOR-2000-0095      ","Zoning Correspondence - Determinations & Verifications (ZCOR)","Completed","","03/19/2000","","","Plan","","","PSINET'S DATA CENTER : Request for Zoning Administrator's Opinion regarding PSINet's Data    Center at ""University Center"" in Loudoun County, Virginia"
"SPEX-2011-0004      ","Special Exception","Approved","","03/01/2011","","","Plan","1506 MORAN RD STERLING VA 20166","045458629000","PROJECT COLUMBIA DATA CENTER : A special exception for 100% data center."
"EPLAN-2023-0111","Engineering Plan","Approved","","11/09/2023","","","Plan","24331  HOWLING ROOSTER LN  STERLING VA 20166","162176713000","PROJECT MOTION PH 3: Site Plan (STMP) for Data Center and support facilities."
"EPLAN-2026-0110","Engineering Plan","Submitted - Online","","07/28/2026","","","Plan","20085  ACADEMIC WAY  ASHBURN VA 20147","039466559000","BRIDGEFIELD TECH CENTER: Site plan application for the development of data center buildings."
"GBOND-2026-0012","Grading - Grading Bond","Active Bond","","01/16/2026","","","Plan","42455 ALLEGRO LN ALDIE VA 20105","202260981000","Clearing and grading for the construction of a Data Center (EPLAN-2023-0104)"
"EPLAN-2024-0077","Engineering Plan","In Review","","06/17/2024","","","Plan","21300  COACH GIBBS DR  ASHBURN VA 20147","042363888000","Site Plan for development of 3 Data Center Buildings"
"SPEX-2000-0035      ","Special Exception","Withdrawn","","08/22/2000","","","Plan","1501 MORAN RD STERLING VA 20166","045466536000","MORAN ROAD DATA CENTER : Special exception approval to allow a Data Center."
"EPLAN-2024-0062","Engineering Plan","Approved","","05/13/2024","","","Plan","21780  FILIGREE CT  ASHBURN VA 20147","061394321000","DIGITAL FILIGREE DATA CENTER: Modified Processing (Fast-Track) for proposed Data Center building, with improvements including but not limited to a proposed guard booth, proposed drives aisles, parking, utilities, SWM facilities, sanitary sewer lines, water lines, and landscaping."
"EPLAN-2026-0083","Engineering Plan","In Review","","06/17/2026","","","Plan","24402  STONE SPRINGS BLVD  STERLING VA 20166","162154753000","Site Plan for 2 proposed Data Center buildings, guard booth and all associated infrastructure."
"EPLAN-2026-0140","Engineering Plan","Submitted - Online","","09/17/2026","","","Plan","20100  SYCOLIN RD  LEESBURG VA 20175","193462583000","This plan proposes the development of two data center buildings with associated infrastructure and construction of proffered road improvmeents along Sycolin Road"
"SPEX-2026-0038","Special Exception","In Review","","06/26/2026","","","Plan","22745  RELOCATION DR  STERLING VA 20166","045175529000","SEE LEGI-2026-0019 FOR DOCUMENTS, TIMELINE AND WORKFLOW. Relocation Drive Data Center-- A Special Exception to permit the redevelopment of existing Data Center uses."
"LEGI-2026-0019","Legislative Land Development Application","In Review","","06/26/2026","","","Plan","22745  RELOCATION DR  STERLING VA 20166","045175529000","Relocation Drive Data Center: A Zoning Concept Plan Amendment and Special Exception to permit the redevelopment of existing Data Center uses at a 0.86 FAR."
"EPLAN-2024-0036","Engineering Plan","In Review","","04/02/2024","","","Plan","23965  CARTERS SCHOOL RD  STERLING VA 20166","124105978000","STPL- Proposed redevelopment of existing parking lot into 4 data center buildings with associated improvements"
"PSUB-2018-0037      ","Site Plan Premeeting","Completed","","10/01/2018","","","Plan","24282 QUAIL RIDGE LN ALDIE VA 20105","203356654000","ST. JOHN PROPERTIES DATA CENTER : Data Center"
"STMP-2022-0022      ","Engineering Plan","Approved","","10/26/2022","","","Plan","21800 BEAUMEADE CIR ASHBURN VA 20147","061307718000","H5 DATA CENTER : REQUEST APPROVAL OF A SITE PLAN (STMP) FOR A MULTI-STORY DATA CENTER  AND ASSOCIATED INFRASTRUCTURE IN THE PD-IP ZONING DISTRICT.           ZDF"
"EPLAN-2024-0188","Engineering Plan Revision","Approved","","11/21/2024","","","Plan","44371  GIGABIT PLZ  ASHBURN VA 20147","088407447000","NTT VA7 DATA CENTER: SPAM of STMP-2021-0005 to revise Bldg VA7 to the new prototype."
"EPLAN-2024-0154","Engineering Plan","In Review","","10/16/2024","","","Plan","22570 SHAW RD Unit: 100 STERLING VA 20166","033357335000","(Conditionally Approved) DULLES ELECTRIC DATA CENTERS: Construction of two 2-story data center buildings and associated infrastructure."
"SPEX-2026-0037","Special Exception","Submitted","","06/08/2026","","","Plan","22745  RELOCATION DR  STERLING VA 20166","045175529000","SEE LEGI-2026-0020 FOR DOCUMENTS, TIMELINE AND WORKFLOW. Relocation Drive Data Center-A Special Exception to permit the redevelopment of existing Data Center uses at a 0.86 FAR."
"EPLAN-2023-0104","Engineering Plan","In Review","","10/27/2023","","","Plan","42455 ALLEGRO LN ALDIE VA 20105","202260981000","(Conditional Approval) (STPL) ALLEGRO NORTH CAMPUS - BLDG 2A: Data Center and support facilities."
"STMP-2021-0001      ","Engineering Plan","Approved","","01/19/2021","","","Plan","41840 GROWTH MINDSET LN ALDIE VA 20105","203354208000","IAD11 DATA CENTER : REQUEST APPROVAL OF A MODIFIED PROCESS SITE PLAN (STMP) FOR THE       CONSTRUCTION OF 1 DATA CENTER BUILDING, IN THE PLANNED                DEVELOPMENT-INDUSTRIAL PARK (PDIP) ZONING DISTRICT.                   AM"
"GBOND-2024-0205","Grading - Grading Bond","Active Bond","","10/01/2024","","","Plan","41785 INCLUSION LN LEESBURG VA 20175","235297431000","IAD05 Microsoft Data Center"
"PLAT-2024-0240","Plat - Tier 1 - Easements (ESMT), or Dedication Plats (DEDI)","In Review","","08/28/2024","","","Plan","21300  COACH GIBBS DR  ASHBURN VA 20147","042363888000","ESMT - Ashburn Data Center: Plat associated with EPLAN-2024-0077"
"FPAL-2018-0005      ","Floodplain Alteration Type 2","In Review","","06/27/2018","","","Plan","","124369522000","606 DATA CENTER : REQUEST APPROVAL OF A FLOODPLAIN ALTERATION (FPAL) ALONG THE 606 DATA CENTER SITE AREA AND ALONG ROUTE 606, IN THE PLANNED DEVELOPMENT-     GENERAL INDUSTRIAL (PDGI) ZONING DISTRICT.                            HV"
"PBOND-2024-0008","Performance Bond","Active Bond","","01/24/2024","","","Plan","22760 PACIFIC BLVD STERLING VA 20166","045195615000","DARVISH DATA CENTER BUILDING B --Data Center - STMP-2022-0015 (HJG 3.19.26)"
"ZCPA-2026-0008","Zoning Concept Plan Amendment - ZCASE","In Review","","06/26/2026","","","Plan","22745  RELOCATION DR  STERLING VA 20166","045175529000","SEE LEGI-2026-0019 FOR DOCUMENTS, TIMELINE AND WORKFLOW. Relocation Drive Data Center - A Zoning Concept Plan Amendment and Special Exception to permit the redevelopment of existing Data Center uses at a 0.86 FAR."
"GBOND-2026-0157","Grading - Grading Bond","Active Bond","","07/16/2026","","","Plan","23825 ERINS RUN DR STERLING VA 20166","124299328000","(GRADE-2026-000059) - GRADING BOND FOR PROLOGIS PARK BUILDING 4 - A 1-STORY DATA CENTER BUILDING AND ASSOCIATED UTILITIES AND INFRASTRUCTURE."
"EPLAN-2026-0014","Engineering Plan","In Review","","01/29/2026","","","Plan","22190  LOUDOUN COUNTY PKWY  ASHBURN VA 20147","062257134000","DULLES BERRY LC8 DATA CENTER - This application is for the revision to approved EPLAN-2024-0093 Dulles Berry LC8 Data Center. Revisions include a proposed retaining wall, revisions to the limits of disturbance, associated grading, and minor revisions to utilities and tree conservation areas."
"STPL-2023-0007      ","Engineering Plan","In Review","","02/07/2023","","","Plan","19886 ASHBURN RD ASHBURN VA 20147","083287772000","(Conditional Approval 08-05-24) TELOS DATA CENTER : REQUEST APPROVAL OF A SITE PLAN (STPL) FOR THE CONSTRUCTION OF A      PUBLIC DATA CENTER, IN THE PLANNED DEVELOPMENT INDUSTRIAL PARK (PDIP) ZONING DISTRICT.                                                      DS"
"EPLAN-2024-0105","Engineering Plan","In Review","","08/01/2024","","","Plan","110  TERMINAL DR  STERLING VA 20166","034482590000","110 TERMINAL DRIVE DATA CENTER: Proposed Data Center and its associated infrastructure improvements."
"EPLAN-2023-0128","Engineering Plan","Approved","","12/07/2023","","","Plan","20471  GOOSE LANDING LN  LEESBURG VA 20175","194498227000","PROJECT ASPEN: FAST TRACK Site Plan is for the Phase 3 extension of the existing Data Center complex with associated support facilities."
"PLAT-2024-0071","Plat - Tier 1 - Easements (ESMT), or Dedication Plats (DEDI)","Approved","","02/21/2024","","","Plan","41840 GROWTH MINDSET LN ALDIE VA 20105","203354208000","Fast Track - ESMT - IAD12 & IAD13 DATA CENTER: Linked to STMP-2023-0005. AD12 & IAD13 DATA CENTER : REQUEST APPROVAL OF A MODIFIED PROCESS SITE PLAN (STMP) FOR           CONSTRUCTION OF TWO (2) DATA CENTER BUILDINGS AND ASSOCIATED ROADS,   UTILITIES, AND AN OFFSITE STEP POOL CONVEYANCE SYSTEM, IN THE PLANNED DEVELOPMENT - INDUSTRIAL PARK (PDIP) AND SINGLE FAMILY RESIDENTIAL - 1(R1) ZONING DISTRICTS.                                                DS"
"PLAT-2025-0241","Plat - Tier 1 - Easements (ESMT), or Dedication Plats (DEDI)","Approved","","10/30/2025","","","Plan","22425  SOUS VIDE LN  STERLING VA 20166","045465016000","Site Plan Amendment to previously approved EPLAN-2023-0087 which is a 42 megawatt data center with the associated infrastructure, roads, parking, & utilities."
"PRAP-2021-0009      ","Legislative Land Development Premeeting","Completed","","01/28/2021","","","Plan","21571 BEAUMEADE CIR ASHBURN VA 20147","060202337000","BEAUMEADE DATA CENTER EXPANSION : Request for a Special Exception to amend SPEX-1999-0026 to expand an  existing data center, or a ZRTD."
"STMP-2021-0020      ","Engineering Plan","Approved","","12/28/2021","","","Plan","","045195615000","DARVISH DATA CENTER : REQUEST APPROVAL OF A MODIFIED PROCESS SITE PLAN )STMP) FOR A FAST    TRACK SITE PLAN FOR CONSTRUCTION OF  +/- 277,800 SF DATA CENTER       BUILDING, IN THE (PDIP) PLANNED DEVELOPMENT-INDUSTRIAL PARK ZONING    DISTRICT.                                                             SDM"
"ZCOR-2012-0017      ","Zoning Correspondence - Determinations & Verifications (ZCOR)","Completed","","02/09/2012","","","Plan","22631 DULLES SUMMIT CT STERLING VA 20166","045358110000","TRANSWESTERN DATA CENTER : Determination as to the permissibility of a network operations center and/or computer data center, office, warehouse, or distribution       purposed, and related ancillary use at 22631,22651 Dulles Summit      Court.                                                                PD-GI  Commercial Office"
"SPEX-2008-0041      ","Special Exception","Approved","","06/19/2008","","","Plan","21701 FILIGREE CT ASHBURN VA 20147","061483407000","EQUINIX DATA CENTER : A Special Exception to allow 0.60 FAR in PD-IP."
"PLAT-2024-0045","Plat - Tier 1 - Easements (ESMT), or Dedication Plats (DEDI)","In Review","","01/29/2024","","","Plan","STERLING VA 20166","020354412000","MANEKIN PLAZA : REQUEST APPROVAL FOR A SITE PLAN (STPL) TO CONSTRUCT ONE DATA CENTER, IN THE PLANNED DEVELOPMENT - INDUSTRIAL PARK (PDIP) ZONING DISTRICT.  EK"
"PBOND-2026-0124","Performance Bond","Submitted - Online","","08/07/2026","","","Plan","46000 MANEKIN PLZ STERLING VA 20166","030309421000","MANEKIN PLAZA : REQUEST APPROVAL FOR A SITE PLAN (STPL) TO CONSTRUCT ONE DATA CENTER, IN THE PLANNED DEVELOPMENT - INDUSTRIAL PARK (PDIP) ZONING DISTRICT.  EK"
"PBOND-2026-0123","Performance Bond","Submitted - Online","","08/07/2026","","","Plan","46000 MANEKIN PLZ STERLING VA 20166","030309421000","MANEKIN PLAZA : REQUEST APPROVAL FOR A SITE PLAN (STPL) TO CONSTRUCT ONE DATA CENTER, IN THE PLANNED DEVELOPMENT - INDUSTRIAL PARK (PDIP) ZONING DISTRICT.  EK"
"ZMAP-2022-0008      ","Zoning Map Amendment - ZCASE","Approved","","05/25/2022","","","Plan","22715 RELOCATION DR STERLING VA 20166","045279612000","ALIGNED ENERGY DATA CENTER : A Zoning Map Amendment to rezoning the Property from R-1 to PD-OP,    which allows data center uses by-right"
"EPLAN-2024-0163","Engineering Plan","In Review","","11/01/2024","","","Plan","24604  ARCOLA MILLS DR  ASHBURN VA 20148","161152610000","CLINTMAR DATA CENTERS: The development of vacant parcels to provide a 2-story Data Center with associated infrastructure and improvements. (Bluebeam Session# 640-079-749)"
"PMTG-2026-0030","Site Plan Premeeting","Completed","","02/09/2026","","","Plan","22130  LOUDOUN COUNTY PKWY  ASHBURN VA 20147","089309997000","Pre-submission meeting for LC9/10 Data Center site plan"
"STPL-2022-0053      ","Engineering Plan","In Review","","11/04/2022","","","Plan","46000 MANEKIN PLZ STERLING VA 20166","030309421000","(Conditional Approval) MANEKIN PLAZA : REQUEST APPROVAL FOR A SITE PLAN (STPL) TO CONSTRUCT ONE DATA CENTER, IN THE PLANNED DEVELOPMENT - INDUSTRIAL PARK (PDIP) ZONING DISTRICT.  EK"
"EPLAN-2023-0130","Engineering Plan","In Review","","12/08/2023","","","Plan","41567 BRIARFIELD LN ALDIE VA 20105","202285740000","ALLEGRO NORTH CAMPUS - BLDG 2B-2E: The Site Plan is for Buildings 2B-2E of the North Campus of a data center complex with associated support facilities."
"LEGI-2025-0015","Legislative Land Development Application","Approved","","05/05/2025","","","Plan","44254  IMPORT PLZ  ASHBURN VA 20147","062159785000","SDC ASHBURN 1

SPEX-2025-0031: A Special Exception to permit the expansion of a data center building footprint from 14,386 square feet to 20,000 square feet."
"PLAT-2025-0252","Plat - Tier 1 - Easements (ESMT), or Dedication Plats (DEDI)","In Review","","11/24/2025","","","Plan","24050  YOUNGWOOD LN  ALDIE VA 20105","203479574000","EASMEMENT PLAT FOR ALLEGRO NORTH CAMPUS BLDG 2F: Site Plan for a data center development on approximately 11.19 acres. Consists of approximately 126,990 SF of data center (2-story), 19,485 SF of office space (2-story), and 4,800 SF of loading dock area (1-story)."
"EPLAN-2025-0028","Engineering Plan","In Review","","02/12/2025","","","Plan","21641  BEAUMEADE CIR  ASHBURN VA 20147","060193174000","Ashburn Shallow Bay - Proposed Construction of one Data Center building, Guard Booth, Circulation Drives, and associated infrastructure."
"PBOND-2025-0142","Performance Bond","Active Bond","","10/10/2025","","","Plan","21529  BEAUMEADE CIR  ASHBURN VA 20147","042152579000","AREP BEAUMEADE DATA CENTER - Performance Agreement for Site Plan"
"SPEX-2025-0031","Special Exception","Approved","","05/02/2025","","","Plan","44254  IMPORT PLZ  ASHBURN VA 20147","062159785000","SEE LEGI-2025-0015 for all timelines, workflow and documents. A Special Exception application to permit the addition of roughly 20,000 square foot data center building on the Property."
"PRAP-2021-0056      ","Legislative Land Development Premeeting","Completed","","07/13/2021","","","Plan","25316 PREDICTION LN CHANTILLY VA 20152","097354183000","AMAZON DATA CENTER EQUIPMENT YARD : Request for a Special Exception to expand the equipment yard for an   existing data center."
"STPL-2023-0025      ","Engineering Plan","In Review","","05/15/2023","","","Plan","","083359224000","(Conditional Approval) BELMONT LANDBAY KK DATA CENTER : REQUEST APPROVAL OF A SITE PLAN (STPL) FOR THE CONSTRUCTION OF A DATA CENTER, OFFICE, AND ASSOCIATED SITE INFRASTRUCTURE TO SUPPORT THE     DEVELOPMENT, IN THE PLANNED DEVELOPMENT   OFFICE PARK (PDOP) ZONING   DISTRICT.                                                             DS"
"PLAT-2023-0127","Plat - Tier 1 - Easements (ESMT), or Dedication Plats (DEDI)","Approved","","12/11/2023","","","Plan","21735 RED RUM DR Unit: #110 ASHBURN VA 20147","088392214000","Fast Track - ESMT - INTERGATE ASHBURN DATA CENTER BLDNG A: Plat linked to Ashburn Data Center, Building A, STMP-2022-0011. HC"
"STPL-2000-0040      ","Engineering Plan","Void","UNIVERSITY CENTER PROJECT","04/11/2000","","","Plan","44970 KNOLL SQ ASHBURN VA 20147","039263557000","UNIVERSITY CENTER - PSINET-DATA CENTER : Final site plan approval proposing 337,566 square foot data center,   underground parking facility and associated improvements."
"EPLAN-2023-0122","Engineering Plan","In Review","","12/01/2023","","","Plan","24440 STONE SPRINGS BLVD STERLING VA 20166","203390320000","JK Technology Park #2 - STPL for construction of two (2) data center buildings with associated infrastructure and relocation of pond proposed with future Dulles West Boulevard (designed with CRCP-2020-0012)"
"STMP-2021-0006      ","Engineering Plan","Approved","","03/17/2021","","","Plan","21529 BEAUMEADE CIR ASHBURN VA 20147","042152579000","AREP BEAUMEADE DATA CENTER : REQUEST APPROVAL OF A MODIFIED PROCESS SITE PLAN (STMP) FOR           CONSTRUCTION ON A PROPOSED DATA CENTER AND UTILITIES, IN THE PLANNED  DEVELOPMENT INDUSTRIAL PARK (PDIP) ZONING DISTRICT.                   AM"
"PLAT-2025-0234","Plat - Tier 1 - Easements (ESMT), or Dedication Plats (DEDI)","Approved","","10/17/2025","","","Plan","19886  ASHBURN RD  ASHBURN VA 20147","083287772000","TELOS DATA CENTER (ESMT): Easement Plat Showing Creation and Vacation of Various Easements in relation to STPL-2023-0007."
"STPL-2011-0014      ","Engineering Plan","Approved","","06/16/2011","","","Plan","21755 UNBRIDLED WAY ASHBURN VA 20147","088392515000","INTERGATE ASHBURN  DATA CENTER : REQUEST APPROVAL OF A SITE PLAN (STPL) FOR THREE (3) DATA CENTER      BUILDINGS AND ONE (1) UTILITY SUB-STATION ALONG WITH ASSOCIATED ON    SITE PARKING AND UTILITY CONTSTRUCTION                                RP"
"EPLAN-2026-0116","Engineering Plan","In Review","","08/11/2026","","","Plan","42949  FADELEY LN  STERLING VA 20166","162392026000","The applicant requests approval for a minor addition to a principal building on an approved Special Exception pursuant to Section 10.11.01.H.2. for a 14,177-square-foot footprint addition to the existing data center facility (Building 081) at 42949 Fadeley Lane. The proposed minor addition to the existing building will provide additional floorspace for data center uses and will be connected to the existing facility within the boundaries of the established data center campus. No new roads, parking, utilities, or site expansion are proposed, and the project is not expected to increase employment, traffic, or parking demand. Amends STMP-2021-0017."
"STPL-2023-0041      ","Engineering Plan","In Review","","07/24/2023","","","Plan","","154199491000","(Conditional Approval) CYRUSONE BROADLANDS DATA CENTER : REQUESTED APPROVAL OF A SITE PLAN (STPL) FOR A DATA CENTER DEVELOPMENTON APPROXIMATELY FIFTY EIGHT (58) ACRES, DEVELOPMENT CONSISTS OF      APPROXIMATELY SEVEN HUNDRED EIGHTY-FOUR THOUSAND SIX HUNDRED (784,600)SF OF DATA CENTER AND FOURTY ONE THOUSAND (41,000) SF OF OFFICE SPACE IN THE PLANNED DEVELOPMENT-OFFICE PARK (PDOP) ZONING DISTRICT.        AN"
"ESMT-2021-0016      ","Plat - Tier 1 - Easements (ESMT), or Dedication Plats (DEDI)","Approved","","02/26/2021","","","Plan","21445 BEAUMEADE CIR ASHBURN VA 20147","042152579000","AREP BEAUMEADE DATA CENTER : REQUEST APPROVAL OF AN EASEMENT PLAT (ESMT) FOR A NEW STORM SEWER,    WATER, AND SANITARY EASEMENTS TO BEAUMEADE DATA CENTER IN THE PLANNED DEVELOPMENT INDUSTRIAL PARK (PDIP) ZONING DISTRICT.                   AM"
"PLAT-2024-0241","Plat - Tier 1 - Easements (ESMT), or Dedication Plats (DEDI)","Approved","","08/28/2024","","","Plan","21529  BEAUMEADE CIR  ASHBURN VA 20147","042152579000","AREP BEAUMEADE DATA CENTER - Easement Plat for sight distance STMP-2021-0006"
"PBOND-2025-0082","Performance Bond","Active Bond","","06/03/2025","","","Plan","","062257134000","Performance Bond & Agreement for LC8 Data Center"
"PSUB-2021-0041      ","Site Plan Premeeting","Completed","","06/30/2021","","","Plan","44862 INTERCONNECTION PL ASHBURN VA 20147","060307119000","DATA CENTER IMPROVEMENTS : To discuss the installation of security improvements at existing data centers in multiple locations.  Parcel provided for reference."
"STPL-2020-0046      ","Engineering Plan","In Review","TUSCARORA CROSSING PROJECT","10/29/2020","","","Plan","","150151774000","Waiting for ZO Administrato Determination (Conditional Approval) TUSCARORA CROSSING LB 3 : REQUEST APPROVAL OF A SITE PLAN (STPL) FOR THE CONSTRUCTION OF DATA   CENTER BUILDINGS, IN THE PLANNED DEVELOPMENT-INDUSTRIAL PARK (PDIP)   ZONING DISTRICT.                                                      AM"
"GBOND-2024-0232","Grading - Grading Bond","Active Bond","","11/04/2024","","","Plan","22200  LOUDOUN COUNTY PKWY  ASHBURN VA 20147","089496246000","Grading Permit for the construction of STPL-2023-0001 LC11 & LC12 Data Center"
"PMTG-2026-0076","Legislative Land Development Premeeting","Withdrawn","","03/30/2026","","","Plan","22520  RANDOLPH DR  STERLING VA 20166","045352692000","22520 RANDOLPH DRIVE: To discuss a Special Exception for a 6,600-square-foot, 2-story data center addition to a 13.959-acre data center campus at the northeast corner of Randolph Drive and Moran Road (PIN 045-35-2692) in the General Industry (GI) Zoning District."
"PBOND-2023-0051","Performance Bond","Active Bond","","05/08/2023","","","Plan","21800 BEAUMEADE CIR ASHBURN VA 20147","061307791000","H5 DATA CENTER : REQUEST APPROVAL OF A SITE PLAN (STMP) FOR A MULTI-STORY DATA CENTER  AND ASSOCIATED INFRASTRUCTURE IN THE PD-IP ZONING DISTRICT.           ZDF"
"STPL-2013-0032      ","Engineering Plan","Approved","","06/11/2013","","","Plan","22225 LOUDOUN COUNTY PKWY ASHBURN VA 20147","089496314000","LOUDOUN METRO DATA CENTERS LM1 & LM2 : REQUEST APPROVAL OF A SITE PLAN (SPTL) FOR THE DESIGN OF TWO (2) DATA CENTER BUILDINGS, AND ASSOCIATED UTILITIES AND INFRASTRUCTURE IN THE PLANNED DEVELOPMENT OFFICE PARK ZONING DSITRICT.                       EB"
"PBOND-2025-0084","Performance Bond","Active Bond","","06/03/2025","","","Plan","","062257134000","Proffer Bond and Agreement for LC8 Data Center"
"EPLAN-2025-0061","Engineering Plan","In Review","","03/21/2025","","","Plan","","083103527000","ASHBROOK TECH CENTER: Site plan application for the development of three data center buildings with one substation and improvements per applicable proffers."
"STMP-2022-0009      ","Engineering Plan","Approved","","06/22/2022","","","Plan","22190 LOUDOUN COUNTY PKWY ASHBURN VA 20147","062256361000","DULLES BERRY LC8 DATA CENTER : REQUEST APPROVAL OF A MODIFIED PROCESS SITE PLAN (STMP) FOR THE       CONSTRUCTION OF A 3-STORY DATA CENTER BUILDING AND ASSOCIATED         INFRASTRUCTURE, IN THE PLANNED DEVELOPMENT- RESEARCH AND DEVELOPMENT  PARK (PDRDP) ZONING DISTRICT.                                         HV"
"STPL-1999-0085      ","Engineering Plan","Approved","","10/15/1999","","","Plan","22001 LOUDOUN COUNTY PKWY ASHBURN VA 20147","061264401000","MCI WORLDCOM PHASE 3 DATA CENTER : 108,336 s.f. Data Center with associated parking and utilities. For a non-residential"
"GBOND-2025-0058","Grading - Grading Bond","Active Bond","","04/09/2025","","","Plan","21529  BEAUMEADE CIR  ASHBURN VA 20147","042152579000","Existing Data Center equipment yard improvements associated with STMP-2021-0006 & SPAM-2022-0033"
"PBOND-2024-0014","Performance Bond","Active Bond","","02/07/2024","","","Plan","24367  RACEFIELD LN  ALDIE VA 20105","203461210000","IAD-11 Data Center; SPAM-2022-0036. Site Improvements associated with substation pad construction"
"EPLAN-2024-0058","Engineering Plan","In Review","","05/08/2024","","","Plan","45564  THAYER RD  STERLING VA 20166","030465708000","(Conditional Approval) Thayer Road - This project consists of a proposed 2-story data center with a road around it, utilities, and other associated infrastructure."
"STPL-2020-0005      ","Engineering Plan","Approved","","02/07/2020","","","Plan","22080 PACIFIC BLVD STERLING VA 20166","044261032000","EPLAN-2023-0138 Supersedes STACK ASHBURN DATA CENTER : REQUEST APPROVAL OF A SITE PLAN (STPL) TO ADD SERVICE YARDS NECESSARY TO SUPPORT INTERNAL IMPROVEMENTS TO THE EXISTING DATA CENTER, IN THE  PLANNED DEVELOPMENT- OFFICE PARK (PDOP) ZONING DISTRICT.              HV"
"EPLAN-2025-0181","Engineering Plan Revision","In Review","","10/17/2025","","","Plan","22225  LOUDOUN COUNTY PKWY  ASHBURN VA 20147","089496314000","LC11 & LC12 DATA CENTER - REVISION TO APPROVED STPL-2023-0001.  REVISIONS INCLUDEADDITION OF SECURITY FENCE AND GUARD SHACK, PAVEMENT/PARKING REVISIONS AND MINOR UTILITY REVISIONS."
"ZCOR-2011-0041      ","Zoning Correspondence - Determinations & Verifications (ZCOR)","Completed","","02/22/2011","","","Plan","22630 DULLES SUMMIT CT STERLING VA 20166","045159083000","VADATA DATA CENTER PD-GI : Ryan Moody of NAI KLNB Commerical Real Estate Services, on behalf of  VADATA Inc, requests a determination as to the permissibility of      operating a data center on the parcel identified as 22630 Dulles      Summit Court, Sterling, VA.                                           PD-GI  Data Center  Office  Assembly Distribution Warehouse"
"EPLAN-2025-0023","Engineering Plan","Inactive","","02/07/2025","","","Plan","24050  YOUNGWOOD LN  ALDIE VA 20105","203479574000","ALLEGRO NORTH CAMPUS BLDG 2F: Site Plan for a data center development on approximately 11.19 acres. Consists of approximately 126,990 SF of data center (2-story), 19,485 SF of office space (2-story), and 4,800 SF of loading dock area (1-story)."
"SPEX-2010-0022      ","Special Exception","Approved","","09/20/2010","","","Plan","21641 BEAUMEADE CIR ASHBURN VA 20147","060193174000","CIT GUILFORD DRIVE LLC DATA CENTER : A special exception for 100% office data center use at a 0.6 FAR in PD-IP."
"PBOND-2017-0010","Performance Bond","Active Bond","","01/18/2017","","","Plan","21744 SIR TIMOTHY DR ASHBURN VA 20147","061268762000","LOUDOUN CENTER ACC-10 DATA CENTER"
"STPL-2020-0044      ","Engineering Plan","Approved","","10/13/2020","","","Plan","44621 WAXPOOL RD ASHBURN VA 20147","061275931000","LOUDOUN CENTER- LC3 DATA CENTER : REQUEST APPROVAL OF A SITE PLAN (STPL) FOR THE CONSTRUCTION OF A      3-STORY DATA CENTER, IN THE PLANNED DEVELOPMENT-OFFICE PARK (PDOP)    ZONING DISTRICT.                                                      AM"
"ESMT-2018-0021      ","Plat - Tier 1 - Easements (ESMT), or Dedication Plats (DEDI)","Withdrawn","","04/25/2018","","","Plan","","124369522000","606 DATA CENTER : REQUEST APPROVAL OF AN EASEMENT PLAT (ESMT) IN SUPPORT OF             CPAP-2018-0002, IN THE PLANNED DEVELOPMENT- GENERAL INDUSTRIAL (PDGI) ZONING DISTRICT.                                                      HV"
"SPEX-2021-0041      ","Special Exception","Approved","","09/20/2021","","","Plan","25316 PREDICTION LN CHANTILLY VA 20152","097354183000","POLAND RD DATA CENTER YARD EXPANSION : Special Exception to expand a previously approved (SPEX-2019-0028)    equipment yard associated with a data center."
"EPLAN-2023-0138","Engineering Plan","Approved","","12/20/2023","","","Plan","","044261032000","STACK ASHBURN DATA CENTER (SPAM): This is a Site Plan Amendment to STPL-2020-0005 Stack Ashburn Data Center for the relocation of tree conservation landscaping necessitated by the proposed Loudoun Water Reclaim Water utility and easement line (processed separately with LW No. 20220117)."
"PSUB-2014-0007      ","Site Plan Premeeting","Completed","","02/25/2014","","","Plan","21362 SMITH SWITCH RD ASHBURN VA 20147","060277964000","DUPONT FABROS TECHNOLOGY DATA CENTER : PROPOSING TO CONSTRUCT A DATA CENTER ON PARCEL LOCATED ALONG EAST SIDEOF SMITH SWITCH ROAD, NORTH OF CHILUM PLACE IN ASHBURN IN THE PDIP    ZONING DISTRICT.                                                      MCC"
"DEDI-2023-0043      ","Plat - Tier 1 - Easements (ESMT), or Dedication Plats (DEDI)","In Review","","07/21/2023","","","Plan","21670 RIDGETOP CIR STERLING VA 20166","030304784000","RIDGETOP DATA CENTER : REQUEST APPROVAL OF A DEDICATION PLAT (DEDI) FOR DEDICATION OF VDOT   RIGHT-OF-WAY, IN THE PLANNED DEVELOPMENT - INDUSTRIAL PARK (PDIP)     ZONING DISTRICT.                                                      DS"
"STMP-2022-0003      ","Engineering Plan","Approved","","03/18/2022","","","Plan","22715 RELOCATION DR STERLING VA 20166","045279612000","RELOCATION DRIVE : REQUEST APPROVAL OF A MODIFIED PROCESS SITE PLAN (STMP) FOR (1) ONE   DATA CENTER AND ASSOCIATED INFRASTRUCTURE INCLUDING SWM AND BMP       TOTALING THREE HUNDRED FOUR THOUSAND ONE HUNDRED SIXTY-SIX SQUARE FEET(304,166.0) IN THE (R1) SINGLE FAMILY RESIDENTIAL-1 ZONING DISTRICT.  SDM"
"STPL-2014-0028      ","Engineering Plan","Withdrawn","","07/01/2014","","","Plan","","061373570000","CATAPAULT VENTURES LLC DATA CENTER : REQUEST APPROVAL OF A SITE PLAN AND PROFILES (STPL) FOR A ONE STORY   DATA CENTER WITH THE ASSOCIATED PARKING AND UTILITY EXTENSIONS IN A   INDUSTRIAL ZONING DISTRICT.                                           SMK"
"STMP-2016-0007      ","Engineering Plan","Approved","","11/14/2016","","","Plan","21744 SIR TIMOTHY DR ASHBURN VA 20147","061268762000","ACC-10 DATA CENTER : REQUEST APPROVAL OF A MODIFIED SITE PLAN (STMP) FOR THE DESIGN OF A   TWO HUNDRED EIGHTY-EIGHT THOUSAND FOUR HUNDRED THREE (288,403) SQUARE FOOT DATA CENTER BUILDING AND ASSOCIATED PARKING, UTILITIES, AND      INFRASTRUCTURE, IN THE PLANNED DEVELOPMENT-OFFICE PARK (PDOP) ZONING  DISTRICT.                                                             KI"
"PLAT-2024-0149","Plat - Tier 1 - Easements (ESMT), or Dedication Plats (DEDI)","In Review","","06/20/2024","","","Plan","","202177155000","POA documents related to EPLAN-2023-0104(STPL) ALLEGRO NORTH CAMPUS - BLDG 2A: Data Center and support facilities."
"PBOND-2024-0012","Performance Bond","Active Bond","","01/25/2024","","","Plan","41840 GROWTH MINDSET LN ALDIE VA 20105","203354208000","IAD12 & IAD13 DATA CENTER : REQUEST APPROVAL OF A MODIFIED PROCESS SITE PLAN (STMP-2023-000) Stays w/ BMT"
"EPLAN-2025-0027","Engineering Plan","In Review","","02/12/2025","","","Plan","22400  SHAW RD  STERLING VA 20166","033453879000","(Conditional Approval) Sterling Technology Park - Proposed Construction of Data Center Building ,Mechanical Yards, Guard Booth, and related infrastructure"
"EPLAN-2024-0093","Engineering Plan Revision","Approved","","07/12/2024","","","Plan","22190 LOUDOUN COUNTY PKWY ASHBURN VA 20147","062256361000","(Conditional Approval) DULLES BERRY LC8 DATA CENTER: THIS SPAM IS FOR THE REVISION TO CONDITIONALLY APPROVED STMP-2022-0009 LC8 DATA CENTER.  REVISIONS INCLUDE MINOR CHANGES TO THE BUILDING FOOTPRINT, GRADING, UTILITIES AND PARKING."
"APPL-2026-0005","Appeal - Appeal","Submitted","","08/21/2026","","","Plan","19540 CROSSTRAIL BLVD LEESBURG VA 20175","150151774000","Craig J. Blakeley, Esq. of Alliance Law Group LLC, on behalf of Isahm & Nelia Diab submitted an appeal to ZCOR-2026-0152 dated July 23, 2026 of vested rights for Tuscarora Crossing, Land Bay 3 to develop a data center and major utility uses by-right."
"PCOR-2026-0048","Planning Correspondence - Administrative","Approved","","04/14/2026","","","Plan","22745  RELOCATION DR  STERLING VA 20166","045175529000","RELOCATION DRIVE CHECKLIST WAIVER: A request to waive Special Exception Checklist Items I, J, and K.2 for the upcoming Relocation Drive Data Center application at PIN 045-17-5529."
"ZCOR-2012-0001      ","Zoning Correspondence - Determinations & Verifications (ZCOR)","Completed","","01/03/2012","","","Plan","22631 DULLES SUMMIT CT STERLING VA 20166","045358110000","TRANSWESTERN DATA CENTER PD-GI 1972 : Stephen Cloud of Transwestern requests a determination as to the      permissibility of a data center operating on the parcels identified   as 22631 and 22651 Dulles Summit Court, Sterling, VA, PIN#s 045358110 and 045254455.                                                        Data Center  PD-GI 1972"
"EPLAN-2026-0078","Engineering Plan","In Review","","06/03/2026","","","Plan","42055  COCHRAN MILL RD  LEESBURG VA 20175","151476655000","TWIN CREEKS DATA CENTERS: Site containing two data center buildings with associated infrastructure and landscaping. (REVISION OF APPROVED PLAN STPL-2022-0040)"
"STMP-2023-0005      ","Engineering Plan","Approved","","05/15/2023","","","Plan","41840 GROWTH MINDSET LN ALDIE VA 20105","203354208000","IAD12 & IAD13 DATA CENTER : REQUEST APPROVAL OF A MODIFIED PROCESS SITE PLAN (STMP) FOR           CONSTRUCTION OF TWO (2) DATA CENTER BUILDINGS AND ASSOCIATED ROADS,   UTILITIES, AND AN OFFSITE STEP POOL CONVEYANCE SYSTEM, IN THE PLANNED DEVELOPMENT - INDUSTRIAL PARK (PDIP) AND SINGLE FAMILY RESIDENTIAL - 1(R1) ZONING DISTRICTS.                                                DS"
"PBOND-2023-0049","Performance Bond","Active Bond","","05/08/2023","","","Plan","21800 BEAUMEADE CIR ASHBURN VA 20147","061307791000","H5 DATA CENTER : REQUEST APPROVAL OF A SITE PLAN (STMP) FOR A MULTI-STORY DATA CENTER  AND ASSOCIATED INFRASTRUCTURE IN THE PD-IP ZONING DISTRICT.           ZDF"
"SPAM-2005-0055      ","Engineering Plan Revision","Approved","","05/25/2005","","","Plan","21830 UUNET DR ASHBURN VA 20147","061254209000","MCI DATA CENTER : REQUEST APPROVAL OF A SITE PLAN AMENDMENT TO ALREADY APPROVED SITE    PLAN (STPL-1999-0085) FOR A BATTERY ROOM ADDITION AND A MECHANICAL    EQUIPMENT YARD.                                                       EKH"
"FPAL-2022-0019      ","Floodplain Alteration Type 2","Approved","","10/28/2022","","","Plan","21800 BEAUMEADE CIR ASHBURN VA 20147","061307718000","H5 DATA CENTER : REQUEST APPROVAL OF A FLOODPLAIN ALTERATION (FPAL) TO ALTER CROSS     SECTIONS LOCATED WITHIN AN EXISTING FLOODPLAIN, IN THE PLANNED        DEVELOPMENT - INDUSTRIAL PARK (PDIP) ZONING DISTRICT.                 EK"
"PCOR-2023-0023","Planning Correspondence - Administrative","Approved","","11/03/2023","","","Plan","43240 DATA DR ASHBURN VA 20147","113372932000","air pollution control permit for data center with 17 emergency generators and diesel belly tanks; approved STPL-2022-0016"
"EPLAN-2026-0084","Engineering Plan Revision","In Review","","06/25/2026","","","Plan","45415  LEESBURG PIKE  STERLING VA 20166","030465708000","THAYER RD DATA CENTER SPAM: THIS SPAM IS TO ADJUST THE BUILDING HEIGHT OF THE PROPOSED BUILDING FROM 45' TO 65'. NOTE THAT THE SIGNING ENGINEER FOR GORDON IS ONLY VALIDATING THE CHANGE IN BUILDING HEIGHT ON THE CLOUDED SHEETS IN THE SHEET INDEX ONLY. Amending EPLAN-2024-0058"
"STMP-2021-0016      ","Engineering Plan","Approved","","11/09/2021","","","Plan","","062256361000","DULLES BERRY LC4 DATA CENTER : REQUEST APPROVAL OF A MODIFIED SITE PLAN PROCESS (STMP) FOR THE       CONSTRUCTION OF A THREE-STORY DATA CENTER BUILDING, IN THE PLANNED    DEVELOPMENT - RESEARCH AND DEVELOPMENT PARK (PDRDP) ZONING DISTRICT.  AM"
"SPAM-2018-0007      ","Engineering Plan Revision","Approved","","01/16/2018","","","Plan","21735 RED RUM DR Unit: #110 ASHBURN VA 20147","088392214000","INTERGATE ASHBURN DATA CENTER PH 2 : REQUEST APPROVAL OF A SITE PLAN AMENDMENT (SPAM) TO REVISE PHASE 2 TO REFLECT A NEW TWO STORY DATA CENTER BUILDING, REVISED MECHANICAL      YARDS, LOADING DOCK, PARKING, LANDSCAPING, AND UTILITY SERVICES, IN   THE PLANNED DEVELOPMENT- INDUSTRIAL PARK (PDIP) ZONING DISTRICT.      HV"
"SPEX-2022-0024      ","Special Exception","Approved","","05/25/2022","","","Plan","22715 RELOCATION DR STERLING VA 20166","045279612000","ALIGNED ENERGY DATA CENTER : A Special Exception for an increase in FAR above the .60 limit        pursuant to Section 4-306(C) of the Zoning Ordinance, which allows fora maximum of 2.0 FAR by special exception. With this application, the Applicant is proposing an FAR for the data center of 1.02."
"EPLAN-2025-0072","Engineering Plan Revision","Approved","","04/17/2025","","","Plan","21529  BEAUMEADE CIR  ASHBURN VA 20147","042152579000","AREP BEAUMEADE DATA CENTER - Revision to previously approved STMP-2021-0006 and SPAM-2022-0033 to add 19 parking spaces"
"STMP-2018-0013      ","Engineering Plan","Approved","","09/14/2018","","","Plan","21955 LOUDOUN COUNTY PKWY ASHBURN VA 20147","061177666000","LOUDOUN CENTER LC1B DATA CENTER : REQUEST APPROVAL OF A MODIFIED PROCESS SITE PLAN (STMP) FOR THE       CONSTRUCTION OF A TWO STORY DATA CENTER BUILDING AND ASSOCIATED       INFRASTRUCTURE, IN THE PLANNED DEVELOPMENT- OFFICE PARK (PDOP) ZONING DISTRICT.                                                             HV"
"STMP-2022-0015      ","Engineering Plan","Approved","","08/08/2022","","","Plan","22760 PACIFIC BLVD STERLING VA 20166","045195615000","DARVISH DATA CENTER BUILDING B : REQUEST APPROVAL OF A MODIFIED PROCESS SITE PLAN (STMP) FOR A FAST    TRACK SITE PLAN FOR CONSTRUCTION OF TWO DATA CENTER BUILDINGS, IN THE PLANNED DEVELOPMENT-INDUSTRIAL PARK (PDIP) ZONING DISTRICT.           AM"
"PLAT-2025-0140","Plat - Tier 1 - Easements (ESMT), or Dedication Plats (DEDI)","Approved","","05/19/2025","","","Plan","22190 LOUDOUN COUNTY PKWY ASHBURN VA 20147","062256361000","Bluebeam session # 981-200-327   DULLES BERRY LC8 DATA CENTER: THIS SPAM IS FOR THE REVISION TO CONDITIONALLY APPROVED STMP-2022-0009 LC8 DATA CENTER.  REVISIONS INCLUDE MINOR CHANGES TO THE BUILDING FOOTPRINT, GRADING, UTILITIES AND PARKING."
"PLAT-2025-0100","Plat - Tier 1 - Easements (ESMT), or Dedication Plats (DEDI)","In Review","","04/10/2025","","","Plan","","083359224000","BELMONT LANDBAY KK DATA CENTER : REQUEST APPROVAL OF A SITE PLAN (STPL) FOR THE CONSTRUCTION OF A DATA CENTER, OFFICE, AND ASSOCIATED SITE INFRASTRUCTURE TO SUPPORT THE     DEVELOPMENT, IN THE PLANNED DEVELOPMENT   OFFICE PARK (PDOP) ZONING   DISTRICT.                                                             DS"
"PLAT-2025-0115","Plat - Tier 1 - Easements (ESMT), or Dedication Plats (DEDI)","In Review","","04/18/2025","","","Plan","","083359224000","BELMONT LANDBAY KK DATA CENTER : REQUEST APPROVAL OF A SITE PLAN (STPL) FOR THE CONSTRUCTION OF A DATA CENTER, OFFICE, AND ASSOCIATED SITE INFRASTRUCTURE TO SUPPORT THE     DEVELOPMENT, IN THE PLANNED DEVELOPMENT   OFFICE PARK (PDOP) ZONING   DISTRICT.                                                             DS"
"PRAP-2021-0043      ","Legislative Land Development Premeeting","Completed","","05/18/2021","","","Plan","21800 BEAUMEADE CIR ASHBURN VA 20147","061307718000","H5 DATA CENTER FLOOR AREA RATIO : Request for a Special Exception to increase the permitted FAR from 0.6to 1.0 for a data center in the PD-IP zoning district."
"EPLAN-2025-0102","Engineering Plan","In Review","","06/18/2025","","","Plan","23825  ERINS RUN DR  STERLING VA 20166","124299328000","THE SUBJECT OF THIS APPLICATION CONSISTS OF THE DESIGN OF A 1-STORY DATA CENTER BUILDING AND ASSOCIATED UTILITIES AND INFRASTRUCTURE."
"FPST-2022-0019      ","Floodplain Study Type 2","Approved","","10/28/2022","","","Plan","21800 BEAUMEADE CIR ASHBURN VA 20147","061307718000","H5 DATA CENTER : REQUEST APPROVAL OF A FLOODPLAIN STUDY (FPST) TO DETERMINE THE LIMITS OF AN EXISTING FLOODPLAIN ON THE SUBJECT PROPERTY, IN THE PLANNED     DEVELOPMENT - INDUSTRIAL PARK (PDIP) ZONING DISTRICT.                 EK"
"BLAD-2023-0002      ","Plat - Tier 1 - Easements (ESMT), or Dedication Plats (DEDI)","Approved","","01/19/2023","","","Plan","21800 BEAUMEADE CIR ASHBURN VA 20147","061307718000","H5 DATA CENTER : REQUEST APPROVAL OF A BOUNDARY LINE ADJUSTMENT PLAT(BLAD) AND         CONSOLIDATION OF THREE (3) LOTS INTO ONE (1) LOT, IN THE PLANNED      DEVELOPMENT - INDUSTRIAL PARK (PDIP) ZONING DISTRICT.                 EK"
"ZCOR-2026-0181","Zoning Correspondence - Determinations & Verifications (ZCOR)","In Review","","06/08/2026","","","Plan","43321  DATA DR  ASHBURN VA 20147","113272390000","Vantage Data Centers VA3 LLC and Vantage Data Centers VA31 LLC (the Owner),  request your offices confirmation that the minor changes proposed and already reviewed with staff to approved data center site plan STMP-2022-0016 are permitted pursuant to Section 10.11.01.H of the Loudoun County Zoning Ordinance (the Zoning Ordinance)."
"STPL-2015-0011      ","Engineering Plan","Approved","","03/26/2015","","","Plan","21605 LOCKRIDGE RD ASHBURN VA 20147","089496314000","LOUDOUN METRO DATA CENTER LM5-LM8 : REQUEST APPROVAL OF A SITE PLAN (STPL) FOR FOUR (4) DATA CENTER       BUILDINGS AND ASSOCIATED ROADWAYS AND INFRASTRUCTURES IN A OFFICE PARKZONING DISTRICT.                                                      SMK"
"PMTG-2026-0078","Site Plan Premeeting","Completed","","04/01/2026","","","Plan","","097409598000","FIREFOX DATA CENTER: A premeeting to discuss various discrepancies between the CDP and the current zoning ordinance requirements."
"WAIV-2018-0019      ","Building and Development Correspondence (BDCOR)","Approved","","03/30/2018","","","Plan","","124369522000","606 DATA CENTER : REQUEST APPROVAL OF A WAIVER (WAIV) TO THE FACILITIES STANDARDS MANUAL(FSM) SECTION 5.220.B.13.f RELATED TO OUTFALL, IN THE PLANNED         DEVELOPMENT- GENERAL INDUSTRIAL (PDGI) ZONING DISTRICT.               HV"
"ZCOR-2016-0161      ","Zoning Correspondence - Determinations & Verifications (ZCOR)","Completed","","08/23/2016","","","Plan","","044285198000","DATA CENTER PROFFER DETERMINATION : Molly M. Novotny of Cooley is requesting a verification letter on AOL lot PIN # 044-28-5198 regarding approved ZMAP-1998-0007 which rezoned the property PD-OP. That approval allowed, among other options, up to 1,082,250 square feet of office uses.We would like to confirm that a  data center reamins regulated as an offcie use under the 1993 Ordianceand is permitted on this parcel and if the property may be developed  with up to 1,082,250 square feet data center in accordance with the   Proffers and CDP."
"WAIV-2022-0006      ","Building and Development Correspondence (BDCOR)","Void","","05/11/2022","","","Plan","22760 PACIFIC BLVD STERLING VA 20166","045195615000","DARVISH DATA CENTER : REQUEST APPROVAL OF A WAIVER (WAIV) TO THE FACILITIES STANDARDS MANUAL(FSM) SECTION 5.220.B.13.C RELATED TO STORMWATER MANAGEMENT, IN THE   PLANNED DEVELOPMENT- INDUSTRIAL PARK (PDIP) ZONING DISTRICT.          HV"
"ZOAM-2024-0001","Zoning Ordinance Amendment - Zoning Ordinance Amendment","Approved","","02/06/2024","","","Plan","","","Zoning Ordinance Amendment for Data Center Standards and Locations. For more information and Documentation please see CPAM-2024-0001"
"PBOND-2011-0134","Performance Bond","Completed","","08/17/2011","","","Plan","44664 GUILFORD DR ASHBURN VA 20147","060298548000","BEAUMEADE LOT 28A, RAGING WIRE DATA CENTER"
"DEDI-2022-0004      ","Plat - Tier 1 - Easements (ESMT), or Dedication Plats (DEDI)","In Review","","03/02/2022","","","Plan","22760 PACIFIC BLVD STERLING VA 20166","045195615000","DARVISH DATA CENTER : REQUEST APPROVAL OF A DEDICATION PLAT (DEDI) FOR THE PROPOSED RIGHT OFWAY DEDICATION AND ON SITE EASEMENTS ASSOCIATED WITH STMP-2021-0020,  IN THE PLANNED DEVELOPMENT INDUSTRIAL PARK (PDIP) ZONING DISTRICT.    AM"
"PLAT-2025-0069","Plat - Tier 1 - Easements (ESMT), or Dedication Plats (DEDI)","Withdrawn","","03/19/2025","","","Plan","19473  SAMUELS MILL CT  LEESBURG VA 20175","150264327000","SAMUELS MILL ASSEMBLAGE: 2-story data center and associated infrastructure.
The application need to resubmit as a DEDI, because contains the vacation a Reservation"
"PRAP-2022-0010      ","Legislative Land Development Premeeting","Completed","","02/15/2022","","","Plan","22715 RELOCATION DR STERLING VA 20166","045279612000","ALIGNED ENERGY DATA CENTER : Request for a ZMAP to rezone property from R-1 to PD-OP and a SPEX to allow increased FAR."
"SPEX-2022-0023      ","Special Exception","Approved","","04/18/2022","","","Plan","","032155119000","VANTAGE DATA CENTER : A Special Exception application to increase the FAR on the Property   from a .60 to a 1.0. in order to establish a data center on the       property."
"PRAP-2021-0005      ","Legislative Land Development Premeeting","Completed","","01/08/2021","","","Plan","STERLING VA 20166","045252512000","DULLES SUMMIT DATA CENTER REDEVELOPMENT : Request for a Zoning Conversion in the Route 28 Tax District to       convert from the 1972 PD-GI Zoning District to PD-GI under the Revised1993. Special Exception to obtain a 0.6 FAR for a two-story data      center."
"PLAT-2024-0164","Plat - Tier 1 - Easements (ESMT), or Dedication Plats (DEDI)","Inactive","","06/27/2024","","","Plan","","161269137000","DEDI - Brambleton - Shreveport South - Data Center: Plat Showing Street Dedication and Creation and Vacation of Various Easements"
"PLAT-2026-0130","Plat - Tier 1 - Easements (ESMT), or Dedication Plats (DEDI)","In Review","","08/25/2026","","","Plan","110  TERMINAL DR  STERLING VA 20166","034482590000","110 TERMINAL DRIVE DATA CENTER Easement Plat: Easement plat for offsite easements associated with EPLAN-2024-0105"
"PLAT-2026-0128","Plat - Tier 1 - Easements (ESMT), or Dedication Plats (DEDI)","In Review","","08/20/2026","","","Plan","110  TERMINAL DR  STERLING VA 20166","034482590000","110 TERMINAL DRIVE DATA CENTER Easement Plat: Easement plat for onsite easements associated with EPLAN-2024-0105"
"PRAP-2021-0029      ","Legislative Land Development Premeeting","Completed","","03/16/2021","","","Plan","45865 MARIES RD STERLING VA 20166","030292034000","45865 MARIES ROAD DATA CENTER REZONING : Request to rezone a 10-acre parcel from A-3 to PD-IP to permit a data center use. Special Exception to increase FAR from 0.6 to 1.0."
"ZCOR-2026-0256","Zoning Correspondence - Determinations & Verifications (ZCOR)","In Review","","08/17/2026","","","Plan","24141  UPPER WOODSIDE LN  STERLING VA 20166","162392026000","Ben Wales of Curata Partners is requesting a zoning determination for 24141 Upper Woodside Lane, Sterling - PIN: 162-39-2026-000 if additional floor area can be added to an existing building on the Property pursuant to Section 10.11.01.H.

Zoning determination request seeking confirmation that an existing data center building can be expanded pursant to Section 10.11.01.H of the Zoning Ordinance."
"STMP-2018-0012      ","Engineering Plan","Approved","","08/06/2018","","","Plan","22001 LOUDOUN COUNTY PKWY Unit: #105 ASHBURN VA 20147","061252789000","QUANTUM PARK, CENTURION AT : REQUEST APPROVAL OF A SITE PLAN MODIFIED PROCESS (STMP) FOR THE       PROPOSED DATA CENTER BUILDINGS WITH SUPPORTIVE OFFICES, MECHANICAL    YARDS, ASSOCIATED PARKING AND INFRASTRUCTURE IN A PLANNED DEVELOPMENT OFFICE PARK (PDOP) ZONING DISTRICT.                                   SMK"
"SPAM-2022-0036      ","Engineering Plan Revision","Approved","","04/29/2022","","","Plan","41840 GROWTH MINDSET LN ALDIE VA 20105","203354208000","IAD11 DATA CENTER : REQUEST APPROVAL OF A SITE PLAN AMENDMENT (SPAM) FOR THE CONSTRUCTION OF THE ELECTRICAL SUBSTATION WITH ACCESS ROAD TO CONNECT TO AN        EXISTING ACCESS ROAD, IN THE PLANNED DEVELOPMENT- INDUSTRIAL PARK     (PDIP) ZONING DISTRICT.                                               AM"
"SPAM-2010-0049      ","Engineering Plan Revision","Approved","","10/14/2010","","","Plan","45360 SEVERN WAY W STERLING VA 20166","042200988000","IAD 10 DATA CENTER : REQUEST APPROVAL OF A SITE PLAN AMENDMENT (SPAM) TO PREVIOUSLY STPL   2008-0006 TO ALLOW CLEARING, EROSION AND SEDIMENT CONTROL, GRADING    AND PAVING FOR CONSTRUCTION OF THE PROPOSED GENERATORS, TRANSFORMER   PADS AND OTHER MECHANICAL EQUIPMENT.                                  DAS"
"CPAP-2018-0002      ","Engineering Plan","Approved","","01/26/2018","","","Plan","","124369522000","606 DATA CENTER : REQUEST APPROVAL OF A CONSTRUCTION PLAN AND PROFILES (CPAP)TO PERFORM SITE GRADING, AS WELL AS CONSTRUCT STORMWATER MANAGEMENT FACILITIES   AND RELATED INFRASTRUCTURE FOR FUTURE DEVELOPMENT IN A PLANNED        DEVELOPMENT GENERAL INDUSTRIAL (PDGI) ZONING DISTRICT.                SMK"
"CPAR-2018-0027      ","Engineering Plan Revision","Approved","","12/07/2018","","","Plan","","124369522000","606 DATA CENTER : REQUEST APPROVAL OF CONSTRUCTION PLANS AND PROFILES REVISION (CPAR) TOPREVIOUSLY APPROVED CPAP-2018-0002 TO MODIFY ROUGH GRADING AND EROSIONAND SEDIMENT CONTROLS TO ACCOMMODATE FUTURE DEVELOPMENT, IN THE       PLANNED DEVELOPMENT- GENERAL INDUSTRIAL (PDGI) ZONING DISTRICT.       HV"
"ZCOR-2026-0196","Zoning Correspondence - Determinations & Verifications (ZCOR)","In Review","","06/29/2026","","","Plan","22321  PACIFIC BLVD  STERLING VA 20166","044175589000","Bria Burke of Cooley LLP (on behalf of the owner) is requesting a minor modification to a SPEX, EPLAN-2025-0217.

Centers VA16 LLC (the Owner), to request your offices confirmation that the minor changes proposed with
the currently in-process data center site plan amendment (EPLAN-2025-0217) for the Property are permitted
pursuant to Section 10.11.01.H of the Loudoun County Zoning Ordinance."
"PLAT-2024-0343","Plat - Tier 1 - Easements (ESMT), or Dedication Plats (DEDI)","Approved","","11/26/2024","","","Plan","21605 LOCKRIDGE RD ASHBURN VA 20147","089496246000","LC 11 AND 12 DATA CENTER : REQUEST APPROVAL OF A SITE PLAN (STPL) TO CONSTRUCT TWO (2) DATA      CENTERS AND ASSOCIATED INFRASTRUCTURE, IN THE PLANNED DEVELOPMENT -   OFFICE PARK (PDOP) ZONING DISTRICT.                                   EK"
"PRAP-2020-0089      ","Legislative Land Development Premeeting","Completed","","11/23/2020","","","Plan","44150 WADE DR CHANTILLY VA 20152","097409598000","44150 WADE DRIVE DATA CENTER REZONING : Request for a Zoning Map Amendment to rezone a 24.6-acre parcel from  MR-HI to PD-GI to establish data center use. Special Exception to     increase FAR from 0.4 to 0.6."
"PSUB-2022-0072      ","Site Plan Premeeting","Completed","","10/06/2022","","","Plan","42139 REEDS FARM LN ALDIE VA 20105","203173969000","LOUDOUN DATA CENTER CAMPUS : To construct three new data centers ranging from two-stories and      75-feet tall to three stories and 100-feet tall in PD-IP."
"SPAM-2022-0033      ","Engineering Plan Revision","Approved","","04/15/2022","","","Plan","","042152579000","AREP BEAUMEADE DATA CENTER : REQUEST APPROVAL OF A SITE PLAN AMENDMENT (SPAM) TO TEH PREVIOUSLY    APPROVED STMP-2021-0006, IN THE (PDIP) PLANNED DEVELOPMENT- INDUSTRIALPARK ZONING DISTRICT.                                                 SDM"
"PMTG-2026-0080","Legislative Land Development Premeeting","Completed","","04/06/2026","","","Plan","42949  FADELEY LN  STERLING VA 20166","162392026000","42949 FADELEY LANE: To discuss a Special Exception for four 5,600-square-foot, 2-story data center additions to a 63.539-acre data center campus south of Arcola Boulevard between Arcola Mills Drive and Loudoun County Parkway (PIN 162-39-2026) in the General Industry (GI) Zoning District."
"ZOAM-2016-0002      ","Zoning Ordinance Amendment - Zoning Ordinance Amendment","Approved","","02/23/2016","","","Plan","1 HARRISON ST SE LEESBURG VA 20175","231389137000","DATA CENTER AS SPECIAL EXCEPTION USE-CLI: ZOAM TO RECLASSIFY THE USE "" DATA CENTER"" FROM A PERMITTED USE TO A SPECIAL EXCEPTION USE IN THE COMMERCIAL LIGHT INDUSTRIAL (CLI) ZONING DISTRICT."
"SPAM-2011-0074      ","Engineering Plan Revision","Approved","","08/04/2011","","","Plan","44664 GUILFORD DR ASHBURN VA 20147","060298548000","BEAUMEADE LOT 28A RAGINGWIRE DATA CENTER : REQUEST APPROVAL OF A SITE PLAN AMENDMENT (SPAM) TO PREVIOUSLY APPROVED SPAM-1991-0004 TO BUILD AN ADDITION TO EXISTING BUILDING D AND ASSOCIATED IMPROVEMENTS TO CONVERT THE USE TO A DATA CENTER


RP"
"STPL-2021-0051      ","Engineering Plan","Withdrawn","","12/16/2021","","","Plan","STERLING VA 20166","045252512000","DULLES SUMMIT DATA CENTER 1 LLC : REQUEST APPROVAL OF A SITE PLAN (STPL) FOR A DATA CENTER FACILITY WITHDATA HALLS, OFFICE SPACE, AND ASSOCIATED ROADWAY, PARKING LOT, AND    UTILLITY IMPROVEMENTS, IN THE PLANNED DEVELOPMENT- INDUSTRIAL PARK    (PDIP) ZONING DISTRICT.                                               HV"
"CPAR-2018-0009      ","Engineering Plan Revision","Approved","","05/01/2018","","","Plan","","124369522000","606 DATA CENTER : REQUEST APPROVAL OF CONSTRUCTION PLANS AND PROFILES REVISION (CPAR) TOTHE PREVIOUSLY APPROVED CPAP-2015-0025 TO MORE THE ENTRANCE NORTH     ALONG WITH ASSOCIATED STORM DRAINAGE PIPES, TRAFFIC BARRICADES, AND   FIRE HYDRANT, IN THE PLANNED DEVELOPMENT- GENERAL INDUSTRIAL (PDGI)   ZONING DISTRICT.                                                      HV"
"ZMOD-2022-0028      ","Zoning Modification - ZCASE","Approved","","05/25/2022","","","Plan","22715 RELOCATION DR STERLING VA 20166","045279612000","ALIGNED ENERGY DATA CENTER : A Zoning Modification pursuant to Section 4-306(B) Building           Height.Modification to allow for a 99.5-foot building within the      58-foot setback from Sterling Boulevard."
"SPAM-2011-0008      ","Engineering Plan Revision","Approved","","02/10/2011","","","Plan","45360 SEVERN WAY W STERLING VA 20166","042200988000","1AD 10 DATA CENTER POD 2 : REQUEST APPROVAL OF A SITE PLAN AMENDMENT FOR APPROVED SITE PLAN (STPL-2008-0006) TO PROVIDE A WATER TANK AND CONCRETE PAD WITH 3 INCH WATER SERVICE LINES.


VB"
"PBOND-2016-0031","Performance Bond","Active Bond","","03/03/2016","","","Plan","21745 SIR TIMOTHY DR ASHBURN VA 20147","061361948000","LOUDOUN CENTER ACC-9 DATA CENTER PHASE II"
"PRAP-2020-0063      ","Legislative Land Development Premeeting","Completed","","08/31/2020","","","Plan","45130 WAXPOOL RD STERLING VA 20166","043172630000","DULLES 28 CENTRE DATA CENTER REZONING : Request for a  Zoning Map Amendment to rezone approximately 40 acres  from PD-CH under the 1972 Zoning Ordinance and PD-CC-RC under the Rev.1993 to PD-IP to allow for data center development."
"ESMT-2012-0040      ","Plat - Tier 1 - Easements (ESMT), or Dedication Plats (DEDI)","Approved","","05/31/2012","","","Plan","21625 RED RUM DR ASHBURN VA 20147","088381788000","INTERGATE ASHBURN DATA CENTER : REQUEST APPROVAL OF AN EASEMENT (ESMT) PLAT FOR THE CREATION OF AN ADDITIONAL SIGHT DISTANCE EASEMENT IN THE PLANNED DEVELOPMENT INDUSTRIAL PARK (PD-IP) ZONING DISTRICT


RP"
"SPAM-2013-0025      ","Engineering Plan Revision","Approved","","02/05/2013","","","Plan","21735 RED RUM DR ASHBURN VA 20147","088392214000","INTERGATE ASHBURN DATA CENTER : REQUEST APPROVAL OF A SITE PLAN AMMENDMENT (SPAM) TO PREVIOUSLY APPROVED SITE PLAN TO REVISE GRADING, WATERMAINS AND SERVICES, AND STORM SEWERS WITHIN THE OVERALL PLAN.


EB"
"SPAM-2011-0054      ","Engineering Plan Revision","Approved","","07/01/2011","","","Plan","22630 DULLES SUMMIT CT STERLING VA 20166","045159083000","IAD 12 DATA CENTER POD 1 : REQUEST APPROVAL OF A SITE PLAN AMENDMENT (SPAM) TO PREVIOUSLY        APPROVED SPAM 2000-0157 AND STPL 2000-0051 TO ADD ELECTRIC CHILLERS   GENERATORS AND ELECTRIC TRANSFORMER PADS BEHIND BUILDING.             DAS"
"ZCOR-2026-0037","Zoning Correspondence - Determinations & Verifications (ZCOR)","Approved","","02/11/2026","","","Plan","45757  MARIES RD  STERLING VA 20166","030286764000","Reina Hamayama of Bohler Engineering is requesting a determination seeking confirmation that pursuant to Section 4.06.02.D.2.d. of the Zoning Ordinance, the mechanical equipment designed to serve data center at 45757 Maries Road, Sterling (the ""Property""), is located in a manner that has no impact on certain adjacent industrially-zoned parcels to the south of the Property. As such, no additional screening is required for the mechanical equipment beyond the screening proposed with EPLAN-2025-0189."
"STMP-2022-0011      ","Engineering Plan","Approved","","07/05/2022","","","Plan","21735 RED RUM DR Unit: #110 ASHBURN VA 20147","088392214000","INTERGATE ASHBURN DATA CENTER BLDNG A : REQUEST APPROVAL OF A MODIFIED PROCESS SITE PLAN (STMP) FOR A FINAL   DATA CENTER AND RELATED INFRASTRUCTURE, DESIGNATED AS BUILDING ""A"" ON APPROVED APPLICATIONS STPL-2011-0014, SPAM-2013-0025, AND SPAM        2018-0037. THIS APPLICATION WILL SUPERCEDE THE PREVIOUSLY SHOWN       BUILDING ""A"" AND ITS IMPROVEMENTS SHOWS AS PHASE 3 ON THESE PREVIOUS  APPLICATIONS, IN THE PLANNED DEVELOPMENT-INDUSTRIAL PARK (PDIP) ZONINGDISTRICT.                                                             AM"
"PBOND-2024-0164","Performance Bond","Active Bond","","09/18/2024","","","Plan","21605 LOCKRIDGE RD ASHBURN VA 20147","089496246000","LC 11 AND 12 DATA CENTER : REQUEST APPROVAL OF A SITE PLAN (STPL) TO CONSTRUCT TWO (2) DATA      CENTERS AND ASSOCIATED INFRASTRUCTURE, IN THE PLANNED DEVELOPMENT -   OFFICE PARK (PDOP) ZONING DISTRICT.                                   EK"
"WAIZ-2022-0006      ","Zoning Correspondence - Determinations & Verifications (ZCOR)","In Review","","04/14/2022","","","Plan","STERLING VA 20166","045252512000","DULLES SUMMIT DATA CENTER 1 : Gil Curameng of Bowman Consulting is requesting a waiver from the     requirements of ordinance section 5-1407(B) in accordance with        ordinance section 5-1409(A)(1)(c) for the peripheral parking area     landscaping proposed in the Dulles Summit Data Center 1, LLC site     plan.                                                                 PIN: 045-25-2512 and 045-16-1162."
"PLAT-2025-0138","Plat - Tier 1 - Easements (ESMT), or Dedication Plats (DEDI)","Void","","05/16/2025","","","Plan","22190 LOUDOUN COUNTY PKWY ASHBURN VA 20147","062256361000","Bluebeam session # 981-200-327   DULLES BERRY LC8 DATA CENTER: THIS SPAM IS FOR THE REVISION TO CONDITIONALLY APPROVED STMP-2022-0009 LC8 DATA CENTER.  REVISIONS INCLUDE MINOR CHANGES TO THE BUILDING FOOTPRINT, GRADING, UTILITIES AND PARKING."
"EPLAN-2025-0180","Engineering Plan Revision","In Review","","10/17/2025","","","Plan","21800  BEAUMEADE CIR  ASHBURN VA 20147","061307791000","Revisions to an approved Data Center Site plan to make minor site design adjustments to accommodate the updated security gate, gate equipment and security fence. This plan is associated with EPLAN-2023-0078"
"EPLAN-2026-0111","Engineering Plan","In Review","","07/29/2026","","","Plan","42265  COCHRAN MILL RD  LEESBURG VA 20175","151494358000","Project proposing Data Center buildings 1-3 of the Twin Creeks site with associated landscaping and infrastructure."
"PLAT-2025-0240","Plat - Tier 1 - Easements (ESMT), or Dedication Plats (DEDI)","In Review","","10/29/2025","","","Plan","21800  BEAUMEADE CIR  ASHBURN VA 20147","061307791000","Easement plat to dedicate and vacate easement associated with the H5 Data Center SPAM 2 EPLAN-2025-0180"
"WAIV-2019-0016      ","Building and Development Correspondence (BDCOR)","Approved","","04/17/2019","","","Plan","45905 MARIES RD STERLING VA 20166","030296913000","STERLING 8 DATA CENTER : REQUEST APPROVAL OF A WAIVER (WAIV) TO THE FACILITES STANDARDS MANUAL (FSM) SECTION 5.201 AND 5.220.E.1.b, IN THE PLANNED DEVELOPMENT-      INDUSTRIAL PARK (PDIP) ZONING DISTRICT.                               HV"
"ZCOR-2010-0267      ","Zoning Correspondence - Determinations & Verifications (ZCOR)","Void","","10/21/2010","","","Plan","21250 SMITH SWITCH RD ASHBURN VA 20147","060491647000","COOLEY ZONING CONFIRMATION DATA CENTER : Ben Wales of Cooley LLP requests a zoning confirmation letter for the parcels identified as MCPI#s 060485060 & 060491647."
"SPAM-2012-0035      ","Engineering Plan Revision","Approved","","04/03/2012","","","Plan","22630 DULLES SUMMIT CT STERLING VA 20166","045159083000","IAD 12 DATA CENTER POD 7 : REQUEST APPROVAL OF A SITE PLAN AMENDMENT (SPAM) TO PREVIOUSLY        APPROVED STPL-2000-0157 AND SPAM-2012-0029 FOR THE INSTALLATION OF    ELECTRIC CHILLERS, GENERATORS, AND TRANSFORMER PADS BEHIND THE        EXISTING BUILDING                                                     RP"
"SPAM-2012-0029      ","Engineering Plan Revision","Approved","","03/07/2012","","","Plan","22630 DULLES SUMMIT CT STERLING VA 20166","045159083000","IAD 12 DATA CENTER POD 6 : REQUEST APPROVAL OF A SITE PLAN AMENDMENT (SPAM) TO PREVIOUSLY        APPROVED STPL-2000-0157 AND SPAM-2012-0005 FOR THE INSTALLATION OF    ELECTRIC CHILLERS, GENERATORS, AND TRANSFORMER PADS BEHIND THE        EXISTING BUILDING                                                     RP"
"ZMOD-2022-0027      ","Zoning Modification - ZCASE","Withdrawn","","05/25/2022","","","Plan","22715 RELOCATION DR STERLING VA 20166","045279612000","ALIGNED ENERGY DATA CENTER : A Zoning Modification pursuant to Section 4-305(B)(1) Yards Adjacent  to Roads. Modification proposes to modify this requirement by         providing a 15-foot parking setback from Sterling Boulevard."
"SPAM-2018-0108      ","Engineering Plan Revision","Approved","","12/07/2018","","","Plan","45905 MARIES RD STERLING VA 20166","030296913000","STERLING 8 DATA CENTER : REQUEST APPROVAL OF A SITE PLAN AMENDMENT (SPAM) TO THE PREVIOUSLY    APPROVED SPAM-2018-0071 TO EXTEND THE GENERATOR YARD ONSITE, IN THE   PLANNED DEVELOPMENT- INDUSTRIAL PARK (PDIP) ZONING DISTRICT.          HV"
"EPLAN-2024-0205","Engineering Plan","In Review","","12/20/2024","","","Plan","43293  OLD OX RD  STERLING VA 20166","124189859000","Site plan for the construction of 3 Data Center buildings, a warehouse building, and associated infrastructure"
"ZMOD-2022-0083      ","Zoning Modification - ZCASE","Approved","","10/28/2022","","","Plan","22715 RELOCATION DR STERLING VA 20166","045279612000","ALIGNED ENERGY DATA CENTER : A Zoning Modification to modify Section 5-664 Data Center 1. (D)(1)   Pedestrian and Bicycle   Facilities. 2. To modify Section 5-664(E)(2) Landscaping/Buffering/Screening. The applicant proposes to modify thisstandard by replacing the Road Corridor Buffer Type 3 and six-foot    earthen berm required for Data Centers with the road corridor buffer  types required under Section 5-1403(B) for South Sterling Boulevard   (Type 2 Buffer) and Relocation Drive (Type 1 Buffer).3. To modify     Section 5-644 Data Center (E)(3) Landscaping/Buffering/Screening.  Theapplicant proposes to modify this standard by providing plant types   and percentages of plant units required under Section 5-1408(B)(2) in lieu of the required plant types and percentages of plant units       specified for Data Centers."
"STPL-2014-0024      ","Engineering Plan","Approved","","05/22/2014","","","Plan","","089481925000","LOUDOUN METRO DATA CENTER LM 3 & LM 4 : REQUEST APPROVAL OF A SITE PLAN (STPL) FOR TWO (2) DATA CENTER        BUILDINGS AND ASSOCIATED ROADWAYS AND INFRASTRUCTURE PER APPROVED     ZMAP-2000-0006.                                                       MCC"
"PLAT-2024-0126","Plat - Tier 1 - Easements (ESMT), or Dedication Plats (DEDI)","Approved","","05/01/2024","","","Plan","42842 ARCOLA BLVD ASHBURN VA 20148","161397058000","POA review associated with STPL-2023-0028 Brambleton Business Campus Data Center"
"PBOND-2023-0002","Performance Bond","Active Bond","","01/12/2023","","","Plan","","045195615000","DARVISH DATA CENTER"
"SBPR-2022-0009      ","Plat - Tier 3 - Preliminary/Record Plat (SBPR) or Record Plat (SBRD)","Approved","","07/27/2022","","","Plan","21195 ATLANTIC BLVD STERLING VA 20166","029151809000","DULLES TOWN CENTER DATA CENTER : REQUEST APPROVAL OF A PRELIMINARY / RECORD SUBDIVISION PLAT (SBPR) FORTHREE (3) LOTS, IN THE (PDOP) PLANNED DEVELOPMENT-OFFICE PARK ZONING  DISTRICT.                                                             SDM"
"CPAR-2021-0022      ","Engineering Plan Revision","Approved","","12/14/2021","","","Plan","","042152579000","AREP BEAUMEADE DATA CENTER : REQUEST APPROVAL OF CONSTRUCTION PLANS AND PROFILES REVISION (CPAR) TOTHE PREVIOUSLY APPROVED CPAP-2021-0010 FOR CHANGES TO ASSOCIATED WITH SITE STORM SEWER INFRASTRUCTURE, IN THE PLANNED DEVELOPMENT-          INDUSTRIAL PARK (PDIP) ZONING DISTRICT.                               HV"
"SPAM-2019-0075      ","Engineering Plan Revision","Approved","","09/19/2019","","","Plan","45905 MARIES RD STERLING VA 20166","030296913000","STERLING 8 DATA CENTER : REQUEST APPROVAL OF A SITE PLAN AMENDMENT (SPAM) FOR CHANGES TO THE   STORM SEWER DESIGN BASED ON CONSTRUCTED DUCT BANK AND REQUESTS FROM   LOUDOUN COUNTY, IN THE PLANNED DEVELOPMENT- INDUSTRIAL PARK (PDIP)    ZONING DISTRICT.                                                      HV"
"WAIV-2021-0050      ","Building and Development Correspondence (BDCOR)","Denied","","12/15/2021","","","Plan","","042152579000","AREP BEAUMEADE DATA CENTER : REQUEST APPROVAL OF A WAIVER (WAIV) TO THE FACILITIES STANDARDS MANUAL(FSM) SECTION 5.220.E TO WAIVE THE CULVERT BOX PREVIOUSLY PROPOSED TO USE AN AVAILABLE PRODUCT IN THE (PDIP) PLANNED DEVELOPMENT INDUSTRIAL PARK ZONING DISTRICT.                                                 SDM"
"STMP-2007-0001      ","Engineering Plan","Approved","","08/16/2007","","","Plan","","060170268000","ASHBURN CORPORATE CENTER BLDGS 5 & 6 : REQUEST APPROVAL OF A MODIFIED PROCESS SITE PLAN FOR A ONE-STORY DATA CENTER BUILDING (BUILDING 6) AND A TWO-STORY DATA CENTER BUILDING     WITH ACCESSORY OFFICE (BUILDING 5) WITH THE ASSOCIATED PARKING AND    UTILITY EXTENSIONS. er"
"SPAM-2012-0050      ","Engineering Plan Revision","Approved","","05/24/2012","","","Plan","22630 DULLES SUMMIT CT STERLING VA 20166","045159083000","IAD 12 DATA CENTER POD 8 : REQUEST APPROVAL OF A SITE PLAN AMENDMENT (SPAM) FOR ELECTRIC         CHILLERS, GENERATORS, AND ELECTRIC TRANSFORMER PADS.                  DAS"
"ZOAM-2013-0003      ","Zoning Ordinance Amendment - Zoning Ordinance Amendment","Approved","","04/02/2013","","","Plan","1 HARRISON ST SE LEESBURG VA 20175","231389137000","DATA CENTER & MISC COMMERCIAL/INDUSTRIAL: Amendments to define, list and establish performance standards for data centers; amend floor area ratio (FAR); selected Package 1 issues that were forwarded to Package 2"
"SPAM-2019-0078      ","Engineering Plan Revision","Approved","","10/02/2019","","","Plan","44621 WAXPOOL RD ASHBURN VA 20147","061279415000","LOUDOUN CENTER LOT 1 ASH 2 DATA CENTER : REQUEST APPROVAL OF A SITE PLAN AMENDMENT (SPAM) FOR THE CONSTRUCTION OF A TWO-STORY DATA CENTER BUILDING AND ASSOCIATED INFRASTRUCTURE, IN THE PLANNED DEVELOPMENT- OFFICE PARK (PDOP) ZONING DISTRICT.          HV"
"CPAP-2021-0010      ","Engineering Plan","Approved","","02/25/2021","","","Plan","21445 BEAUMEADE CIR ASHBURN VA 20147","042152579000","AREP BEAUMEADE DATA CENTER : REQUEST APPROVAL OF CONSTRUCTION PLANS AND PROFILES (CPAP) TO DEMOLISHAN EXISTING BUILDING, PARKING ISLES, SIDEWALKS, AS WELL AS ON-SITE    UTILITIES TO BE REPLACED WITH PROPOSED UTLITIES AND FUTURE BUILDING   PAD, IN THE (PDIP) PLANNED DEVELOPMENT INDUSTRIAL PARK ZONING         DISTRICT.                                                             SDM"
"SPAM-2012-0034      ","Engineering Plan Revision","Approved","LOUDOUN STATION PROJECT","03/28/2012","","","Plan","43790 DEVIN SHAFRON DR ASHBURN VA 20147","089371858000","IAD 13 DATA CENTER POD 6 : REQUEST APPROVAL OF A SITE PLAN AMENDMENT (SPAM) TO ADD ELECTRIC      CHILLERS, GENERATORS, AND ELECTRIC TRANSFORMER PADS.                  DAS"
"FPST-2022-0001      ","Floodplain - Legacy Study Type not Identified","Approved","","01/25/2022","","","Plan","22200 LOUDOUN COUNTY PKWY ASHBURN VA 20147","062256361000","DULLES BERRY LC4 DATA CENTER : REQUEST APPROVAL OF A FLOODPLAIN STUDY (FPST) TO DETERMINE THE LIMITS OF AN EXISTING FLOODPLAIN, IN THE PLANNED DEVEOPMENT- RESEARCH AND    DEVELOPMENT PARK (PDRDP) ZONING DISTRICT.                             HV"
"PBOND-2024-0212","Performance Bond","Active Bond","","12/19/2024","","","Plan","43290 OLD OX RD STERLING VA 20166","124369522000","CYRUSONE STERLING 11 DATA CENTER PH 2 : REQUEST APPROVAL OF A MODIFIED PROCESS SITE PLAN (STMP) FOR THE       CONSTRUCTION OF A DATA CENTER FACILITY WHICH WILL INCLUDE DATA HALLS, OFFICE SPACE, AND ASSOCIATED ROADWAY, PARKING LOT, AND UTILITY        IMPROVEMENTS, IN THE (PDGI) PLANNED DEVELOPMENT-GENERL INDUSTRIAL     ZONING DISTRICT.                                                      SDM"
"STMP-2022-0017      ","Engineering Plan","Approved","","08/19/2022","","","Plan","43290 OLD OX RD STERLING VA 20166","124369522000","CYRUSONE STERLING 11 DATA CENTER PH 2 : REQUEST APPROVAL OF A MODIFIED PROCESS SITE PLAN (STMP) FOR THE       CONSTRUCTION OF A DATA CENTER FACILITY WHICH WILL INCLUDE DATA HALLS, OFFICE SPACE, AND ASSOCIATED ROADWAY, PARKING LOT, AND UTILITY        IMPROVEMENTS, IN THE (PDGI) PLANNED DEVELOPMENT-GENERL INDUSTRIAL     ZONING DISTRICT.                                                      SDM"
"GBOND-2025-0166","Grading - Grading Bond","Active Bond","","09/25/2025","","","Plan","22190 LOUDOUN COUNTY PKWY ASHBURN VA 20147","062257134000","This grading permit application is for the design and construction of a three-story data center building, one MTD, one permable pavement LID, and associated utilities and infrastructure.  EPLAN-2024-0093 - conditionally approved"
"BLAD-2022-0042      ","Plat - Tier 1 - Easements (ESMT), or Dedication Plats (DEDI)","Withdrawn","","12/28/2022","","","Plan","22200 LOUDOUN COUNTY PKWY ASHBURN VA 20147","062256361000","DULLES BERRY - LC4 DATA CENTER : REQUEST APPROVAL OF A BOUNDARY LINE ADJUSTMENT PLAT (BLAD), IN THE    PLANNED DEVELOPMENT - RESEARCH AND DEVELOPMENT PARK (PDRDP) AND THE   PLANNED DEVELOPMENT - OFFICE PARK (PDOP) ZONING DISTRICTS.            DS"
"PBOND-2016-0030","Performance Bond","Active Bond","","03/03/2016","","","Plan","21745 SIR TIMOTHY DR ASHBURN VA 20147","061361948000","LOUDOUN CENTER ACC-9 DATA CENTER PHASE I (With Bonds MGMT--Leslie McKnight getting Extension)"
"PMTG-2026-0043","Site Plan Premeeting","Completed","","02/25/2026","","","Plan","42245  COCHRAN MILL RD  LEESBURG VA 20175","151494358000","The Site plans for the construction of three data center buildings with the associated utilities and infrastructure.   Note, this plan would be for a portion of the site that was originally proposed for development under STPL-2022-0040."
"ZCOR-2025-0136","Zoning Correspondence - Determinations & Verifications (ZCOR)","Approved","","03/27/2025","","","Plan","","","Chasitie Langley of the Office of Management & Budget is requesting a proffer determination regarding the use of cash proffers in the amount of $354,020; ZMAP-2022-0007 Vantage Data Center, Sequence #: 99084804. This project provides for the design and construction of the conversion of the existing intersection to a right-in, right-out, left-in configuration. This project was prioritized as a part of the 2020 Intersection Improvement Program Study."
"EPLAN-2023-0060","Engineering Plan","Void","","08/25/2023","","","Plan","22675 DULLES SUMMIT CT Unit: 100 STERLING VA 20166","045252512000","VOIDED as per H. Chikalard.  See STPL-2023-0015.   M.Pender 9/18/2023.   This submission is for a site plan that consists of the construction of a 260,000sf Data Center Facility which will include data halls, office space, and associated roadway, parking lot, and utility improvements."
"PLAT-2024-0239","Plat - Tier 1 - Easements (ESMT), or Dedication Plats (DEDI)","In Review","","08/26/2024","","","Plan","","202177155000","FAST TRACK - ESMT - Allegro North Campus - Building 2A: (STPL) ALLEGRO NORTH CAMPUS - BLDG 2A: Data Center and support facilities."
"SBWV-2022-0004      ","Plat - Tier 2 - Family Subdivision (SBFM), Subdivision Waiver (SBWV), or Subdivision Base Density Plats (SBBD)","Approved","","05/24/2022","","","Plan","22200 LOUDOUN COUNTY PKWY ASHBURN VA 20147","062256361000","DULLES BERRY LC4 DATA CENTER : REQUEST APPROVAL OF A SUBDIVISION WAIVER PLAT (SBWV) TO CREATE ONE    PARCEL OUT OF THE PARENT PARCEL, IN THE PLANNED DEVELOPMENT-RESEARCH  AND DEVELOPMENT PARK (PDRDP) ZONING DISTRICT.                         AM"
"FLPL-2023-0019","Floodplain Study Type 2","Approved","","09/07/2023","","","Plan","","089496246000","UPDATE OF FPST-2021-0016 HYDROLOGY AND HYDRAULICS TO REFLECT SITE PLAN FOR LC 11 & LC12 DATA CENTER ULTIMATE CONDITIONS."
"FLPL-2023-0020","Floodplain Alteration Type 2","Approved","","09/20/2023","","","Plan","","089496246000","FLOODPLAIN ALTERATION (MINOR) IN ASSOCIATION WITH LC11 and LC12 DATA CENTER (STPL-2023-0001). EXISTING CONDITIONS IN FLPL-2023-0019."
"ZCOR-2026-0152","Zoning Correspondence - Determinations & Verifications (ZCOR)","Completed","TUSCARORA CROSSING PROJECT","05/18/2026","","","Plan","19540  CROSSTRAIL BLVD  LEESBURG VA 20175","150151774000","Michelle Rosati of Altmiller, Melnick, DeMers, Steele & Rosati is requesting a vesting determination confirming that Tuscarora Crossing Landbay 3 qualifies for the protections of Section 15.2-2303.B of the Code of Virginia based on previously approved proffers associated with ZMAP-2012-0011, ZCPA-2019-0010, and SPEX-2019-0019.  Specifically, the Applicant seeks confirmation that ""Data Center"" and ""Utility Substation, Distribution"" uses remain permitted by right on the Property without the need for a legislative special exception approval, as these uses were permitted in the PD-IP zoning district in 2019 when the proffers, including commitments for the construction of substantial public improvements, and land dedications, were accepted, as further set out in the letter submitted with this request."
"ZCOR-2013-0035      ","Zoning Correspondence - Determinations & Verifications (ZCOR)","Completed","","02/22/2013","","","Plan","45360 SEVERN WAY W STERLING VA 20166","042200988000","IAD 10 DATA CENTER ZONING VERIFICATION : Deana Merriman of Planning & Zoning Resource Corp requests a zoning   verification for 45360 Severn Way, Sterling. Pin #042-20-0988"
"SPMI-2022-0014      ","Special Exception","Approved","","10/28/2022","","","Plan","22715 RELOCATION DR STERLING VA 20166","045279612000","ALIGNED ENERGY DATA CENTER : A Minor Special Exception to Section 5-1403(B). 1. To reduce the      building setback from 75 feet to 58 feet along the South Sterling     Boulevard right of way. 2. To reduce the parking setback from 35 feet to 15 feet from Sterling Boulevard."
"ZRTD-2023-0001      ","Zoning Map Amendment - ZCASE","Approved","","02/16/2023","","","Plan","22321 PACIFIC BLVD STERLING VA 20166","044175589000","VANTAGE DATA CENTER - BROAD RUN : A Zoning Conversion in the Route 28 Tax District to increase the      development potential by allowing all permitted uses in the PD-IP     District under the Revised 1993 Zoning Ordinance."
"FPAL-2022-0012      ","Floodplain Alteration Type 2","Approved","","07/19/2022","","","Plan","22200 LOUDOUN COUNTY PKWY ASHBURN VA 20147","062256361000","DULLES BERRY LC8 DATA CENTER : REQUEST APPROVAL OF A FLOODPLAIN ALTERATIN (FPAL) FOR APPROXIMATELY   200 FEET OF AN UNAMED TRIBUTARY TO BROAD RUN, IN THE PLANNED          DEVELOPMENT- RESEARCH AND DEVELOPMENT PARK (PDRDP) ZONING DISTRICT.   AM"
"PBOND-2019-0040","Performance Bond","Active Bond","","06/14/2019","","","Plan","45905 MARIES RD STERLING VA 20166","030296913000","STERLING 8 DATA CENTER"
"EPLAN-2025-0195","Engineering Plan","In Review","","11/05/2025","","","Plan","19817  BELMONT RIDGE RD  ASHBURN VA 20147","114360800000","BELMONT INNOVATION CAMPUS BUILDINGS 1, 2 and 5 - CONSTRUCTION OF 3 DATA CENTER BUILDINGS WITH ALL ASSOCIATED ACCESS & UTILITIES."
"EPLAN-2024-0069","Engineering Plan Revision","Approved","","05/31/2024","","","Plan","44631  WAXPOOL RD  ASHBURN VA 20147","061285496000","LC3 DATA CENTER: THIS APPLICATION IS AN AMENDMENT TO STPL-2020-0044, TO ADD A PERIMETER SECURITY FENCE AND GUARD SHACK TO THE PREVIOUSLY APPROVED SITE PLAN."
"EPLAN-2024-0184","Engineering Plan","In Review","","11/19/2024","","","Plan","","124256520000","This project proposes construction of an approximately 100,000 SF data center, parking lot and associated utilities to serve the building. The total disturbed area is 10.58 AC."
"STPL-2023-0029      ","Engineering Plan","In Review","","06/09/2023","","","Plan","","161269137000","(Conditional Approval) BRAMBLETON SHREVEPORT SOUTH DATA CENTER : REQUEST APPROVAL OF A SITE PLAN (STPL) FOR THE CONSTRUCTION OF A TWO  (2) DATA CENTERS AND SUPPORTING UTILITIES, IN THE PLANNED DEVELOPMENT INDUSTRIAL PARK (PDIP) ZONING DISTRICT.                               DS"
"SPAM-2012-0104      ","Engineering Plan Revision","Approved","","10/01/2012","","","Plan","22630 DULLES SUMMIT CT STERLING VA 20166","045159083000","IAD 12 DATA CENTER POD 10 : REQUEST APPROVAL OF A SITE PLAN AMENDMENT (SPAM) TO ADD AIR COOLED    CHILLERS, GENERATORS AND ELECTRIC TRANSFORMER PADS BEHIND THE         BUILDING.                                                             DAS"
"PBOND-2020-0045","Performance Bond","Active Bond","","08/04/2020","","","Plan","22080 PACIFIC BLVD STERLING VA 20166","044261032000","STACK ASHBURN DATA CENTER"
"PBOND-2024-0034","Performance Bond","Active Bond","","04/08/2024","","","Plan","21735 RED RUM DR Unit: #110 ASHBURN VA 20147","088392214000","INTERGATE ASHBURN DATA CENTER BLDNG A : REQUEST APPROVAL OF A MODIFIED PROCESS SITE PLAN (STMP) FOR A FINAL   DATA CENTER AND RELATED INFRASTRUCTURE, DESIGNATED AS BUILDING ""A"" ON APPROVED APPLICATIONS STPL-2011-0014, SPAM-2013-0025, AND SPAM        2018-0037. THIS APPLICATION WILL SUPERCEDE THE PREVIOUSLY SHOWN       BUILDING ""A"" AND ITS IMPROVEMENTS SHOWS AS PHASE 3 ON THESE PREVIOUS  APPLICATIONS, IN THE PLANNED DEVELOPMENT-INDUSTRIAL PARK (PDIP) ZONINGDISTRICT.                                                             AM"
"LEGI-2023-0062","Legislative Land Development Application","Approved","","02/16/2023","","","Plan","22321 PACIFIC BLVD STERLING VA 20166","044175589000","VANTAGE DATA CENTER - BROAD RUN - ZRTD-2023-0001:  A Zoning Conversion in the Route 28 Tax District to increase the      development potential by allowing all permitted uses in the PD-IP     District under the Revised 1993 Zoning Ordinance."
"SPAM-2023-0004      ","Engineering Plan Revision","Approved","","01/19/2023","","","Plan","45360 SEVERN WAY W STERLING VA 20166","042200988000","45360 SEVERN WAY DATA CENTER : REQUEST APPROVAL OF A SITE PLAN AMENDMENT (SPAM) TO THE PREVIOUSLY    APPROVED SPAM-2017-0038 FOR A WATER TANK EXPANSION AND PARKING        RECONFIGURATION, IN THE PLANNED DEVELOPMENT - INDUSTRIAL PARK (PDIP)  ZONING DISTRICT.                                                      EK"
"BLAD-2017-0005      ","Plat - Tier 1 - Easements (ESMT), or Dedication Plats (DEDI)","Approved","","01/20/2017","","","Plan","21745 SIR TIMOTHY DR ASHBURN VA 20147","061361948000","ACC-10 DATA CENTER LOUDOUN CENTER : REQUEST APPROVAL OF A BOUNDARY LINE ADJUSTMENT PLAT (BLAD) BETWEEN TWO(2) PARCELS, IN THE PLANNED DEVELOPMENT-OFFICE PARK (PDOP) ZONING     DISTRICT.                                                             HV"
"PLAT-2026-0143","Plat - Tier 1 - Easements (ESMT), or Dedication Plats (DEDI)","In Review","","09/16/2026","","","Plan","43293  OLD OX RD  STERLING VA 20166","124189859000","Site plan for the construction of 3 Data Center buildings, a warehouse building, and associated infrastructure"
"LEGI-2023-0035","Legislative Land Development Application","Approved","","05/25/2022","","","Plan","22715 RELOCATION DR STERLING VA 20166","045279612000","ALIGNED ENERGY DATA CENTER - SPEX-2022-0024:  A Special Exception for an increase in FAR above the .60 limit pursuant to Section 4-306(C) of the Zoning Ordinance, which allows fora maximum of 2.0 FAR by special exception. With this application, the Applicant is proposing an FAR for the data center of 1.02.            
SPMI-2022-0014:  A Minor Special Exception to Section 5-1403(B). 1. To reduce the      building setback from 75 feet to 58 feet along the South Sterling     Boulevard right of way. 2. To reduce the parking setback from 35 feet to 15 feet from Sterling Boulevard.                                   
ZMAP-2022-0008:  A Zoning Map Amendment to rezoning the Property from R-1 to PD-OP,    which allows data center uses by-right                                
ZMOD-2022-0027:  A Zoning Modification pursuant to Section 4-305(B)(1) Yards Adjacent  to Roads. Modification proposes to modify this requirement by         providing a 15-foot parking setback from Sterling Boulevard.          
ZMOD-2022-0028:  A Zoning Modification pursuant to Section 4-306(B) Building           Height. Modification to allow for a 99.5-foot building within the 58-foot setback from Sterling Boulevard.                              
ZMOD-2022-0083:  A Zoning Modification to modify Section 5-664 Data Center 1. (D)(1)   Pedestrian and Bicycle   Facilities. 2. To modify Section 5-664(E)(2) Landscaping/Buffering/Screening. The applicant proposes to modify thisstandard by replacing the Road Corridor Buffer Type 3 and six-foot    earthen berm required for Data Centers with the road corridor buffer  types required under Section 5-1403(B) for South Sterling Boulevard   (Type 2 Buffer) and Relocation Drive (Type 1 Buffer).3. To modify     Section 5-644 Data Center (E)(3) Landscaping/Buffering/Screening.  The applicant proposes to modify this standard by providing plant types   and percentages of plant units required under Section 5-1408(B)(2) in lieu of the required plant types and percentages of plant units       specified for Data Centers."
"SPAM-2017-0038      ","Engineering Plan Revision","Approved","","05/23/2017","","","Plan","45360 SEVERN WAY W STERLING VA 20166","042200988000","45360 SEVERN WAY DATA CENTER : REQUEST APPROVAL OF A SITE PLAN AMENDMENT (SPAM) TO THE PREVIOUSLY    APPROVED SPAM-2013-0020 TO UPDATE THE SECURITY GUARD BOOTH, ENTRANCE  GATES, AND FENCES, IN THE PLANNED DEVELOPMENT- INDUSTRIAL PARK (PDIP) ZONING DISTRICT.                                                      HV"
"STMP-2022-0023      ","Engineering Plan","Approved","","10/31/2022","","","Plan","22365 GLENN DR STERLING VA 20164","032155119000","VANTAGE-VA22 : REQUEST APPROVAL OF A SITE PLAN (Fast Track) for the construction of  Data Center, circulation drives, and associated infrastructure on landpreviously developed under. (PDIP) ZONING DISTRICT.                   JAB                                                                   STMP-2022-0006."
"SPAM-2011-0016      ","Engineering Plan Revision","Approved","","03/22/2011","","","Plan","22630 DULLES SUMMIT CT STERLING VA 20166","045159083000","IAD 12 DATA CENTER POD 1 : REQUEST APPROVAL OF A SITE PLAN AMENDMENT (SPAM) FOR REVISION TO SPAM 2000-0157 TO ADD PROPOSED ELECTRIC CHILLERS,GENERATORS AND ELECTRIC   TRANSFORMER PADS.                                                     DAS"
"SPAM-2012-0057      ","Engineering Plan Revision","Approved","","06/11/2012","","","Plan","44664 GUILFORD DR ASHBURN VA 20147","060298548000","BEAUMEADE LOT 28A RAGINGWIRE DATA CENTER : REQUEST APPROVAL OF A SITE PLAN AMENDMENT (SPAM) TO PREVIOUSLY APPROVED SPAM-2011-0122 TO ADD A GUARD HOUSE, FENCING, BOLLARDS, AND LANDSCAPE CHANGES


RP"
"STPL-2023-0001      ","Engineering Plan","Approved","","01/05/2023","","","Plan","21605 LOCKRIDGE RD ASHBURN VA 20147","089496314000","LC 11 AND 12 DATA CENTER : REQUEST APPROVAL OF A SITE PLAN (STPL) TO CONSTRUCT TWO (2) DATA      CENTERS AND ASSOCIATED INFRASTRUCTURE, IN THE PLANNED DEVELOPMENT -   OFFICE PARK (PDOP) ZONING DISTRICT.                                   EK"
"SPAM-2013-0049      ","Engineering Plan Revision","Approved","","04/16/2013","","","Plan","1304 SQUIRE CT STERLING VA 20166","042295813000","IAD 32 DATA CENTER POD 2 : REQUEST APPROVAL OF A SITE PLAN AMMENDMENT (SPAM) TO PREVIOUSLY APPROVED SITE PLAN TO INSTALL TWO WATER STORE TANKS AND GENERATOR PADS BEHIND THE BUILDING.


EB"
"SPAM-2023-0032      ","Engineering Plan Revision","Approved","","05/16/2023","","","Plan","22200 LOUDOUN COUNTY PKWY ASHBURN VA 20147","062256361000","DULLES BERRY LC4 DATA CENTER : REQUEST APPROVAL OF A SITE PLAN AMENDEMENT (SPAM), REVISION TO THE THELC4 SITE PLAN TO INCLUDE SECURITY GATE, SECURITY FENCE, MINOR STORM   REVISIONS, AND ADDITIONAL DISTURBANCE IN THE PLANNED                  DEVELOPMENT-RESEARCH AND DEVELOPMENT PARK (PDRDP) ZONING DISTRICT.    AN"
"STPL-2023-0028      ","Engineering Plan","In Review","","06/09/2023","","","Plan","42842 ARCOLA BLVD ASHBURN VA 20148","161397058000","BRAMBLETON BUSINESS CAMPUS DATA CENTER : REQUEST APPROVAL OF A SITE PLAN (STPL) FOR THE CONSTRUCTION OF A TWO  (2) DATA CENTERS AND SUPPORTING UTILITIES, IN THE PLANNED DEVELOPMENT   INDUSTRIAL PARK (PDIP) AND THE PLANNED DEVELOPMENT - ACTIVE ADULT   AGE RESTRICTED (PDAAAR) ZONING DISTRICT.                              DS"
"STPL-2013-0058      ","Engineering Plan","Approved","","12/26/2013","","","Plan","","","LOUDOUN CENTER ACC-9 DATA CENTER : REQUEST APPROVAL OF A SITE PLAN (STPL) FOR THE DESIGN OF A SINGLE DATACENTER BUILDING AND ASSOCIATES UTILITIES AND INFRASTRUCTURE IN A      OFFICE PARK ZONING DISTRICT.                                          SMK"
"SPAM-2012-0018      ","Engineering Plan Revision","Approved","LOUDOUN STATION PROJECT","02/15/2012","","","Plan","43790 DEVIN SHAFRON DR ASHBURN VA 20147","089371858000","IAD 13 DATA CENTER POD 5 : REQUEST APPROVAL OF A SITE PALN AMDENDMENT (SPAM) PREVISOULY APPROVED STPL 2010-0025 AND SPAM 2012-0002 TO INSTALL ELECTRIC CHILLERS,       GENERATORS AND ELECTRIC TRANSFORMER PADS                              DAS"
"SPAM-2013-0082      ","Engineering Plan Revision","Approved","","07/08/2013","","","Plan","21263 SMITH SWITCH RD ASHBURN VA 20147","060485060000","IAD 50 DATA CENTER PODS 1-6 : REQUEST APPROVAL OF SITE PLAN AMMENDMENT (SPAM) TO PREVIOUSLY APPROVED STMP-2013-0001 FOR RECONFIGURATION OF SITE INFRASTRUCTURE.


EB"
"PBOND-2021-0088","Performance Bond","Released","","08/10/2021","","","Plan","21445 BEAUMEADE CIR ASHBURN VA 20147","042152579000","AREP BEAUMEADE DATA CENTER SPPA"
"PBOND-2021-0087","Performance Bond","Released","","09/09/2021","","","Plan","21445 BEAUMEADE CIR ASHBURN VA 20147","042152579000","AREP BEAUMEADE DATA CENTER PPA"
"PBOND-2021-0097","Performance Bond","Active Bond","","09/09/2021","","","Plan","41840 GROWTH MINDSET LN ALDIE VA 20105","203354208000","IAD 11 DATA CENTER (SMRA)"
"PBOND-2021-0107","Performance Bond","Active Bond","","11/29/2021","","","Plan","41840 GROWTH MINDSET LN ALDIE VA 20105","203354208000","IAD 11 DATA CENTER (SPPA)"
"PMTG-2024-0110","Legislative Land Development Premeeting","Completed","","06/03/2024","","","Plan","44254  IMPORT PLZ  ASHBURN VA 20147","062159785000","PROJECT NOVA DATA CENTER: A Special Exception to establish data center use in the Office Park (OP) Zoning District"
"SPAM-2012-0079      ","Engineering Plan Revision","Approved","LOUDOUN STATION PROJECT","07/26/2012","","","Plan","43790 DEVIN SHAFRON DR ASHBURN VA 20147","089371858000","IAD 13 DATA CENTER POD 3 : REQUEST APPROVAL OF A SITE PLAN AMENDMENT (SPAM) TO PREVIOUSLY        APPROVED SPAM-2012-0066 FOR THE ADDITION OF ELECTRIC CHILLERS,        GENERATORS, AND 10-FOOT WIDE ASPHALT WALK.                            DAS"
"SPAM-2013-0038      ","Engineering Plan Revision","Approved","","03/13/2013","","","Plan","22631 DULLES SUMMIT CT STERLING VA 20166","045358110000","IAD 15 DATA CENTER POD 5 : REQUEST APPROVAL OF A SITE PLAN AMMENDMENT (SPAM) TO PREVIOUSLY APPROVED SPAM-2013-0027 FOR THE INSTALLATION OF TWO (2) PRIVATE WATER STORAGE TANK AND GENERATOR PADS.


EB"
"PBOND-2022-0037","Performance Bond","Active Bond","","04/15/2022","","","Plan","","062256361000","DULLES BERRY LC4 DATA CENTER"
"STMP-2023-0003      ","Engineering Plan","Approved","","03/20/2023","","","Plan","43621 BEAVER MEADOW RD STERLING VA 20166","093365404000","DIGITAL DULLES PHASE 2 - BLDGS 5, 6, 8: REQUEST APPROVAL OF A MODIFIED PROCESS SITE PLAN (STMP) FOR SITE      IMPROVEMENTS IN THE PLANNED DEVELOPMENT-GENERAL INDUSTRIAL (PDGI)     ZONING DISTRICT.                                                      AN"
"PMTG-2024-0063","Legislative Land Development Premeeting","Completed","","03/21/2024","","","Plan","45121  GLOBAL PLZ  STERLING VA 20166","046486267001","DULLES GATEWAY DATA CENTER: A Special Exception to increase floor area ratio for a data center use to 1.0 in Industrial Park (IP) at 45121 Global Plz"
"ZMAP-2022-0007      ","Zoning Map Amendment - ZCASE","Approved","","04/18/2022","","","Plan","22435 GLENN DR STERLING VA 20164","032155119000","VANTAGE DATA CENTER : A Zoning Map Amendment application to bring all seven parcels within  the PD-IP district governed by the most updated version of the Revised1993 Loudoun County Zoning Ordinance."
"SPAM-2011-0101      ","Engineering Plan Revision","Approved","LOUDOUN STATION PROJECT","10/04/2011","","","Plan","43790 DEVIN SHAFRON DR ASHBURN VA 20147","089371858000","IAD 13 DATA CENTER POD 2 : REQUEST APPROVAL OF A SITE PLAN AMENDMENT (SPAM) TO PREVIOUSLY APPROVED STPR-2010-0025 FOR THE INSTALLATION OF ELECTRIC CHILLERS, GENERATORS, AND ELECTRIC TRANSFORMER PADS BEHIND THE BUILDING


RP"
"SPAM-2012-0036      ","Engineering Plan Revision","Approved","LOUDOUN STATION PROJECT","04/03/2012","","","Plan","43790 DEVIN SHAFRON DR ASHBURN VA 20147","089371858000","IAD 13 DATA CENTER POD 7 : REQUEST APPROVAL OF A SITE PLAN AMENDMENT (SPAM) TO PREVIOUSLY        APPROVED STPR-2010-0025 FOR THE INSTALLATION OF ELECTRIC CHILLERS,    GENERATORS, AND ELECTRIC TRANSFORMER PADS BEHIND THE BUILDING         RP"
"PLAT-2025-0097","Plat - Tier 1 - Easements (ESMT), or Dedication Plats (DEDI)","In Review","","04/09/2025","","","Plan","45564  THAYER RD  STERLING VA 20166","030465708000","This project consists of a proposed 2-story data center with a road around it, utilities, and other associated infrastructure."
"PLAT-2025-0095","Plat - Tier 1 - Easements (ESMT), or Dedication Plats (DEDI)","In Review","","04/09/2025","","","Plan","45564  THAYER RD  STERLING VA 20166","030465708000","This project consists of a proposed 2-story data center with a road around it, utilities, and other associated infrastructure."
"PLAT-2025-0094","Plat - Tier 1 - Easements (ESMT), or Dedication Plats (DEDI)","In Review","","04/09/2025","","","Plan","45564  THAYER RD  STERLING VA 20166","030465708000","This project consists of a proposed 2-story data center with a road around it, utilities, and other associated infrastructure."
"EPLAN-2025-0124","Engineering Plan Revision","Approved","","07/31/2025","","","Plan","43304 OLD OX RD STERLING VA 20166","124369522000","CYRUSONE STERLING 11 DATA CENTER - PHASE 2: Revision to the approved plan (STMP-2022-0017)  showing electrical & telecom duct banks as well as an updated loading dock footprint."
"SPAM-2013-0020      ","Engineering Plan Revision","Approved","","01/30/2013","","","Plan","45360 SEVERN WAY W STERLING VA 20166","042200988000","IAD 10 DATA CENTER NETWORK ROOM EXPANSIO : REQUEST APPROVAL OF A SITE PLAN AMENDMENT (SPAM) TO PREVIOUSLY        APPROVED SPAM 2011-0036 FOR TWO (2) CONCRETE PADS FOR GENERATORS.     DAS"
"SPAM-2012-0005      ","Engineering Plan Revision","Approved","","01/19/2012","","","Plan","22630 DULLES SUMMIT CT STERLING VA 20166","045159083000","IAD 12 DATA CENTER POD 2 : REQUEST APPROVAL OF A SITE PLAN AMENDMENT (SPAM) TO PREVIOUSLY APPROVED SPAM-2011-0054 FOR THE ADDITION OF TWO (2) CHILLED WATER PUMP PADS AND TWO (2) GENERATORS AND PADS


RP"
"ZCOR-2026-0145","Zoning Correspondence - Determinations & Verifications (ZCOR)","Approved","","05/04/2026","","","Plan","23840  FIALA LN ASHBURN VA 20148","161258590000","Christie Grucella of Bohler Engineering is requesting a minor modification to SPEX for Brambleton Tech Park, EPLAN-2026-0053.

Pursuant to Table 3.02.05-1, Footnote #3, Notwithstanding Section 1.02.E.2, a site plan or site plan amendment application for minor changes to an approved site plan for a data center use may be permitted without a SPEX approval. Such minor changes are subject to the provisions of Section 10.11.01.H, mutatis mutandis. EPLAN-2026-0053, Brambleton Tech Park Site Plan Amendment was accepted for review on June 16, 2026, and is a site plan amendment for the proposed revisions discussed in your May 1, 2026, request letter. As depicted in EPLAN-2026-0053 and detailed in your request letter, the proposed site design changes consist of addition of switchgear equipment; installation of a retaining wall along the western property frontage; minor adjustments to the parking configuration adjacent to the two southern buildings; and changes to the cooling tanks at the end of the building, resulting in minor modifications to the associated drive aisle configuration and on-site circulation. These are the only changes to what was previously approved with STMP-2022-0018. Your letter indicates these changes are necessary to facilitate a functional and constructable site layout based on final engineering and vehicular circulation. 

Section 10.11.01.H.2. allows the Zoning Administrator to permit minor changes to an approved SPEX when such are reasonably necessary to address issues related to topography, drainage, underground utilities, structural safety, final engineering, vehicular circulation, or requirements of government agencies. Based on the site revisions described in your May 1, 2026, request letter and as depicted on EPLAN-2026-0053, staff find the site design changes are related to minor changes reasonably necessary to address issues related to final engineering and vehicular circulation. Therefore, the requested minor changes to STMP-2022-0018 are consistent with the provisions of Section 10.11.01.H.2. and are hereby granted as depicted in the exhibit provided with the May 1, 2026, request letter and in EPLAN-2026-0053.

Christie Grucella of Bohler Engineering VA, LLC is requesting a zoning determination seeking confirmation that minor site design changes proposed with the proposed site plan amendment (SPAM) to the previously approved plan STMP-2022-0018, may be adjusted as a matter of right based on prior approvals and the provisions of the Loudoun County Zoning Ordinance (the 2023 Zoning Ordinance), specifically Table 3.02.05-1 (Footnote 3) and Section 10.11.01.H.

Other tags: CPAM-2024-0001, ZOAM-2024-0001, Data Center, Tech Park at Brambleton, Section 1.02.E.2, retaining wall"
"EPLAN-2024-0210","Engineering Plan Revision","Inactive","","12/26/2024","","","Plan","44098  MERCURE CIR  STERLING VA 20166","091384186000","(**INACTIVE PER LSDO 1242.15**) 44098 MERCURE CIRCLE - Change the use of the existing building from flex warehouse to data center."
"SPAM-2012-0066      ","Engineering Plan Revision","Approved","LOUDOUN STATION PROJECT","06/26/2012","","","Plan","43790 DEVIN SHAFRON DR ASHBURN VA 20147","089371858000","IAD 13 DATA CENTER POD 8 : REQUEST APPROVAL OF A SITE PLAN AMENDMENT (SPAM) TO PREVIOUSLY APPROVED SPAM-2012-0036 FOR THE ADDITION OF TWO (2) ELECTRIC CHILLERS, TWO (2) GENERATORS, AND FOUR (4) ELECTRIC TRANSFORMER PADS


RP"
"ZCOR-2025-0418","Zoning Correspondence - Determinations & Verifications (ZCOR)","Approved","","10/30/2025","","","Plan","22425  SOUS VIDE LN  STERLING VA 20166","045465016000","ZCOR-2025-0418 finds the revisions described in the request, including the adjustment to the location of a retaining wall, drive aisle and related revisions to the building footprint originally subject to EPLAN-2023-0087 allowing a data center use on PIN 045-46-5016, approved on December 2, 2024, can proceed as a permitted use, rather than needing special exception approval. 

The subject property is zoned IP (Industrial Park) under the Loudoun County Zoning Ordinance (Zoning Ordinance) and the status of data centers in that district has changed from a permitted use to a special exception (SPEX) use pursuant to the adoption of ZOAM-2024-0001. Per Section 1.02.E.2.,  Any lawfully existing use that becomes a Special Exception or Minor Special Exception use in the zoning district in which it is located is deemed to have Special Exception or Minor Special Exception approval, as applicable. Expansion or relocation of such use requires a new Special Exception or Minor Special Exception approval, as applicable. 

However, Footnote #3 of Zoning Ordinance Table 3.02.05- 1, Office and Industrial Zoning Districts Use Table, Footnote #3 states, Notwithstanding Section 1.02.E.2, a site plan or site plan amendment application for minor changes to an approved site plan for a data center use may be permitted without a SPEX approval. Such minor changes are subject to the provisions of Section 10.11.01.H, mutatis mutandis, which is applicable to the proposed improvements. The applicant has met all notice requirements of Section 10.11.01.H.2.b. 

Full details of the request and review are included in the ZCOR letter. 


Bria Burke of Cooley originally requested a minor modification to EPLAN-2025-0149 for 22425 Sous Vide Lane, Sterling - PIN: 045-46-5016:

I am writing with regard to Loudoun County PIN 045-46-5016 (the Property), on behalf of 1501 Moran Road Development Owner LLC (the Owner), to request your offices confirmation that the minor changes proposed with the currently in-process data center site plan amendment (EPLAN-2025-0149) for the Property are permitted pursuant to Section 10.11.01.H of the Loudoun County Zoning Ordinance (the Zoning Ordinance). As is detailed in Footnote #3 to Table 3.02.05-1 of the Zoning Ordinance, a site plan amendment application for minor changes to an approved site plan for a data center use (such approved site plan being EPLAN-2023-0087 in this case) is permitted without processing a Special Exception application, so long as the proposed changes are in conformance with Section 10.11.01.H of the Zoning Ordinance. 

More specifically, Section 10.11.01.H.2. of the Zoning Ordinance states, the Zoning Administrator may permit minor changes to an approved Special Exception when such are reasonably necessary to address issues related to topography, drainage, underground utilities, structural safety, final engineering, vehicular circulation, or requirements of government agencies. As confirmed by County Staff, under this scenario, EPLAN-2023-0087 (the Approved Site Plan) operates as the approved Special Exception for purposes of Section 10. Therefore, the Owner seeks the Zoning Administrators approval of the changes described herein to the Approved Site Plan to be processed as a site plan amendment, as minor changes necessitated by issues related to topography, final engineering, and vehicular circulation. 

As detailed within the plans submitted as part of EPLAN-2025-0149, the amendment proposes to slightly adjust the location of several improvements on the Property from what was originally shown on the Approved Site Plan, including the drive aisle and the building footprint. These changes are necessary following a final engineering analysis, which determined that the retaining wall shown on the Approved Site Plan is not constructible in its initially proposed location. As a result of moving the retaining wall, the originally contemplated location of the nearby drive aisle also requires a minor relocation. A slight shift to the proposed building footprint is in turn required to accommodate the relocation of the retaining wall and drive aisle. Notably, the amendment does not seek to change the size of the building footprint or the buildings square footage.

In all, these modifications are minor in nature and will result in a more efficient and achievable layout for the Property, which is still generally consistent with the intent of the Approved Site Plan. Given the foregoing, the owner of the Property respectfully requests your offices determination that the modifications proposed with EPLAN-2025-0149 are consistent with Section 10.11.01.H of the Zoning Ordinance and that, accordingly, the site plan amendment can continue to process to final approval.

In accordance with Zoning Ordinance Section 10.11.01.H.2.b.2, prior to action on this request we will provide the Zoning Administrator with an affidavit that demonstrates that the required notice as set forth in Zoning Ordinance Section 10.11.01.H.2.b.1 has been sent.

Given EPLAN-2025-0149 is currently in-process, we would appreciate anything you can do to expediate the review and approval of this request. We will submit the Countys zoning determination request fee electronically.  Should you require any additional information, please dont hesitate to call me at (703) 456-8572. Thank you in advance for your time.

Best,
Bria"
"ZCOR-2023-0272","Zoning Correspondence - Determinations & Verifications (ZCOR)","Completed","","10/04/2023","","","Plan","23540  PEBBLE RUN PL  STERLING VA 20166","123287817000","Connor Breed of Cooley is requesting a zoning determination for 23540 PEBBLE RUN PL - PIN:  123-28-7817 if the following is an allowable use: data center.

2/21/2024
Data Center is a permitted use within this zoning district subject to the 
Use-Specific Standards found in Section 4.06.02. The property is also subject to ZMAP1986-0012 as approved by the Loudoun County Board of Supervisors on September 21, 1987."
"ZMOD-2010-0003      ","Zoning Modification - ZCASE","Withdrawn","","09/20/2010","","","Plan","21641 BEAUMEADE CIR ASHBURN VA 20147","060193174000","CIT GUILFORD DRIVE LLC DATA CENTER : A zoning modification to eliminate the 15 foot yard between non-residential lots required by Section 4-505(B)(3).  The modification would only apply internally, between the buildings subject to this application"
"PRAP-2021-0025      ","Legislative Land Development Premeeting","Completed","","03/04/2021","","","Plan","22445 SOUS VIDE LN STERLING VA 20166","045466536000","MORAN ROAD DATA CENTER ZRTD/SPEX : Request for a Zoning Conversion to convert 7.89 acres from PD-IP underthe 1993 Zoning Ordinance to PD-IP under the Revised 1993 Zoning      Ordinance and a Special Exception to increase the FAR to 1.0."
"SPAM-2013-0012      ","Engineering Plan Revision","Approved","LOUDOUN STATION PROJECT","01/15/2013","","","Plan","43790 DEVIN SHAFRON DR ASHBURN VA 20147","089371858000","IAD 13 DATA CENTER POD 4 : REQUEST APPROVAL OF A SITE PLAN AMENDMENT (SPAM) TO PREVIOUSLY APPROVED STPL-2001-0016 AND STPR-2010-0025 FOR TWO (2) NEW GENERATOR PADS, REVISION TO GRADING, AND THE INSTALLATION OF SECURITY GATES


RP"
"PBOND-2021-0085","Performance Bond","Active Bond","","09/09/2021","","","Plan","21445 BEAUMEADE CIR ASHBURN VA 20147","042152579000","AREP BEAUMEADE DATA CENTER SPPA-PCT"
"PLAT-2025-0226","Plat - Tier 1 - Easements (ESMT), or Dedication Plats (DEDI)","In Review","","10/01/2025","","","Plan","44480  HASTINGS DR  ASHBURN VA 20147","061373570000","DIGITAL WAXPOOL ROAD ACC11 : REQUEST APPROVAL OF A MODIFIED SITE PLAN PROCESS (STMP) FOR A DATA    CENTER, IN THE PLANNED DEVELOPMENT INDUSTRIAL PARK (PDIP) ZONING      DISTRICT.                                                             AM"
"SPAM-2012-0102      ","Engineering Plan Revision","Approved","","09/20/2012","","","Plan","44664 GUILFORD DR ASHBURN VA 20147","060298548000","BEAUMEADE LOT 28A RAGINGWIRE DATA CENTER : REQUEST APPROVAL OF A SITE PLAN AMENDMENT (SPAM) TO PREVIOUSLY        APPROVED SPAM 2012-0057, SPAM 2011-0122,AND SPAM-2011-0074 TO REVISE  FOOTPRINTS OF BUILDING ADDITIONS IN THE REAR,LOCATIONS OF GENERATOR   EQUIPMENT AND TRANSFORMER PADS.                                       DAS"
"PBOND-2012-0048","Performance Bond","Released","","03/23/2012","","","Plan","21755 UNBRIDLED WAY ASHBURN VA 20147","088392515000","INTERGATE ASHBURN DATA CENTER PHASE 01"
"PBOND-2022-0038","Performance Bond","Active Bond","","04/15/2022","","","Plan","","062256361000","DULLES BERRY LC 4 DATA CENTER PROFFER"
"SPAM-2013-0057      ","Engineering Plan Revision","Approved","","05/08/2013","","","Plan","22651 DULLES SUMMIT CT STERLING VA 20166","045254455000","IAD 16 DATA CENTER PODS 1-4 : REQUEST APPROVAL OF A SITE PLAN AMMENDMENT (SPAM) TO PREVIOUSLY APPROVED SPAM-2013-0052 TO INSTALL TWO (2) PRIVATE WATER STORAGE TANKS AND GENERATOR PADS BEHIND THE BUILDING.


EB"
"STPL-2023-0004      ","Engineering Plan","Approved","","01/06/2023","","","Plan","19275 COMPASS CREEK PKWY SE LEESBURG VA 20175","234382603000","DATA CENTER AT COMPASS CREEK SEC. 4 : REQUEST APPROVAL OF A SITE PLAN (STPL) FOR THE CONSTRUCTION OF THE    ADDITION OF TWO BUILDINGS AND ASSOCIATED UTILITIES, IN THE PLANNED    DEVELOPMENT INDUSTRIAL PARK (PDIP) ZONING DISTRICT.                   DS"
"SPAM-2012-0001      ","Engineering Plan Revision","Approved","","12/29/2011","","","Plan","22630 DULLES SUMMIT CT STERLING VA 20166","045159083000","IAD 12 DATA CENTER POD 3 : REQUEST APPROVAL OF A SITE PLAN AMENDMENT (SPAM) TO PREVIOUSLY        APPROVED SPAM-2011-0054 FOR THE INSTALLATION OF TWO (2) COLD WATER    TOWERS, TWO (2) CHILLED WATER PUMP PAD, TWO (2) GENERATORS AND PADS,  AND THREE (3) TRANSFORMER PADS                                        RP"
"SPAM-2012-0067      ","Engineering Plan Revision","Approved","","06/25/2012","","","Plan","22630 DULLES SUMMIT CT STERLING VA 20166","045159083000","IAD 12 DATA CENTER POD 9 : REQUEST APPROVAL OF A SITE PLAN AMENDMENT (SPAM) TO PREVIOUSLY        APPROVED SPAM-2012-0050 FOR THE ADDITION OF TWO (2) CHILLED WATER     PUMP PADS, TWO (2) GENERATOR AND TRANSFORMER PADS, ONE (1) ELECTRIC   VAULT, AND TWO (2) DVP SWITCHES                                       RP"
"EPLAN-2024-0178","Engineering Plan Revision","In Review","","11/11/2024","","","Plan","22990  INDIAN CREEK DR  STERLING VA 20166","046305546000","22990 INDIAN CREEK DR - The purpose of this site plan amendment is to change the use of the existing building from flex warehouse to data center."
"SPAM-2012-0105      ","Engineering Plan Revision","Approved","LOUDOUN STATION PROJECT","10/05/2012","","","Plan","43790 DEVIN SHAFRON DR ASHBURN VA 20147","089371858000","IAD 13 DATA CENTER POD 9 : REQUEST APPROVAL OF A SITE PLAN AMENDMENT(SPAM) TO PREVIOUSLY         APPROVED SPAM 2012-0079 TO ADD A COLD WATER TANK CONCRETE PAD, TWO    (2) CHILLED WATER PUMP PADS, COOLING TOWER PADS, TWO (2) GENERATORS   AND PADS, FOUR (4) ELECTRIC TRANSFORMERS AND PADS.                    DAS"
"PMTG-2026-0173","Site Plan Premeeting","Completed","","07/29/2026","","","Plan","21263  SMITH SWITCH RD  ASHBURN VA 20147","060485060000","Premeeting to review a future site plan or SPAM proposing a parking expansion of approximately 45 parking spaces to an existing data center campus located at the intersection of Smith Switch Road and Gloucester Parkway."
"PLAT-2025-0099","Plat - Tier 1 - Easements (ESMT), or Dedication Plats (DEDI)","Submitted - Online","","04/09/2025","","","Plan","42100 JOHN MOSBY HWY ALDIE VA 20105","204481974000","ARCOLA LAKHVINDER PROPERTY : REQUEST APPROVAL OF A SITE PLAN (STPL) FOR TWO DATA CENTER BUILDINGS  WITH ASSOCIATED INFRASTRUCTURE, IN THE PLANNED DEVELOPMENT- GENERAL   INDUSTRIAL (PDGI) ZONING DISTRICT.                                    HV"
"PMTG-2026-0165","Legislative Land Development Premeeting","Completed","","07/22/2026","","","Plan","44146  WADE DR  CHANTILLY VA 20152","096100169000","WADE DRIVE DATA CENTER: To discuss a proposed Special Exceptions for a data center use at a building height above 45 feet on a 22.68-acre property at the end of Wade Drive, adjacent to Dulles Airport (PIN 096-10-0169) in the Mineral Resource  Heavy Industry (MR-HI) Zoning District."
"PLAT-2026-0054","Plat - Tier 1 - Easements (ESMT), or Dedication Plats (DEDI)","In Review","","04/06/2026","","","Plan","19817  BELMONT RIDGE RD  ASHBURN VA 20147","114360453000","BELMONT INNOVATION CAMPUS SUBSTATION - Dedication Plat to vacate Gloucester Parkway Reservation and revise easements"
"PLAT-2026-0055","Plat - Tier 1 - Easements (ESMT), or Dedication Plats (DEDI)","In Review","","04/06/2026","","","Plan","19817  BELMONT RIDGE RD  ASHBURN VA 20147","114360453000","BELMONT INNOVATION CAMPUS BUILDINGS 3 & 4 - Easement Plat for the  revision, vacation, and creation of easements associated with EPLAN-2025-0184."
"EPLAN-2023-0083","Engineering Plan","Approved","","09/25/2023","","","Plan","22175  BEAUMEADE CIR  ASHBURN VA 20147","061298643000","ASHBURN EAST PH 2: This is an STMP application, and it is a revision to the previously approved STMP-2018-0006 and subsequent SPAM application SPAM-2019-0057 (Ashburn East Phase 1 & 2).  The previously approved plans proposed two data center buildings along with associated site utilities, travelways and parking areas on two parcels (PIN #s 061-030-1740 and 061-29-8643).  Stormwater Water Management (SWM) facilities serving the entire development on this parcel were also designed with original site plan. Building #1 (DC21), all the site travelways and most of the site utilities have been constructed and is shown on the Existing Conditions Sheet EX01.  All the previously SWM facilities have been installed except for the ones on the west and east side of proposed Building #2 (DC22).   The project is under active construction since 2019 is currently bonded with the County in two phases.  There is an active VSMP permit and grading permit for this site construction.
This Site Plan proposes revisions to Building #2 (DC22) located north of the site.  The site utilities, loading docks and some parking areas have been reconfigured for the revised building layout.   This plan has been submitted as a new STMP application because of the significant changes to the building footprint and gross floor area that precludes the submission as a SPAM.  A boundary line adjustment plat (BLAD-2023-0027) is currently under review with the county, and it proposes combining the above referenced two parcels into one.  The zoning tabulations shown on Sheet CS03 is based on this combined parcel areas.  Phase I Erosion & Sediment Control measures have been proposed based the current existing conditions on site. 
SWM Revisions:  All the previously proposed SWM facilities have been installed except for the Underground Detention Vault and Stormtech Chambers and their associated water quality structures on the west and east side of the proposed Building #2.  The design of these facilities has been revised to meet the requirements of the stormwater regulations for the changes proposed in this site plan.
Landscape Update:  The proposed landscape, north of the current existing building, has been updated from the previously approved plans, to meet current zoning ordinance buffering and screening requirements for plant materials. Due to the existing nature of the previously installed landscape and utilities in the buffer, a waiver of Earthen Berm requirements, as required per Section 5-664 (E)(2),  has been submitted under separate cover to the Zoning Administrator."
"EPLAN-2024-0162","Engineering Plan Revision","In Review","","10/30/2024","","","Plan","44083  MERCURE CIR  STERLING VA 20166","091490220000","MERCURE BUSINESS PARK LOTS 19 AND 20 - The purpose of this site plan amendment is to change the use of the existing building from flex warehouse to data center."
"SPAM-2012-0115      ","Engineering Plan Revision","Approved","","11/13/2012","","","Plan","22651 DULLES SUMMIT CT STERLING VA 20166","045254455000","DULLES SUMMIT IAD 15 DATA CENTER POD 1 : REQUEST APPROVAL OF A SITE PLAN AMENDMENT (SPAM) TO PREVIOUSLY        APPROVED SPAM 2011-0099 TO ADD PRIVATE WATER STORAGE TANK PAD,        GENERATORS, AND ELECTRIC TRANSFORMER PADS.                            DAS"
"SPAM-2012-0002      ","Engineering Plan Revision","Approved","LOUDOUN STATION PROJECT","01/10/2012","","","Plan","43790 DEVIN SHAFRON DR ASHBURN VA 20147","089371858000","IAD 13 DATA CENTER POD 1 : REQUEST APPROVAL OF A SITE PLAN AMENDMENT (SPAM) TO PREVIOUSLY        APPROVED STPR 2010-0025 AND SPAM 2011-0101 FOR A COLD WATER TANK      CONCRET PAD WITH PUMPS, TWO(2) CHILLED WATER PUMP PADS AND COOLING    TOWER PADS, THREE(3) GENERATORS AND PADS, THREE (3) TRANSFORMERS AND  PADS.                                                                 DAS"
"PBOND-2021-0091","Performance Bond","Active Bond","","08/19/2021","","","Plan","44621 WAXPOOL RD ASHBURN VA 20147","061275931000","LOUDOUN CENTER LC3 DATA CENTER-SPPA-PCT"
"PBOND-2024-0042","Performance Bond","Active Bond","","04/16/2024","","","Plan","19275 COMPASS CREEK PKWY SE LEESBURG VA 20175","234382603000","DATA CENTER AT COMPASS CREEK SEC. 4 : REQUEST APPROVAL OF A SITE PLAN (STPL) FOR THE CONSTRUCTION OF THE    ADDITION OF TWO BUILDINGS AND ASSOCIATED UTILITIES, IN THE PLANNED    DEVELOPMENT INDUSTRIAL PARK (PDIP) ZONING DISTRICT.                   DS"
"SPAM-2011-0036      ","Engineering Plan Revision","Approved","","05/11/2011","","","Plan","45360 SEVERN WAY W STERLING VA 20166","042200988000","IAD 10 DATA CENTER POD 5 & 6 : REQUEST APPROVAL OF A SITE PLAN AMENDMENT (SPAM) TO PREVIOUSLY        APPROVED STPL-2008-0006 FOR A PROPOSED WATER TANK, CONCRETE PAD FOR   THE WATER TANK, AND OVERHEAD WATER SERVICE LINE FROM THE TANK TO THE  BUILDING                                                              RP"
"PMTG-2026-0067","Legislative Land Development Premeeting","Completed","","03/20/2026","","","Plan","22165  BEAUMEADE CIR  ASHBURN VA 20147","061205971000","EQUINIX  ASHBURN EAST CAMPUS: To discuss the following applications on a 36.2-acre site at the northeast corner of Loudoun County Parkway and Waxpool Road (PINs: 061-20-0160, 061-20-5971, and 061-20-4719) in the Industrial Park (IP) Zoning District: 1) a Special Exception to expand the existing data center use; 2) a Special Exception to increase the maximum permitted FAR from 0.6 to 0.7; and 3&4) a Special Exception and Commission Permit for a Utility, Major (Substation) use."
"SPAM-2021-0051      ","Engineering Plan Revision","Approved","","08/19/2021","","","Plan","43290 OLD OX RD STERLING VA 20166","124369522000","CYRUSONE STERLING 9 DATA CENTER PH 1B : REQUEST APPROVAL OF A SITE PLAN AMENDMENT (SPAM) TO THE PREVIOUSLY    APPROVED STMP-2019-0012 TO MAKE MODIFICATIONS TO THE BUILDING AND     INFRASTRUCTURE IN THE PREVIOUSLY APPROVED PH 1B DEVELOPMENT, IN THE   (PDGI) PLANNED DEVELOPMENT-GENERAL INDUSTRIAL ZONING DISTRICT.        SDM"
"EPLAN-2025-0200","Engineering Plan Revision","Approved","","11/17/2025","","","Plan","43649  LIGHT SPEED PLZ STERLING VA 20166","091162266000","SPAM to EPLAN-2023-0129"
"PBOND-2026-0073","Performance Bond","Active Bond","","05/07/2026","","","Plan","44480  HASTINGS DR  ASHBURN VA 20147","061373570000","Performance Bond for Digital Waxpool Road ACC11"
"GBOND-2026-0139","Grading - Grading Bond","Active Bond","","06/24/2026","","","Plan","21690  GRESHAM DR  ASHBURN VA 20147","061373570000","GRADE-2026-000010 - ACC11 Grading bond for GRADE-2026-000010."
"PLAT-2026-0098","Plat - Tier 1 - Easements (ESMT), or Dedication Plats (DEDI)","In Review","","07/02/2026","","","Plan","44254  IMPORT PLZ  ASHBURN VA 20147","062159785000","Plat showing vacation and dedication of various easements"
"PLAT-2026-0101","Plat - Tier 1 - Easements (ESMT), or Dedication Plats (DEDI)","In Review","","07/09/2026","","","Plan","44254  IMPORT PLZ  ASHBURN VA 20147","062159785000","plat showing creation and vacation of various easements"
"SPAM-2013-0079      ","Engineering Plan Revision","Approved","LOUDOUN STATION PROJECT","06/26/2013","","","Plan","ASHBURN VA 20147","089367531000","IAD 54 DATA CENTER PODS 1 AND 2 : REQUEST APPROVAL OF A SITE PLAN AMMENDMENT (SPAM) TO PREVIOUSLY APPROVED SPAM-2013-0060 FOR FIVE (5) GENERATOR PADS, TWO (2) PRIVATE WATER TANKS, AND FIVE (5) TRANSFORMER PADS.


EB"
"SPAM-2013-0052      ","Engineering Plan Revision","Approved","","04/24/2013","","","Plan","22631 DULLES SUMMIT CT STERLING VA 20166","045358110000","DULLES SUMMIT IAD 15 DATA CENTER POD 6 : REQUEST APPROVAL OF A SITE PLAN AMMENDMENT (SPAM) TO PREVIOUSLY APPROVED SPAM-2013-0038 FOR TWO (2) PRIVATE WATER STORAGE TANK AND GENERATOR PADS TO BE INSTALLED BEHIND THE BUILDING.


EB"
"SPAM-2013-0027      ","Engineering Plan Revision","Approved","","02/07/2013","","","Plan","22631 DULLES SUMMIT CT STERLING VA 20166","045358110000","SUMMIT AT DULLES IAD 15 DATA CENTER POD4 : REQUEST APPROVAL OF A SITE PLAN AMMENDMENT (SPAM) TO PREVIOUSLY APPROVED SITE PLAN (STPL) FOR TWO (2) PRIVATE WATER STORAGE TANK AND GENERATOR PADS TO BE INSTALLED BEHIND THE BUIDLING.


EB"
"ZMAP-2008-0013      ","Zoning Map Amendment - ZCASE","Approved","","06/19/2008","","","Plan","21701 FILIGREE CT ASHBURN VA 20147","061483407000","EQUINIX DATA CENTER : A Zoning Map Amendment to rezone from the 1972 Zoning Ordinance PD-IP to the Revised 1993 Zoning Ordinance PD-IP."
"PMTG-2026-0059","Legislative Land Development Premeeting","Completed","","03/13/2026","","","Plan","22745  RELOCATION DR  STERLING VA 20166","045175529000","RELOCATION DRIVE: To discuss Special Exceptions to redevelop an existing data center complex and increase floor area ratio (FAR) on 16.69 acres on the west side of Relocation Drive across from Bryant Court (PIN 045-17-5529) in the Industrial Park (IP) Zoning District."
"FPAL-2022-0007      ","Floodplain Alteration Type 2","In Review","","04/20/2022","","","Plan","22125 BRODERICK DR ASHBURN VA 20147","044370416000","PRENTICE DR & LOCKRIDGE RD PH II : REQUEST APPROVAL OF A FLOODPLAIN ALTERATION (FPAL) TO ALTER CROSS     SECTIONS IN AN EXISTING FLOODPLAIN, IN THE PLANNEDEVELOPMENT-         INDUSTRIAL PARK (PDIP), PLANNED DEVELOPMENT- RESEARCH AND DEVELOPMENT PARK (PDRDP), AND PLANNED DEVELOPMENT- OFFICE PARK (PDOP) ZONING      DISTRIICT.                                                            HV"
"PMTG-2025-0254","Legislative Land Development Premeeting","Completed","","12/16/2025","","","Plan","22420  KIPPER DR  STERLING VA 20166","045494813000","DULLES HIGHPOINT: To discuss a Zoning Concept Plan Amendment to amend Proffer IV.D associated with ZMAP-2016-0022 to remove the commitment for a bus shelter along Pacific Boulevard for a 25-acre development on the north side of Relocation Drive between Route 28 and Pacific Boulevard (PIN: 045-49-4813, 044-19-3385) in the Industrial Park (IP) Zoning Districts.
Previous ownership of the Property processed a similar ZCPA via LEGI-2023-0016 but that application was withdrawn based on inactivity in September of 2024. The Applicant now seeks to reactivate and process the ZCPA to completion."
"PCOR-2026-0022","Planning Correspondence - Advisory Body","Approved","","03/03/2026","","","Plan","22420  KIPPER DR  STERLING VA 20166","045494813000","Per the pre-application meeting with County staff held on January 12, 2025, we hereby request, on behalf of 22350 Kipper (VA) LLC (the Applicant), your approval to file and process an expedited proffer amendment pursuant to Section 10.10.03.E.3 of the Loudoun County Zoning Ordinance for the Dulles Highpoint project. As reviewed with Ms. Meeusen, Ms. Kleckner, and other County Staff at the January 12th meeting, we intend to modify Proffer IV.D associated with Dulles Highpoint (ZMAP-2016-0022). This proffer requires the property owner to fully construct two bus shelters along Pacific Boulevard."
"ZCPA-2026-0007","Zoning Concept Plan Amendment - ZCASE","In Review","","08/21/2026","","","Plan","22370  KIPPER DR  STERLING VA 20166","044193385000","SEE LEGI-2026-0016 FOR DOCUMENTS, TIMELINE, AND WORKFLOW. DULLES HIGHPOINT: A Zoning Concept Plan Amendment (ZCPA) for land identified as Loudoun County Tax Map 94, Parcels: 3A1 (PIN: 045494813) and 3A2 (PIN: 044193385) (collectively, the ""Property""). The Property is subject to ZMAP-2016-0022, which was approved on March 6, 2018, to rezone the Property to the PD-IP zoning district. Since the approval, the Countys policies and expectations surrounding bus shelter design and construction have shifted. Accordingly, this ZCPA application seeks to amend the proffers associated with ZMAP-2016-0022 that requires the property owner to fully construct two bus shelters along Pacific Boulevard, in order to instead provide a cash-in-lieu contribution. (the Application). Given this request is minor and does not impact use or density at the Property, on April 7, 2026, the Board of Supervisors waived the public hearing requirement and reduced the fee for processing this Application (PCOR-2026-0022)."
"ZCOR-2026-0030","Zoning Correspondence - Determinations & Verifications (ZCOR)","In Review","","02/05/2026","","","Plan","21745  SIR TIMOTHY DR  ASHBURN VA 20147","061361948000","Amanda Williams of Cooley is requesting a buffer waiver to confirm the applicability of Section 1.03.02.G of the Loudoun County Zoning Ordinance (the Zoning Ordinance) as it applies to the circumstances explained herein."
"PLAT-2026-0103","Plat - BLAD - Boundary Line Adjustment (BLAD)","Submitted - Online","","07/10/2026","","","Plan","43310  DATA DR  ASHBURN VA 20147","113369200000","Boundary line adjustment"
"LEGI-2026-0016","Legislative Land Development Application","In Review","","08/21/2026","","","Plan","22370  KIPPER DR  STERLING VA 20166","044193385000","DULLES HIGHPOINT: A Zoning Concept Plan Amendment (ZCPA) to amend the proffers associated with ZMAP-2016-0022 to allow a cash-in-lieu contribution in place of the property owners obligation to construct two bus shelters along Pacific Boulevard."
"FLPL-2026-0017","Floodplain Study Type 2","Submitted - Online","","09/11/2026","","","Plan","44150  WADE DR  CHANTILLY VA 20152","096104680000","Floodplain study of Sand Branch associated with Firefox site."
"EPLAN-2026-0098","Engineering Plan","In Review","","07/15/2026","","","Plan","20279  ENERGY PARK DR  LEESBURG VA 20175","193186982000","PROJECT CELTIC PH 1 & 2 BRIDGING POWER - This proposed site plan adds temporary NOVEC electrical power line from north of the project near Cochran Mill Road routed through Phases 1 & 2 to a point parallel to Patriot Park Drive and terminating on the western side of the existing gas transmission lines, connecting to utility infrastructure established with conditionally approved EPLAN-2025-0058."
"PBOND-2017-0103","Performance Bond","Released","","11/01/2017","","","Plan","21755 UNBRIDLED WAY ASHBURN VA 20147","088392515000","INTERGATE ASHBURN DATA CENTER PHASE 2 SITE IMPROVEMENTS"
"PBOND-2024-0041","Performance Bond","Active Bond","","04/16/2024","","","Plan","19275 COMPASS CREEK PKWY SE LEESBURG VA 20175","234382603000","DATA CENTER AT COMPASS CREEK SEC. 4 : REQUEST APPROVAL OF A SITE PLAN (STPL) FOR THE CONSTRUCTION OF THE    ADDITION OF TWO BUILDINGS AND ASSOCIATED UTILITIES, IN THE PLANNED    DEVELOPMENT INDUSTRIAL PARK (PDIP) ZONING DISTRICT.                   DS"
"WAIZ-2023-0002      ","Zoning Correspondence - Determinations & Verifications (ZCOR)","Approved","","04/13/2023","","","Plan","","234382603000","DATA CENTER AT COMPASS CREEK : Megan Baird of Bohler Engineering VA, LLC is requesting a waiver of   the following design requirements for PIN: 234-38-2603.               Road Corridor Buffers and Setbacks Section 5-1403.A. dictates the     location of Road Corridor Buffers and the placement of associated     planting units. Specifically, regarding the placement of proposed     plants outside of the associated buffer yard width.                     Uses allowed within Buffer Yards and Road Corridor Buffers Section  5-1408.C describes the acceptable site features located within the    required buffer yard width ."
"ZOAM-2025-0002","Zoning Ordinance Amendment - Zoning Ordinance Amendment","In Review","","09/16/2025","","","Plan","","","Zoning Ordinance Amendment - Data Center Standards and Locations Phase 2 - For more information and documentation please see CPAM-2025-0001."
"PLAT-2025-0200","Plat - Tier 1 - Easements (ESMT), or Dedication Plats (DEDI)","In Review","","08/11/2025","","","Plan","","124256520000","This project proposes construction of an approximately 100,000 SF data center, parking lot and associated utilities to serve the building. The total disturbed area is 10.58 AC."
"EPLAN-2025-0198","Engineering Plan","In Review","","11/13/2025","","","Plan","","162254031000","Site Plan for a Substation and extension of Azalea Lane, and all associated infrastructure."
"STPL-2014-0018      ","Engineering Plan","Inactive","","03/27/2014","","","Plan","21362 SMITH SWITCH RD ASHBURN VA 20147","060277964000","YAK VENTURES, LLC DATA CENTER (ACC8) : REQUEST APPROVAL OF A SITE PLAN (STPL) FOR A ONE STORY DATA CENTER    WITH THE ASSOCIATED PARKING AND UTILITY EXTENSIONS, AS WELL AS THE    UPGRADING OF A REDGIONAL DRY POND TO BE A WET POND.                   MCC"
"PMTG-2025-0261","Site Plan Premeeting","Completed","","12/19/2025","","","Plan","43321  DATA DR  ASHBURN VA 20147","113272390000","Request of a site plan premeeting to discuss potential revisions to STMP-2022-0016 & EPLAN-2024-0004 which would include of adjustments to the footprints, loading docks, and building heights of the approved data center uses to confirm conformance within Section 10.11.01.H of the Loudoun County Zoning Ordinance."
"PLAT-2024-0212","Plat - Tier 1 - Easements (ESMT), or Dedication Plats (DEDI)","Approved","","08/12/2024","","","Plan","","162484464000","ESMT - linked to EPLAN-2023-0077, Dulles Trade Center West, lot 23"
"SPEX-2021-0047      ","Special Exception","Approved","","10/19/2021","","","Plan","41840 GROWTH MINDSET LN ALDIE VA 20105","203354208000","NOVEC NORTHSTAR SUBSTATION : A Special Exception to increase FAR from 0.6 to 1.0 for a Utility     Substation, Distribution in PD-IP."
"SPMI-2021-0007      ","Special Exception","Approved","","12/16/2021","","","Plan","41840 GROWTH MINDSET LN ALDIE VA 20105","203354208000","See SPEX-2021-0047 for all documents. NOVEC NORTHSTAR SUBSTATION : A Minor Special Exception to waive buffer requirements pursuant to    Section 5-616 to the south and east."
"ZCPA-2024-0002","Zoning Concept Plan Amendment - ZCASE","Approved","","08/16/2024","","","Plan","20639  ENERGY PARK DR  LEESBURG VA 20175","193186982000","See LEGI-2024-0035 for all documents, timeline, and workflow  STONEWALL CREEK BUSINESS PARK SUBSTATION: A Zoning Concept Plan Amendment to amend locations of Tree Conservation Areas."
"PLAT-2025-0123","Plat - Tier 1 - Easements (ESMT), or Dedication Plats (DEDI)","In Review","","04/30/2025","","","Plan","24604  ARCOLA MILLS DR  ASHBURN VA 20148","161152610000","Plat Showing Street Dedication and Creation of Various Easements"
"SPEX-2024-0053","Special Exception","Approved","","08/16/2024","","","Plan","20639  ENERGY PARK DR  LEESBURG VA 20175","193186982000","See LEGI-2024-0035 for all documents, timeline, and workflow  STONEWALL CREEK BUSINESS PARK SUBSTATION: A Special Exception to establish a substation."
"SPEX-2024-0052","Special Exception","Approved","","08/16/2024","","","Plan","20639  ENERGY PARK DR  LEESBURG VA 20175","193186982000","See LEGI-2024-0035 for all documents, timeline, and workflow  STONEWALL CREEK BUSINESS PARK SUBSTATION: A Minor Special Exception to modify buffer requirements for a substation."
"GISU-2025-0083","GIS Update - Natural Resources Team","In Review","","11/21/2025","","","Plan","42455 ALLEGRO LN ALDIE VA 20105","202260981000","Wetland Digital Data associated with GRADE-2025-000203 and EPLAN-2023-0104"
"PBOND-2025-0136","Performance Bond","Active Bond","KINCORA PROJECT","09/18/2025","","","Plan","45695 RUSSELL BRANCH PKWY STERLING VA 20166","041398662000","Proffer bond agreement for STPL-2022-0012."
"PCOR-2025-0089","Planning Correspondence - Administrative","Approved","","11/21/2025","","","Plan","42090  REEDS FARM LN  ALDIE VA 20105","203170856000","INOVA HEALTH SYSTEMS PHASE 1: Local Governing Body Certification Form and Air Pollution Activity Suitability and Value Form for Department of Environmental Quality's (DEQ) Air Permit."
"GISU-2026-0012","GIS Update - Natural Resources Team","Completed","","02/11/2026","","","Plan","44690 PERFORMANCE CIR ASHBURN VA 20147","060209652000","Wetland information tied to GRADE-2025-000217"
"PBOND-2025-0157","Performance Bond","Active Bond","","10/27/2025","","","Plan","23540  PEBBLE RUN PL  STERLING VA 20166","123287817000","Dulles Trade Center II - Lot 21 - Performance Bond Substitution"
"CRCP-2022-0014      ","Engineering Plan","Approved","","09/14/2022","","","Plan","22330 STERLING BLVD S STERLING VA 20164","022154155000","CRCP - EAST MAPLE AVENUE SIDEWALK : REQUEST APPROVAL OF PROPOSED SIDEWALK ALONG NORTH SIDE OF E. MAPLE    AVE. BETWEEN STERLING BLVD. AND ENTERPRISE ST, IN THE PLANNED         DEVELOPMENT HOUSING- 3 (PDH3) ZONING                                  DISTRICT.                                                             ZDF"
"LEGI-2024-0035","Legislative Land Development Application","Approved","","08/16/2024","","","Plan","20639  ENERGY PARK DR  LEESBURG VA 20175","193186982000","STONEWALL CREEK BUSINESS PARK SUBSTATION: A Zoning Concept Plan Amendment to amend locations of Tree Conservation Areas, a Minor Special Exception to modify buffer requirements, and Special Exception and Commission Permit to establish a substation."
"CRCP-2022-0007      ","Engineering Plan","Approved","","06/29/2022","","","Plan","ASHBURN VA 20147","117378191000","Application deemed Inactive on 9/21/23 per LSDO 1242.15 - ZDF   CLAIBORNE PARKWAY AND MARSHFIELD DR : REQUEST APPROVAL OF COUNTY ROAD CONSTRUCTION PLANS (CRCP) FOR A       PORTION OF ROAD BETWEEN CLAIBORNE PARKWAY AND MARSHFILED DRIVE, IN THE(PDH4) PLANNED DEVELOPMENT HOUSING-4 ZONING DISTRICT.                 SDM"
"ZCOR-2025-0472","Zoning Correspondence - Determinations & Verifications (ZCOR)","Approved","","12/12/2025","","","Plan","45905  MARIES RD  STERLING VA 20166","030296913000","Jamie Pulver of PZR is requesting a zoning verification for 45905 Marie Road, Sterling - PIN: 030-29-6913.

Please provide zoning verification letter and any open/active zoning code violations for property located at 
45905 Maries Road
 parcel: 030-29-6913-000. Refs# 185407-6"
"ZCOR-2025-0469","Zoning Correspondence - Determinations & Verifications (ZCOR)","Approved","","12/11/2025","","","Plan","22280  RANDOLPH DR  STERLING VA 20166","044155625000","Jamie Pulver of PZR is requesting a zoning verification for 22280 Randolph Drive, Sterling - PIN: 044-15-5625-000.

Please provide a zoning verification letter and copies of any open/active zoning code violations. (PZR Ref #185308-2)"
"BDCOR-2025-0041","Building and Development Correspondence (BDCOR)","Approved","","12/15/2025","","","Plan","23825  ERINS RUN DR  STERLING VA 20166","124299328000","FSM Variation Request to allow for discharges from the outfall to exceed the allowable release rate as computed utilizing energy balance."
"GBOND-2026-0004","Grading - Grading Bond","Active Bond","","01/12/2026","","","Plan","42047  COCHRAN MILL RD  LEESBURG VA 20175","151492686000","Cochran Mill Road - The project consists of the redevelopment of multiple material manufacturing plants and new development of an existing forested property. The project proposes three (3) data centers, two (2) warehouses, driveways, parking bays, and associated utilities and infrastructure."
"EPLAN-2025-0135","Engineering Plan Revision","Approved","","08/21/2025","","","Plan","22295  LOCKRIDGE RD  STERLING VA 20166","062275493000","ProjectNOVA Broad Run - Revision to approved STMP-2023-0002 & EPLAN-2024-0144 for infrastructure changes adjacent to Building 3"
"SPEX-2026-0009","Special Exception","Submitted","","03/05/2026","","","Plan","45695  RUSSELL BRANCH PKWY  STERLING VA 20166","041398662000","FIREHOUSE SUBSTATION: A Special Exception and a Commission Permit to allow a Utility, Major (utility substation) on the Property"
"ZMOD-2026-0001","Zoning Modification - ZCASE","Void","","03/04/2026","","","Plan","45695  RUSSELL BRANCH PKWY  STERLING VA 20166","041398662000","WRONG APPLICATION TYPE"
"GISU-2026-0024","GIS Update - Natural Resources Team","In Review","","03/16/2026","","","Plan","41567 BRIARFIELD LN ALDIE VA 20105","202285740000","Wetland Digital Data for EPLAN-2024-0037 & GRADE-2026-000012"
"PMTG-2026-0023","Site Plan Premeeting","Completed","","02/03/2026","","","Plan","","033190248000","Construction of a gravel pad with 8'chain link fence, (2) 24'x36' prefabricated concrete buildings with concrete pad, (2) emergency generators with concrete pad, concrete pad for (1) future building and emergency generator."
"PMTG-2026-0058","Site Plan Premeeting","Completed","","03/10/2026","","","Plan","22252  CLOUD PLZ  STERLING VA 20166","044282013000","Site Plan to add a proposed parking lot directly east of the existing building located on 044-28-2013."
"CPLT-2026-0019","County Plat - Real Property Asset Management & Planning - Easements (ESMT), or Dedication Plats (DEDI)","Approved","","02/27/2026","","","Plan","44631  WAXPOOL RD  ASHBURN VA 20147","061285496000","CPLT (DEDI) Application proposing Acquisition of Right of Way and Temporary Construction Easement and Vacation of Various Easements
on the Lands of LOHRASP VENTURES LLC, PIN 061-28-5496-000, prepared in conjunction with EPLAN-2025-0216."
"SPAM-2018-0111      ","Engineering Plan Revision","Approved","ARCOLA CENTER PROJECT","12/19/2018","","","Plan","24325 GRAND FORK DR STERLING VA 20166","162176713000","PROJECT MOTION : REQUEST APPROVAL OF A SITE PLAN AMENDMENT (SPAM) TO THE PREVIOUSLY    APPROVED SPAM-2018-0059, IN THE PLANNED DEVELOPMENT- INDUSTRIAL PARK  (PDIP) ZONING DISTRICT.                                               HV"
"EPLAN-2024-0201","Engineering Plan Revision","Approved","","12/12/2024","","","Plan","45757  MARIES RD  STERLING VA 20166","030286764000","Site Plan Amendment to STMP-2019-0009"
"EPLAN-2023-0077","Engineering Plan","Approved","","09/20/2023","","","Plan","","162484464000","Session ID# 359-654-242. DULLES TRADE CENTER WEST LOT 23: Site Plan for Contractor Service Establishment, 20,379 sf building with parking lot, and extension of water and sewer."
"PBOND-2026-0035","Performance Bond","Active Bond","","02/26/2026","","","Plan","20279  ENERGY PARK DR  LEESBURG VA 20175","193186982000","Project Celtics - Pump Station, Performance Bond and LSDOPA Agreement, EPLAN-2025-0214"
"GBOND-2026-0084","Grading - Grading Bond","Active Bond","SILVER DISTRICT WEST PROJECT","04/20/2026","","","Plan","44254  IMPORT PLZ  ASHBURN VA 20147","062159785000","ONLINE SUBMISSION - Construction on Western portion of Shellhorn Road and related infrastructure.  CPAP-2019-0030."
"SPEX-2026-0016","Special Exception","In Review","","04/30/2026","","","Plan","","088195276000","SEE LEGI-2026-0012 FOR DOCUMENTS, TIMELINE AND WORKFLOW. FRACTUS-LENTICULAR SUBSTATIONS - A Special Exception for 1 of 2 substations (Utility, Major)."
"ZCPA-2026-0004","Zoning Concept Plan Amendment - ZCASE","In Review","","04/30/2026","","","Plan","","088195276000","SEE LEGI-2026-0012 FOR DOCUMENTS, TIMELINE AND WORKFLOW. FRACTUS-LENTICULAR SUBSTATIONS - A Zoning Concept Plan Amendment to modify the CDP for ZMAP-1998-0003."
"SPEX-2026-0017","Special Exception","In Review","","04/30/2026","","","Plan","","088195276000","SEE LEGI-2026-0012 FOR DOCUMENTS, TIMELINE AND WORKFLOW. FRACTUS-LENTICULAR SUBSTATIONS - A Special Exception for 2 of 2 substations (Utility, Major)."
"CMPT-2026-0013","Commission Permit - Commission Permit","In Review","","04/30/2026","","","Plan","","088195276000","SEE LEGI-2026-0012 FOR DOCUMENTS, TIMELINE AND WORKFLOW. FRACTUS-LENTICULAR SUBSTATIONS - A Commission Permit for 1 of 2 substations."
"CMPT-2026-0014","Commission Permit - Commission Permit","In Review","","04/30/2026","","","Plan","","088195276000","SEE LEGI-2026-0012 FOR DOCUMENTS, TIMELINE AND WORKFLOW. FRACTUS-LENTICULAR SUBSTATIONS - A Commission Permit for 2 of 2 substations."
"CPLT-2026-0039","County Plat - Real Property Asset Management & Planning - Easements (ESMT), or Dedication Plats (DEDI)","In Review","","03/25/2026","","","Plan","22604  RELOCATION DR  STERLING VA 20166","045399350000","Signalized Intersection Improvements at Pacific Blvd and Relocation Dr"
"NRT-2026-0067","Natural Resources - Wetlands","Approved","","04/15/2026","","","Plan","19540 COMPASS CREEK PKWY SE LEESBURG VA 20175","235297431000",""
"SPEX-2026-0018","Special Exception","In Review","","04/02/2026","","","Plan","24050  YOUNGWOOD LN  ALDIE VA 20105","203479574000","SEE LEGI-2025-0049 FOR DOCUMENTS, TIMELINE AND WORKFLOW. YONDR-TARRING: A Minor Special Exception to reduce the required structure setback from 200 feet to 100 feet along the southern and eastern boundaries of the subject property."
"SPEX-2026-0019","Special Exception","In Review","","04/02/2026","","","Plan","24050  YOUNGWOOD LN  ALDIE VA 20105","203479574000","SEE LEGI-2025-0049 FOR DOCUMENTS, TIMELINE AND WORKFLOW. YONDR-TARRING: A Minor Special Exception to eliminate the building height requirement for a building located within 400 feet measured from the property line adjacent to property with existing residential development, an approved Concept Development Plan (CDP) or plat or plan showing residential development, or zoning district permitting residential uses."
"SPEX-2025-0144","Special Exception","In Review","","11/10/2025","","","Plan","24050  YOUNGWOOD LN  ALDIE VA 20105","203479574000","See LEGI-2025-0049 FOR TIMELINE, WORKFLOW AND DOCUMENTS - YONDR-TARRING: SPEX-2025-0144:  A Minor Special Exception to eliminate the berm and fencing requirements along a portion of the frontage of Youngwood Lane."
"SPEX-2026-0021","Special Exception","In Review","","04/02/2026","","","Plan","24050  YOUNGWOOD LN  ALDIE VA 20105","203479574000","SEE LEGI-2025-0049 FOR DOCUMENTS, TIMELINE AND WORKFLOW. YONDR-TARRING: A Minor Special Exception to eliminate the required Type C Buffer with specified buffer and berm requirements along the northern boundary of the subject property."
"SPEX-2026-0020","Special Exception","In Review","","04/02/2026","","","Plan","24050  YOUNGWOOD LN  ALDIE VA 20105","203479574000","SEE LEGI-2025-0049 FOR DOCUMENTS, TIMELINE AND WORKFLOW. YONDR-TARRING: A Minor Special Exception to eliminate the required building step-back for a building located within 400 feet measured from the property line adjacent to property with existing residential development, an approved Concept Development Plan (CDP) or plat or plan showing residential development, or zoning district permitting residential uses."
"EPLAN-2025-0214","Engineering Plan Revision","Approved","","12/19/2025","","","Plan","20639  ENERGY PARK DR  LEESBURG VA 20175","193186982000","PROJECT CELTICS PUMP STATION - Phasing adjustment for bonding purposes
ONLY. STORMWATER MANAGEMENT POND NO. 4 IS IDENTIFIED AS PHASE 2 OF THE PREVIOUSLY
APPROVED PROJECT, WITH ALL REMAINING SITE IMPROVEMENTS DESIGNATED AS PHASE 1. THE
IMPROVEMENTS FOR SWM POND #4 IDENTIFIED HEREIN WILL BE BONDED SEPARATELY."
"GISU-2026-0039","GIS Update - Natural Resources Team","In Review","","05/18/2026","","","Plan","44254 IMPORT PLZ ASHBURN VA 20147","062159785000","Wetland Digital Data associated with CRCP-2019-0033 & GRADE-2024-000101"
"GBOND-2025-0188","Grading - Grading Bond","Active Bond","","10/29/2025","","","Plan","45111 LOUDOUN DOWNS LN STERLING VA 20166","045282657000","WAIVED BOND"
"PMTG-2026-0094","Legislative Land Development Premeeting","Completed","","04/24/2026","","","Plan","19570  HYPERSPACE LN  ASHBURN VA 20147","113162785000","STARLIGHT SUBSTATION: To discuss a Commission Permit for a Major Utility (utility substation) on property west of Belmont Ridge Road, east of Goose Creek, and south of the future Russell Branch Parkway (PIN 113-16-2785) in the Industrial Park (IP) Zoning District."
"PLAT-2026-0038","Plat - Tier 1 - Easements (ESMT), or Dedication Plats (DEDI)","Withdrawn","","03/13/2026","","","Plan","22604  RELOCATION DR  STERLING VA 20166","045399350000","Dedication of right-of-way"
"EPLAN-2025-0190","Engineering Plan","In Review","","10/26/2025","","","Plan","21770  FILIGREE CT  ASHBURN VA 20147","061394321000","(Conditional Approval) Digital Filigree - Site Plan Amendment for revised SWM vault details, utility updates and minor grading updates. Amends EPLAN-2025-0070."
"PMTG-2026-0105","Site Plan Premeeting","Completed","","05/14/2026","","","Plan","45130 VANTAGE DATA PLZ STERLING VA 20166","044381108002","To discuss changes to a previous proposed gate at VA13/VA14 and incorporation of a Guardbooth with Sanitary and Water Connections"
"ZCOR-2026-0162","Zoning Correspondence - Determinations & Verifications (ZCOR)","Void","","05/19/2026","","","Plan","44461  CHILUM PL  ASHBURN VA 20147","060170268000","	Zoning Compliance/Verification Letter:  Please supply a letter (or use the enclosed template and copy onto letterhead) stating in which zoning district the subject property is currently located, if there are any overlay districts applicable to the subject property, permissiveness of current use and any compliance information you may be able to provide.  Please use municipality letterhead, or, if this is not possible for some reason, please enclose a municipality fax coversheet showing that the zoning letter is enclosed.

	Adjacent Property Designations and Uses (if known):  Current zoning district in which properties adjacent to the subject property (North, South, East & West) are located. 

	Any Variances, Special Permits, Conditions, etc:  Please note the existence of these items as they relate to the subject property and supply documentation, if available.

	Code Violations:  Please note whether or not there are currently any open/outstanding zoning, building or fire code violations of record that apply to the subject property

	Planned Public Improvements/Roadway Condemnation:  Please note whether or not there are currently any planned public improvements/roadway condemnation that would affect the subject property.

	Certificates of Occupancy:  Please supply copies of any existing certificates of occupancy for the subject property.  If none are available, please state the reason for this and whether there is any expected enforcement action due to the lack of certificate copies.

	Approved Site Plan and/or Conditions of Approval, if applicable:  Please supply available documents, particularly if the subject property is located in a Planned Development."
"PLAT-2025-0267","Plat - Tier 1 - Easements (ESMT), or Dedication Plats (DEDI)","Approved","","12/15/2025","","","Plan","23825  ERINS RUN DR  STERLING VA 20166","124299328000","Easement plat for easements furnished with related plan EPLAN-2025-0102."
"EPLAN-2026-0050","Engineering Plan Revision","In Review","","04/29/2026","","","Plan","23844 BELMONT RIDGE RD ASHBURN VA 20148","202298575000","THIS PLAN IS A REVISION TO THE APPROVED EPLAN-2024-0110 TO REMOVE THE PREVIOUSLY PROPOSED BERMING ALONG THE EASTERN SIDE OF BELMONT RIDGE ROAD THAT IS NOW PROPOSED WITH APPROVED STMP-2022-0018."
"PLAT-2025-0010","Plat - Tier 1 - Easements (ESMT), or Dedication Plats (DEDI)","In Review","","01/13/2025","","","Plan","15908 SHORT HILL RD PURCELLVILLE VA 20132","519257544000","Westview at Short Hill - Easement Plat for a drainage and stormwater management easement."
"PLAT-2025-0235","Plat - BLAD - Boundary Line Adjustment (BLAD)","In Review","","10/20/2025","","","Plan","19817  BELMONT RIDGE RD  ASHBURN VA 20147","114360453000","Boundary Line Adjustment involving seven parcels."
"PBOND-2026-0085","Performance Bond","Submitted","","06/01/2026","","","Plan","22365 GLENN DR STERLING VA 20164","032155119000","Vantage VA21 [SPPA-PCT] LDIA"
"EPLAN-2024-0166","Engineering Plan","In Review","","11/04/2024","","","Plan","15914  SHORT HILL RD  PURCELLVILLE VA 20132","519263665000","Westview - CPAP for 9 lot subdivision (7 cluster and 2 rural economy) plus 2 open space and one new public street located on the northeast side of Short Hill Road."
"PLAT-2026-0066","Plat - Tier 1 - Easements (ESMT), or Dedication Plats (DEDI)","In Review","","04/28/2026","","","Plan","21741  BEAUMEADE CIR  ASHBURN VA 20147","060189720000","Easement Plat associated with EPLAN-2025-0171"
"PBOND-2026-0076","Performance Bond","In Review","","05/13/2026","","","Plan","22365 GLENN DR STERLING VA 20164","032155119000",""
"GBOND-2026-0130","Grading - Grading Bond","Active Bond","SILVER DISTRICT WEST PROJECT","06/12/2026","","","Plan","44254 IMPORT PLZ ASHBURN VA 20147","062159785000","(GRADE-2024-000101) - Construction of approximately 6,400 linear feet of proposed road."
"EPLAN-2025-0217","Engineering Plan Revision","In Review","","12/23/2025","","","Plan","22321  PACIFIC BLVD  STERLING VA 20166","044175589000","This revision proposes updates to storm, sanitary and water utilities and profiles as well as other minor updates to post-development BMP calculations and pavement designations."
"STPL-2020-0022      ","Engineering Plan","Inactive","KINCORA PROJECT","04/23/2020","","","Plan","21391 PACIFIC BLVD STERLING VA 20166","041492455000","KINCORA VILLAGE CENTER LB K : REQUEST APPROVAL OF A SITE PLAN (STPL) FOR THE CONSTRUCTION OF A      MUSEUM AND ASSOCIATED INFRASTRUCTURE, IN THE PLANNED DEVELOPMENT-     MIXED USE BUSINEES (PDMUB) AND PLANNED DEVELOPMENT- INDUSTRIAL PARK   (PDIP) ZONING DISTRICTS.                                              HV"
"CPAR-2016-0016      ","Engineering Plan Revision","Approved","","05/09/2016","","","Plan","45111 LOUDOUN DOWNS LN STERLING VA 20166","045282657000","SEEFRIED INDUSTRIAL PROP. @ DOWNS PARK : REQUEST APPROVAL OF A CONSTRUCTION PLANS AND PROFILES REVISION (CPAR) TO PREVIOUSLY APPROVED CPAP-2015-0021 FOR THE PROPOSED STORMWATER     MANAGEMENT AND BMP FACILITIES, IN THE PLANNED DEVELOPMENT-INDUSTRIAL  PARK (PDIP) ZONING DISTRICT.                                          KI"
"CPAR-2015-0049      ","Engineering Plan Revision","Approved","","11/19/2015","","","Plan","45123 LOUDOUN DOWNS LN STERLING VA 20166","045282657000","SEEFRIED IND. PROPERTIES @ DOWNS PARK : REQUEST APPROVAL OF A CONSTRUCTION PLANS AND PROFILES REVISION (CPAR) TO CPAP-2015-0021 PREVIOUSLY APPROVED 09/03/2015 FOR THE PROPOSED     STORMWATER MANAGEMENT AND BMP FACILITIES, IN THE PLANNED              DEVELOPMENT-INDUSTRIAL PARK (PDIP) ZONING DISTRICT.                   KI"
"PMTG-2026-0153","Site Plan Premeeting","Completed","","07/10/2026","","","Plan","42551  TUSK TRAIL LN  LEESBURG VA 20175","150468682000","Pre-meeting for submission of a SPAM to approved EPLAN-2024-0059TUSCARORA CROSSING LB 7"
"EPLAN-2026-0053","Engineering Plan Revision","In Review","","05/05/2026","","","Plan","23840  FIALA LN ASHBURN VA 20148","161258590000","TECH PARK @ BRAMBLETON SPAM: Plan revision to add electrical equipment pad and retaining wall. Amending STMP-2022-0018."
"SBPR-2023-0010      ","Plat - Tier 3 - Preliminary/Record Plat (SBPR) or Record Plat (SBRD)","Approved","","07/25/2023","","","Plan","","083359224000","BELMONT LAND, LP : REQUEST APPROVAL OF A PRELIMINARY / RECORD SUBDIVISION PLAT (SBPR) FORSUBDIVIDING THE PROPERTY INTO FOUR (4) LOTS, IN THE PLANNED           DEVELOPMENT   OFFICE PARK (PDOP) ZONING DISTRICT.                     DS"
"CMPT-2025-0011","Commission Permit - Commission Permit","In Review","","01/07/2026","","","Plan","43240 DATA DR ASHBURN VA 20147","113362029000","SEE LEGI-2025-0040 FOR TIMELINE, WORKFLOW AND DOCUMENTS. Lunar & Apollo Substations: A  Commission Permit for the construction of two distribution substations within the A-3 zoning district."
"SPEX-2025-0131","Special Exception","In Review","","01/07/2026","","","Plan","43240 DATA DR ASHBURN VA 20147","113362029000","SEE LEGI-2025-0040 FOR TIMELINE, WORKFLOW AND DOCUMENTS. Lunar & Apollo Substations: A Special Exception to reduce minimum parking requirements."
"SPEX-2025-0132","Special Exception","In Review","","01/07/2026","","","Plan","43240 DATA DR ASHBURN VA 20147","113362029000","SEE LEGI-2025-0040 FOR TIMELINE, WORKFLOW AND DOCUMENTS. Lunar & Apollo Substations: A Minor Special Exception to modify buffer requirements including plant units, width and opacity screening for Buffers II, III, VI, and VIII."
"SPEX-2025-0130","Special Exception","In Review","","01/07/2026","","","Plan","43240 DATA DR ASHBURN VA 20147","113362029000","Lunar & Apollo Substations: A Special Exception and Commission Permit for the construction of two of two distribution substations within the A-3 zoning district."
"SPEX-2025-0127","Special Exception","In Review","","01/07/2026","","","Plan","43240 DATA DR ASHBURN VA 20147","113362029000","SEE LEGI-2025-0040 FOR TIMELINE, WORKFLOW, AND DOCUMENTS. Lunar & Apollo Substations: A Special Exception for the construction of one of two distribution substations within the A-3 zoning district."
"LEGI-2025-0040","Legislative Land Development Application","In Review","","01/07/2026","","","Plan","43240 DATA DR ASHBURN VA 20147","113362029000","Lunar & Apollo Substations: A Special Exception and Commission Permit for the construction of two distribution substations within the A-3 zoning district."
"EPLAN-2023-0119","Engineering Plan","In Review","","11/30/2023","","","Plan","","033190248000","(Conditional Approval) Silverbrook Center Site Plan"
"PCOR-2026-0044","Planning Correspondence - Administrative","Approved","","03/26/2026","","","Plan","21863  AUTO WORLD CIR  STERLING VA 20166","043274332000","A request to waive the pre-app requirement for a Minor Special Exception and Zoning Concept Plan Amendment to permit an Energy Storage facility on Auto World Circle. The Applicant previously had a pre-app meeting for this same proposal on an abutting parcel."
"PCOR-2026-0049","Planning Correspondence - Administrative","Approved","","04/15/2026","","","Plan","42455  ALLEGRO LN ALDIE VA 20105","202260981000","42455 Allegro Lane, Yondr JK 2 LLC Virginia Department of Environmental Air Quality Air Permit Application"
"PCOR-2025-0085","Planning Correspondence - Administrative","Approved","","10/21/2025","","","Plan","44595  LOW LATENCY LN  STERLING VA 20166","063477734000","SE PARCEL CAMPUS BUILDINGS 1 & 2: Local Governing Body Certification Form and Air Pollution Activity Suitability and Value Form for SDC Ashburn I, LLC Minor NSR Air Permit."
"PLAT-2025-0247","Plat - Tier 1 - Easements (ESMT), or Dedication Plats (DEDI)","Approved","","11/05/2025","","","Plan","22715 RELOCATION DR STERLING VA 20166","045279612000","Plat Showing Creation of Storm Drain Easements - Associated with SPAM-2023-0018"
"ZCOR-2026-0199","Zoning Correspondence - Determinations & Verifications (ZCOR)","Completed","","06/30/2026","","","Plan","","161168431000","Ashlee Turner of Global Zoning is requesting a zoning verification for PIN: 161-16-8431-000."
"ZCOR-2025-0442","Zoning Correspondence - Determinations & Verifications (ZCOR)","Approved","","11/12/2025","","","Plan","20575  CELTIC PARK DR  LEESBURG VA 20175","193276668000","Logan Rhoten-Thompson of Global Zoning is requesting a zoning verification for 20575 Celtic Park Drive, Leesburg - PIN:"
"ZCOR-2025-0443","Zoning Correspondence - Determinations & Verifications (ZCOR)","Approved","","11/12/2025","","","Plan","20335  CELTIC PARK DR  LEESBURG VA 20175","193274995000","Logan Rhoten-Thompson of Global Zoning is requesting a zoning verification for 20335 Celtic Park Drive, Leesburg - PIN:"
"PLAT-2025-0245","Plat - Tier 1 - Easements (ESMT), or Dedication Plats (DEDI)","In Review","","11/05/2025","","","Plan","22620  DAVIS DR  STERLING VA 20164","033387850000","Sterling Park - Offsite Easement Plat for EPLAN-2023-0089"
"EPLAN-2025-0093","Engineering Plan Revision","Approved","","06/03/2025","","","Plan","19661 BELMONT MANOR LN ASHBURN VA 20147","113101033000","Revision to approved CPAR 2020-0011 - requested by VDOT to provide a solution for proper tie-in to existing road that was constructed too low.  Also includes slight updates to the storm channel and SWM forebay for better safety and performance.  Please see the revision narrative on the cover sheet for more information."
"EPLAN-2026-0044","Engineering Plan","In Review","","04/16/2026","","","Plan","43240  DATA DR  ASHBURN VA 20147","113362029000","APOLLO AND LUNAR SUBSTATIONS: A request for site plan approval for two utility substations within the A3 zoning district."
"EPLAN-2026-0075","Engineering Plan Revision","In Review","","05/28/2026","","","Plan","44675 GIGABIT PLZ ASHBURN VA 20147","087100681000","Revision associated with this site plan revision include additional floor area for the guard shack booth at the secure entrance to the subject site per approved site plan STMP-2022-0004"
"ZCOR-2026-0038","Zoning Correspondence - Determinations & Verifications (ZCOR)","Completed","","02/13/2026","","","Plan","21741  BEAUMEADE CIR  ASHBURN VA 20147","060189720000","(Section 10.11.01.H, Table 3.02.05-1)
Brian Martin of Urban, Limited is requesting an administrative change to an approved SPEX to the layout of Building 2  and accessory emergency generators with EPLAN-2025-0171."
"PLAT-2026-0023","Plat - BLAD - Boundary Line Adjustment (BLAD)","In Review","","02/17/2026","","","Plan","","162254031000","Boundary Line Adjustment Plat consolidating six existing lots into one."
"CRCP-2022-0019      ","Engineering Plan","In Review","","12/20/2022","","","Plan","38174 COLONIAL HWY W HAMILTON VA 20158","453304892000","COLONIAL HWY SHARED USE PATH IMPRVTS - Application deemed Inactive on 8/6/23 per LSDO 1242.15 - ZDF   COLONIAL HWY SHARED USE PATH IMPRVTS : REQUEST APPROVAL OF COUNTY ROAD CONSTRUCTION PLANS (CRCP), IN THE     AGRTICULTURAL RURAL-1 (AR1), JOINT LAND MANAGEMENT AREAS 2 & 3        (JLMA2&3), INCORPORATED TOWNS (TOWNS), ZONING DISTRICTS.              DS"
"CPAP-2020-0016      ","Engineering Plan","In Review","SILVER DISTRICT WEST PROJECT","03/13/2020","","","Plan","","090387633000","SILVER DISTRICT WEST LANDBAY O,N : REQUEST APPROVAL OF CONSTRUCTION PLANS AND PROFILES (CPAP) TO         CONSTRUCT 381 SINGLE FAMILY ATTACHED UNITS, IN THE PLANNED DEVELOPMENTTRANSIT RELATED CENTER (PDTRC) ZONING DISTRICT.                       AM"
"EPLAN-2026-0105","Engineering Plan Revision","In Review","","07/24/2026","","","Plan","22715  RELOCATION DR  STERLING VA 20166","045279612000","Revision to STMP-2022-0003 and subsequent approved plans SPAM-2022-0072 and SPAM-2023-0018 proposing minor changes to curb and gutter, sidewalks, mechanical yard access."
"ZCOR-2026-0239","Zoning Correspondence - Determinations & Verifications (ZCOR)","In Review","","08/07/2026","","","Plan","45695  RUSSELL BRANCH PKWY  STERLING VA 20166","041398662000","Morgan Hadlock of Curata Partners is requesting a zoning determination to confirm continued conformance with STPL-2022-0012."
"ZCOR-2026-0234","Zoning Correspondence - Determinations & Verifications (ZCOR)","In Review","","08/03/2026","","","Plan","45210 VANTAGE DATA PLZ STERLING VA 20166","044292829001","Jamie Pulver of PZR is requesting a zoning verification for 45210 Vantage Data Plz, Sterling - PIN: 044-29-2829-001. Our Ref #190921-1 - zoning verification letter and copies of any open/unresolved zoning code violations"
"ZCOR-2026-0233","Zoning Correspondence - Determinations & Verifications (ZCOR)","In Review","","08/03/2026","","","Plan","22321  PACIFIC BLVD  STERLING VA 20166","044175589000","Jamie Pulver of PZR is requestin a zoning verification for 22321 Pacific Blvd, Sterling - PIN: 044-17-5589-000. Our Ref #190925-1 - Zoning Verification Letter and copies of any open/unresolved zoning code violations."
"ZCOR-2026-0218","Zoning Correspondence - Determinations & Verifications (ZCOR)","In Review","","07/27/2026","","","Plan","21819  AUTO WORLD CIR  STERLING VA 20166","043373092000","Aloise McCullough of Partner Assessments is requesting a zoning verification for 21819 Auto World Cir, Sterling - PIN: 043-37-3092.

Loudoun County Zoning Verification Request 

Parcel Number (PIN): 043373092 

Please provide zoning verification for PIN 043373092, including current zoning designation, proffered conditions (if applicable), special exceptions/special use permits, variances, zoning violations, and any pending zoning cases affecting the property. Please also advise whether the current use is compliant with applicable zoning regulations."
"ZCOR-2026-0220","Zoning Correspondence - Determinations & Verifications (ZCOR)","In Review","","07/27/2026","","","Plan","22295 LOCKRIDGE RD STERLING VA 20166","062275493001","Aloise McCullough of Partner Assessments is requesting a zoning verification for 22285 Lockridge Road, Sterling - PIN: 062-27-5493-001.

Loudoun County Zoning Verification Request 

Property/Project Name: 22285 Lockridge Road 

Property Address: 22285 Lockridge Road, Sterling, VA 20166 

Parcel Number: PARID 062275493001 / Tax Map # /93/N/1/////1/ 

Project Number: 26-603292.1 

 

Please provide zoning verification for PARID 062275493001 (22285 Lockridge Road, Sterling, VA 20166), including the current zoning designation, proffered conditions (if applicable), approved variances, special exceptions/special use permits, Planned Unit Development (PUD) approvals, final approved site plans, and any associated conditions of approval. Please also advise whether the current use is compliant with applicable zoning regulations."
"ZCOR-2026-0198","Zoning Correspondence - Determinations & Verifications (ZCOR)","Completed","","06/30/2026","","","Plan","42370  GRUMPY TOAD PLZ  ASHBURN VA 20148","161265577000","Ashlee Turner of Global Zoning is requesting a zoning verification for 42370 Grumpy Toad Plaza, Ashburn - PIN: 161-26-5577-000."
"ZCOR-2026-0165","Zoning Correspondence - Determinations & Verifications (ZCOR)","Completed","","05/27/2026","","","Plan","44470  CHILUM PL  ASHBURN VA 20147","060182916001","Kimberly Powers of NV5 is requesting a zoning verification for  44470 Chilum Pl, Ashburn - PIN: 060-18-2916-001.


 	Zoning Compliance/Verification Letter:  Please supply a letter (or use the enclosed template and copy onto letterhead) stating in which zoning district the subject property is currently located, if there are any overlay districts applicable to the subject property, permissiveness of current use and any compliance information you may be able to provide.  Please use municipality letterhead, or, if this is not possible for some reason, please enclose a municipality fax coversheet showing that the zoning letter is enclosed.

	Adjacent Property Designations and Uses (if known):  Current zoning district in which properties adjacent to the subject property (North, South, East & West) are located. 

	Any Variances, Special Permits, Conditions, etc:  Please note the existence of these items as they relate to the subject property and supply documentation, if available.

	Code Violations:  Please note whether or not there are currently any open/outstanding zoning, building or fire code violations of record that apply to the subject property

	Planned Public Improvements/Roadway Condemnation:  Please note whether or not there are currently any planned public improvements/roadway condemnation that would affect the subject property.

	Certificates of Occupancy:  Please supply copies of any existing certificates of occupancy for the subject property.  If none are available, please state the reason for this and whether there is any expected enforcement action due to the lack of certificate copies.

	Approved Site Plan and/or Conditions of Approval, if applicable:  Please supply available documents, particularly if the subject property is located in a Planned Development."
"ZCOR-2026-0188","Zoning Correspondence - Determinations & Verifications (ZCOR)","In Review","","07/07/2026","","","Plan","41567  BRIARFIELD LN  ALDIE VA 20105","202285740000","Colleen Gillis from Curata Partners is requesting a Vested Rights Determination for PINs 202-28-5740 and 202-26-0981 if data centers are vested rights."
"ZCOR-2026-0176","Zoning Correspondence - Determinations & Verifications (ZCOR)","Approved","ARCOLA CENTER PROJECT","06/01/2026","","","Plan","24291  HOWLING ROOSTER LN  STERLING VA 20166","162176713000","Ben Wales of Curata Partners is requesting administrative change to a SPEX for 24291 Howling Rooster Ln, Sterling - PIN: 162-17-6713-000, that additional SPEX approval is not required for EPLAN-2024-0212 Project Motion Phase 4 pursuant to Section 3.02.05-1, Footnote 4 of the LCZO. Proffered commitments associated with ZMAP-2016-0013 and ZCPA-2016-0010, Arcola Heights, satisfy the Footnote requirements."
"ZCOR-2026-0189","Zoning Correspondence - Determinations & Verifications (ZCOR)","Completed","","08/03/2026","","","Plan","19560  CROSSTRAIL BLVD  LEESBURG VA 20175","150151774000","Debbie Allen of Nationwide Zoning Services, LLC is requesting a zoning verification for 19560 Crosstrail Blvd, Leesburg - PIN: 150-15-1774-000."
"ZCOR-2026-0163","Zoning Correspondence - Determinations & Verifications (ZCOR)","Completed","","05/27/2026","","","Plan","21625  GRESHAM DR  ASHBURN VA 20147","061467942000","Kimberly Powers of NV5 is requesting a zoning verification for 21625 Gresham Drive, Ashburn - PIN: 061-46-7942-000.

	Zoning Compliance/Verification Letter:  Please supply a letter (or use the enclosed template and copy onto letterhead) stating in which zoning district the subject property is currently located, if there are any overlay districts applicable to the subject property, permissiveness of current use and any compliance information you may be able to provide.  Please use municipality letterhead, or, if this is not possible for some reason, please enclose a municipality fax coversheet showing that the zoning letter is enclosed.

	Adjacent Property Designations and Uses (if known):  Current zoning district in which properties adjacent to the subject property (North, South, East & West) are located. 

	Any Variances, Special Permits, Conditions, etc:  Please note the existence of these items as they relate to the subject property and supply documentation, if available.

	Code Violations:  Please note whether or not there are currently any open/outstanding zoning, building or fire code violations of record that apply to the subject property

	Planned Public Improvements/Roadway Condemnation:  Please note whether or not there are currently any planned public improvements/roadway condemnation that would affect the subject property.

	Certificates of Occupancy:  Please supply copies of any existing certificates of occupancy for the subject property.  If none are available, please state the reason for this and whether there is any expected enforcement action due to the lack of certificate copies.

	Approved Site Plan and/or Conditions of Approval, if applicable:  Please supply available documents, particularly if the subject property is located in a Planned Development."
"ZCOR-2026-0197","Zoning Correspondence - Determinations & Verifications (ZCOR)","Completed","","06/30/2026","","","Plan","42601 GRUMPY TOAD PLZ ASHBURN VA 20148","161258590000","Ashlee Turner of Global Zoning is requesting a zoning verification for 42831, 42461, and 42601 Grumpy Toad Plaza, Ashburn - PIN: 161-25-8590-000."
"ZCOR-2026-0161","Zoning Correspondence - Determinations & Verifications (ZCOR)","Approved","","05/27/2026","","","Plan","44521  HASTINGS DR  ASHBURN VA 20147","060170268000","Kimberly Powers of NV5 is requesting a zoning verification for 44521 Hastings Dr and 44461 Chilum Pl Ashburn - PIN: 060-17-0268-000. Please reference both street addresses in the response letter.

	Zoning Compliance/Verification Letter:  Please supply a letter (or use the enclosed template and copy onto letterhead) stating in which zoning district the subject property is currently located, if there are any overlay districts applicable to the subject property, permissiveness of current use and any compliance information you may be able to provide.  Please use municipality letterhead, or, if this is not possible for some reason, please enclose a municipality fax coversheet showing that the zoning letter is enclosed.

	Adjacent Property Designations and Uses (if known):  Current zoning district in which properties adjacent to the subject property (North, South, East & West) are located. 

	Any Variances, Special Permits, Conditions, etc:  Please note the existence of these items as they relate to the subject property and supply documentation, if available.

	Code Violations:  Please note whether or not there are currently any open/outstanding zoning, building or fire code violations of record that apply to the subject property

	Planned Public Improvements/Roadway Condemnation:  Please note whether or not there are currently any planned public improvements/roadway condemnation that would affect the subject property.

	Certificates of Occupancy:  Please supply copies of any existing certificates of occupancy for the subject property.  If none are available, please state the reason for this and whether there is any expected enforcement action due to the lack of certificate copies.

	Approved Site Plan and/or Conditions of Approval, if applicable:  Please supply available documents, particularly if the subject property is located in a Planned Development."
"ZCOR-2026-0157","Zoning Correspondence - Determinations & Verifications (ZCOR)","Completed","","05/19/2026","","","Plan","44631  WAXPOOL RD  ASHBURN VA 20147","061285496000","Jamie Pulver of PZR is requesting a Zoning Verification for Parcel Identification Number (PIN): 061-28-5496-000 located at 44631 Waxpool Rd, Ashburn."
"ZCOR-2026-0159","Zoning Correspondence - Determinations & Verifications (ZCOR)","Approved","","05/19/2026","","","Plan","22190  LOUDOUN COUNTY PKWY  ASHBURN VA 20147","062257134000","Jamie Pulver of PZR is requesting a zoning verification for 22190 Loudoun Cty Pkwy, Ashburn - PIN: 062-25-7134-000. Please provide a zoning verification letter confirming the current zone of the property, confirming the abutting zones, confirming if in a PUD, and confirming if a part of an overlay. And outstanding zoning code violations"
"ZCOR-2026-0225","Zoning Correspondence - Determinations & Verifications (ZCOR)","In Review","","07/23/2026","","","Plan","44655  QUALITY TECH LN  STERLING VA 20166","063494014000","Jamie Pulver of PZR is requesting a zoning verification for 44655 Quality Tech Ln, Sterling - PIN: 063-49-4014-000. 

Please provide a Zoning Determination letter and copies of any open / active Zoning Code Violations on file for property address  44655 QUALITY TECH LN - Parcel: 063494014000"
"ZCOR-2026-0217","Zoning Correspondence - Determinations & Verifications (ZCOR)","In Review","","07/27/2026","","","Plan","21863  AUTO WORLD CIR  STERLING VA 20166","043274332000","Aloise McCullough of Partner Assessments is requesting a zoning verification for 21863 Auto World Cir, Sterling - PIN: 043-27-4332.

Loudoun County Zoning Verification Request 

Parcel Number (PIN): 043274332 

Please provide zoning verification for PIN 043274332, including current zoning designation, proffered conditions (if applicable), special exceptions/special use permits, variances, zoning violations, and any pending zoning cases affecting the property. Please also advise whether the current use is compliant with applicable zoning regulations."
"ZCOR-2026-0216","Zoning Correspondence - Determinations & Verifications (ZCOR)","In Review","","07/27/2026","","","Plan","45870  MEMPHIS PLZ  STERLING VA 20166","043176560000","Aloise McCullough of Partner Assessments is requesting a zoning verification for PIN: 043-17-5650.

Please provide zoning verification for PIN 043176560, including current zoning designation, proffered conditions (if applicable), special exceptions/special use permits, variances, zoning violations, and any pending zoning cases affecting the property. Please also advise whether the current use is compliant with applicable zoning regulations."
"ZCOR-2026-0209","Zoning Correspondence - Determinations & Verifications (ZCOR)","Void","","07/09/2026","","","Plan","45955 MEMPHIS PLZ STERLING VA 20166","043171795000","Aloise McCullough of Partner ESI is requesting a zoning verification for 45955 Memphis Plaza, Sterling - PIN: 043-17-1795-000."
"ZCOR-2026-0108","Zoning Correspondence - Determinations & Verifications (ZCOR)","Approved","","04/17/2026","","","Plan","20575  CELTIC PARK DR  LEESBURG VA 20175","193276668000","Logan Rhoten-Thompson of Global Zoning is requesting a zoning verification for 20575 Celtic Park Dr, Leesburg - PIN: 193-27-6668-000."
"PLAT-2026-0115","Plat - Tier 1 - Easements (ESMT), or Dedication Plats (DEDI)","In Review","","08/05/2026","","","Plan","","203390320000","JK TECHNOLOGY PARK #2 - Plat Showing the Creation and Vacation of Easements"
"ZCOR-2026-0017","Zoning Correspondence - Determinations & Verifications (ZCOR)","Approved","","01/22/2026","","","Plan","42842 ARCOLA BLVD STERLING VA 20166","161397058000","Matthew McElhaney of Urban LTD is requesting a landscape buffer modification for Brambleton Business Campus (EPLAN-2023-0112) under the Revised 1993 Zoning Ordinance."
"ZCOR-2026-0021","Zoning Correspondence - Determinations & Verifications (ZCOR)","Completed","","01/30/2026","","","Plan","21955 LOUDOUN COUNTY PKWY ASHBURN VA 20147","061177666001","Erin Swisshelm of Walsh Colucci is requesting a zoning verification request for 21955 Loudoun County Parkway, Ashburn - PIN: 061-17-7666-001."
"ZCOR-2026-0020","Zoning Correspondence - Determinations & Verifications (ZCOR)","In Review","","01/30/2026","","","Plan","22200  LOUDOUN COUNTY PKWY  ASHBURN VA 20147","089208954000","Erin Swisshelm of Walsh Colucci is requesting a zoning verification for 22200 Loudoun County Parkway, Ashburn -  PIN: 089-20-8954."
"ZCOR-2026-0022","Zoning Correspondence - Determinations & Verifications (ZCOR)","Completed","","01/30/2026","","","Plan","44611  WAXPOOL RD  ASHBURN VA 20147","061275931000","Erin Swisshelm of Walsh Colucci is requesting a zoning verification for 44611 Waxpool Road, Ashburn -  PIN 061-27-5931."
"ZCOR-2026-0133","Zoning Correspondence - Determinations & Verifications (ZCOR)","Completed","","04/27/2026","","","Plan","20335  CELTIC PARK DR  LEESBURG VA 20175","193274995000","Logan Rhoten-Thompson of Global Zoning requests a Zoning Verification for Parcel Identification Number (PIN): 193-27-4995-000 located at 20335 Celtic Park Dr, Leesburg."
"ZCOR-2026-0137","Zoning Correspondence - Determinations & Verifications (ZCOR)","Completed","","04/29/2026","","","Plan","42455  ALLEGRO LN ALDIE VA 20105","202260981000","Ben Wales of Curata is requesting a copy of the County's Proffer Status Matrix for ZMAP-2018-0015."
"PLAT-2026-0121","Plat - BLAD - Boundary Line Adjustment (BLAD)","In Review","","08/12/2026","","","Plan","22570 SHAW RD Unit: 100 STERLING VA 20166","033357335000","Consolidation of 4 properties to support EPLAN-2024-0154."
"ZCOR-2026-0293","Zoning Correspondence - Determinations & Verifications (ZCOR)","In Review","","09/08/2026","","","Plan","25145  WOODNOOK DR  CHANTILLY VA 20152","096183926000","Cameron Mavity of Bohler is requesting a proffer determination for ZMAP-2019-0017 & EPLAN-2025-0012 - H&M Property."
"EPLAN-2023-0089","Engineering Plan","In Review","","10/04/2023","","","Plan","22620  DAVIS DR  STERLING VA 20164","033387850000","(Conditional Approval) Site Plan for Sterling Park"
"PBOND-2016-0036","Performance Bond","Active Bond","","03/29/2016","","","Plan","44710 PERFORMANCE CIR ASHBURN VA 20147","060209652000","ASHBURN NORTH PHASE 4"
"PBOND-2016-0034","Performance Bond","Active Bond","","03/29/2016","","","Plan","44780 PERFORMANCE CIR ASHBURN VA 20147","060209652000","ASHBURN NORTH PHASE 2"
"SPEX-2026-0045","Special Exception","In Review","","09/03/2026","","","Plan","21863  AUTO WORLD CIR  STERLING VA 20166","043274332000","SEE LEGI-2026-0029 FOR DOCUMENTS, TIMELINE AND WORKFLOW. AUTO WORLD BESS -A Minor Special Exception to develop Energy Storage, Utility Scale uses on PIN 053-27-4332 in the IP Zoning District."
"ZCPA-2026-0010","Zoning Concept Plan Amendment - ZCASE","In Review","","09/03/2026","","","Plan","21863  AUTO WORLD CIR  STERLING VA 20166","043274332000","SEE LEGI-2026-0029 FOR DOCUMENTS, TIMELINE AND WORKFLOW. AUTO WORLD BESS -A Zoning Concept Plan Amendment to develop Energy Storage, Utility Scale uses on PIN 053-27-4332 in the IP Zoning District."
"CMPT-2026-0016","Commission Permit - Commission Permit","In Review","","09/03/2026","","","Plan","21863  AUTO WORLD CIR  STERLING VA 20166","043274332000","SEE LEGI-2026-0029 FOR DOCUMENTS, TIMELINE AND WORKFLOW. A Commission Permit request to develop Energy Storage, Utility Scale uses on PIN 053-27-4332 in the IP Zoning District."
"EPLAN-2026-0006","Engineering Plan Revision","Approved","","01/19/2026","","","Plan","44595 LOW LATENCY LN STERLING VA 20166","063479549001","ProjectNOVA Southeast, Revision to previously approved site plan updating circulations drives, gates, guard booths, and associated utilities."
"PLAT-2026-0112","Plat - BLAD - Boundary Line Adjustment (BLAD)","In Review","","07/31/2026","","","Plan","23840  FIALA LN ASHBURN VA 20148","161258590000","BLAD for Tech Park at Brambleton"
"PBOND-2026-0107","Performance Bond","Submitted - Online","","06/30/2026","","","Plan","44254  IMPORT PLZ  ASHBURN VA 20147","062159785000","ZOPA Extension of prior bond PBOND-2020-0020"
"PMTG-2026-0159","Legislative Land Development Premeeting","Completed","","07/15/2026","","","Plan","","089481925000","VAN GOUGH SUBSTATIONS: To discuss potential Zoning Concept Plan Amendment, Special Exception, and Commission Permit to allow two Gas-Insulated Substations (GIS) on a 27.66-acre parcel on the northeast side of Shellhorn Road at the intersection with Devin Shafron Drive (PIN 089-48-1925) in the Office Park (OP) Zoning District."
"ZCOR-2026-0164","Zoning Correspondence - Determinations & Verifications (ZCOR)","Completed","","05/19/2026","","","Plan","44820  PRENTICE DR  STERLING VA 20166","044370416000","Kimberly Powers of NV5 is requesting a zoning verification for 44820 Prentice Dr, Sterling - PIN: 044-37-0416-000.

	Zoning Compliance/Verification Letter:  Please supply a letter (or use the enclosed template and copy onto letterhead) stating in which zoning district the subject property is currently located, if there are any overlay districts applicable to the subject property, permissiveness of current use and any compliance information you may be able to provide.  Please use municipality letterhead, or, if this is not possible for some reason, please enclose a municipality fax coversheet showing that the zoning letter is enclosed.

	Adjacent Property Designations and Uses (if known):  Current zoning district in which properties adjacent to the subject property (North, South, East & West) are located. 

	Any Variances, Special Permits, Conditions, etc:  Please note the existence of these items as they relate to the subject property and supply documentation, if available.

	Code Violations:  Please note whether or not there are currently any open/outstanding zoning, building or fire code violations of record that apply to the subject property

	Planned Public Improvements/Roadway Condemnation:  Please note whether or not there are currently any planned public improvements/roadway condemnation that would affect the subject property.

	Certificates of Occupancy:  Please supply copies of any existing certificates of occupancy for the subject property.  If none are available, please state the reason for this and whether there is any expected enforcement action due to the lack of certificate copies.

	Approved Site Plan and/or Conditions of Approval, if applicable:  Please supply available documents, particularly if the subject property is located in a Planned Development."
"EPLAN-2026-0128","Engineering Plan Revision","Submitted - Online","SILVER DISTRICT WEST PROJECT","08/25/2026","","","Plan","23546 AUTOPILOT DR STERLING VA 20166","063479549004","THIS APPLICATION PROPOSES REVISIONS TO CPAP-2019-0033 TO ACCOUNT FOR CHANGES IN THE BRIDGE DESIGN BASED ON VDOT REVIEW. ADDITIONALLY THE APPLICATION HAS BEEN UPDATED TO ACCOUNT FOR CONSTRUCTION OF THE SURROUNDING LAND."
"CPAP-2019-0030      ","Engineering Plan","Approved","SILVER DISTRICT WEST PROJECT","10/09/2019","","","Plan","44254 IMPORT PLZ ASHBURN VA 20147","062159785000","SHELLHORN ROAD WEST : REQUEST APPROVAL OF CONSTRUCTION PLANS AND PROFILES (CPAP) FOR THE    CONSTRUCTION OF THE WESTERN EXTENSION OF SHELLHORN ROAD AND ASSOCIATEDINFRASTRUCTURE AND UTILITIES, IN THE PLANNED DEVELOPMENT- OFFICE PARK (PDOP) ZONING DISTRICT.                                               HV"
"STPL-2022-0012      ","Engineering Plan","Approved","KINCORA PROJECT","04/11/2022","","","Plan","45695 RUSSELL BRANCH PKWY STERLING VA 20166","041398662000","CORSCALE VA2 BLDG 1 : REQUEST APPROVAL OF A SITE PLAN (STPL) FOR THE CONSTRUCTION OF  A DATACENTER BUILDING, IN THE PLANNED DEVELOPMENT- INDUSTRIAL PARK (PDIP)   ZONING DISTRICT.                                                      HV"
"EPLAN-2026-0066","Engineering Plan Revision","In Review","","05/14/2026","","","Plan","43320  DATA DR  ASHBURN VA 20147","113377583000","Site Plan Amendment to previously approved STMP-2022-0016 and EPLAN-2024-0004 proposing revision to reduce building gross floor area, proposed building stories, BMP facilities and related infrastructure."
"EPLAN-2026-0013","Engineering Plan Revision","In Review","","01/27/2026","","","Plan","22786  PLATFORM PLZ  STERLING VA 20166","034385918000","SPAM to approved STMP-2020-0017 & SPAM-2021-0072; to incorporate the substation infrastructure authorized under ZCPA-2020-0014."
"EPLAN-2025-0215","Engineering Plan","In Review","","12/22/2025","","","Plan","45110  LOUDOUN DOWNS LN  STERLING VA 20166","045282657000","Installation of site revisions such as relocated security fence, relocated curb and gutter, and extended water and sewer per the Sterling Boulevard Expansion project plans. Revisions to SPAM-2015-0106/STPL-2015-0007."
"PLAT-2025-0248","Plat - Tier 2 - Family Subdivision (SBFM), Subdivision Waiver (SBWV), or Subdivision Base Density Plats (SBBD)","In Review","","11/13/2025","","","Plan","19540  CROSSTRAIL BLVD  LEESBURG VA 20175","150151774000","Subdivision Waiver Plat on the Property of Tuscarora Landbay 3 LLC"
"EPLAN-2025-0189","Engineering Plan Revision","In Review","","10/24/2025","","","Plan","45757  MARIES RD  STERLING VA 20166","030286764000","Revision to approved Site Plan Amendment (EPLAN-2024-0201)"
"PLAT-2026-0022","Plat - Tier 1 - Easements (ESMT), or Dedication Plats (DEDI)","In Review","","02/11/2026","","","Plan","45757  MARIES RD  STERLING VA 20166","030286764000","Revision to approved Site Plan Amendment (EPLAN-2024-0201)"
"PLAT-2026-0139","Plat - Tier 1 - Easements (ESMT), or Dedication Plats (DEDI)","In Review","","09/08/2026","","","Plan","","194381577000","Project Celtics easement plat for a trail along Energy Park Drive."
"BDCOR-2026-0026","Building and Development Correspondence (BDCOR)","Submitted - Online","","09/15/2026","","","Plan","22252  CLOUD PLZ  STERLING VA 20166","044282013000","SWM Determination Request to verify that the existing pond built with SPAM-2018-0084 is adequate to treat and serve the improvements from EPLAN-2026-0077 and that it is acceptable to utilize VRRM version 4.1 spreadsheet for the existing pond."
"ZCOR-2026-0042","Zoning Correspondence - Determinations & Verifications (ZCOR)","Approved","","02/20/2026","","","Plan","22225 LOUDOUN COUNTY PKWY ASHBURN VA 20147","089496314002","Courtney Scheepers of Gordan is requesting an administrative change to an approved SPEX for 22225 Loudoun County Pkwy, Ashburn - PIN: 089-49-6314-002. Seeking approval and confirmation that minor site plan revisions proposed with EPLAN-2025-0181 may be adjusted as a matter of right based on the previously approved site plan and the provisions of the Loudoun County Zoning Ordinance, specifically Table 3.02.05-1 (footnote 3) and Section 10.11.01.H."
"ZCOR-2026-0035","Zoning Correspondence - Determinations & Verifications (ZCOR)","Approved","","02/11/2026","","","Plan","45757  MARIES RD  STERLING VA 20166","030286764000","Reina Hamayama of Bohler Engineering is requesting a minor modification to an approved SPEX for EPLAN-2025-0189 may be adjusted as a matter of right based on prior approvals and the provisions of the Loudoun County Zoning Ordinance (the 2023 Zoning Ordinance), specifically Table 3.02.05-1 (Footnote 3) and Section 10.11.01.H."
"GBOND-2026-0209","Grading - Grading Bond","In Review","SILVER DISTRICT WEST PROJECT","09/16/2026","","","Plan","44254 IMPORT PLZ ASHBURN VA 20147","062159785000","GRADE-2026-000173 - SHELLHORN RD & BARRISTER ST AT SILVER - Construction of approximately 6,400 linear feet of proposed roadway (CPAP-2019-0033)."
"PBOND-2026-0048","Performance Bond","Active Bond","","03/13/2026","","","Plan","24560  HOWLING ROOSTER LN  STERLING VA 20166","162176713000","Performance Bond for Project Motion Phase 4 EPLAN-2024-0212"
"PBOND-2026-0049","Performance Bond","In Review","","03/13/2026","","","Plan","24560  HOWLING ROOSTER LN  STERLING VA 20166","162176713000","IN REVIEW w/ PROFFER MANAGEMENT (DUE 10/01/2026) - Zoning Ordinance Performance Agreement for EPLAN-2024-0212."
"CRCP-2022-0016      ","Engineering Plan","Inactive","","09/23/2022","","","Plan","","248165939000","NORTHSTAR BOULEVARD-PHASE 3 : REQUEST APPROVAL FOR Widening of Northstar Blvd to a 4-lane           section between the intersection of Braddock Road and Tall Cedars     Parkway. Intersection improvements                                    and turn lanes at the intersections of Northstar Blvd and Sacred      Mountain Rd/Stonecutter St, Conejo                                    Way/Mattingly Drive, and Braddock Road. A shared use path along       Northstar Blvd."
"PBORE-2026-0012","Performance Bond Release - PBORE","Submitted","","09/17/2026","","","Plan","42842 ARCOLA BLVD ASHBURN VA 20148","161397058000","BRAMBLETON ACTIVE ADULT COMMUNITY LB C MULTIFAMILY"
"PBOND-2025-0167","Performance Bond","Active Bond","","10/31/2025","","","Plan","43571  LITTLE RIVER TPKE  CHANTILLY VA 20152","128408530000","Bond and Agreement for EPLAN-2024-0127"
"PLAT-2026-0099","Plat - Tier 1 - Easements (ESMT), or Dedication Plats (DEDI)","In Review","","07/06/2026","","","Plan","","203279200000","Easement Plat for Phase 2"
"PLAT-2026-0079","Plat - Tier 1 - Easements (ESMT), or Dedication Plats (DEDI)","In Review","","05/27/2026","","","Plan","21770  FILIGREE CT  ASHBURN VA 20147","061394321000","Digital Filigree - Site Plan Amendment for revised SWM vault details, utility updates and minor grading updates. Amends EPLAN-2025-0070."
"GBOND-2026-0036","Grading - Grading Bond","Active Bond","","03/02/2026","","","Plan","44690 PERFORMANCE CIR ASHBURN VA 20147","060209652000","EPLAN-2025-0163 Modify existing 1450 LF duct bank retrofitting two (2) additional 8"" conduit lines above existing "
"EPLAN-2026-0135","Engineering Plan Revision","Submitted - Online","SILVER DISTRICT WEST PROJECT","09/02/2026","","","Plan","44254  IMPORT PLZ  ASHBURN VA 20147","062159785000","Storm Sewer revision to CPAP-2019-0030 for conflicts with existing duct banks."
"GBOND-2025-0190","Grading - Grading Bond","Active Bond","","11/06/2025","","","Plan","43571  LITTLE RIVER TPKE  CHANTILLY VA 20152","128408530000","Grading bond for GRADE-2025-000141"
"EPLAN-2023-0112","Engineering Plan","In Review","","11/14/2023","","","Plan","23949  LOUDOUN COUNTY PKWY  ASHBURN VA 20148","161397058000","Brambleton Business Campus Substation Site plan."
"PMTG-2026-0205","Site Plan Premeeting","In Review","","09/04/2026","","","Plan","44790  PERFORMANCE CIR  ASHBURN VA 20147","060209652000","Related to EPLAN-2026-0205 PreMeeting for containerized water treatment facility"
"PLAT-2026-0119","Plat - BLAD - Boundary Line Adjustment (BLAD)","In Review","","08/07/2026","","","Plan","22225  LOUDOUN COUNTY PKWY  ASHBURN VA 20147","088195276000","BOUNDARY LINE ADJUSTMENT FOR ZEBRA WEST PARCELS 089-49-6314 & 088-19-5276 (LOT F2 LAND CONDO)"
"EPLAN-2026-0077","Engineering Plan","In Review","","06/02/2026","","","Plan","22252  CLOUD PLZ  STERLING VA 20166","044282013000","Originally submitted as STPL - Should be reviewed as SPAM for parking area addition. ZDF        Site Plan for proposed parking lot area, east of the existing building (Ashburn Nexus) on PIN 044-28-2013."
"LEGI-2026-0012","Legislative Land Development Application","In Review","","04/30/2026","","","Plan","","088195276000","FRACTUS-LENTICULAR SUBSTATIONS: A Zoning Concept Plan Amendment, Special Exception, and Commission Permit applications to permit development of a utility substations on the Property."
"LEGI-2026-0029","Legislative Land Development Application","In Review","","09/03/2026","","","Plan","21863  AUTO WORLD CIR  STERLING VA 20166","043274332000","AUTO WORLD BESS -A Zoning Concept Plan Amendment, Minor Special Exception, and Commission Permit request to develop Energy Storage, Utility Scale uses on PIN 053-27-4332 in the IP Zoning District."
"EPLAN-2025-0132","Engineering Plan Revision","In Review","","08/18/2025","","","Plan","24244  QUAIL RIDGE LN  ALDIE VA 20105","246200886000","Site Plan Amendment to STMP-2022-0010"
"PBOND-2026-0120","Performance Bond","In Review","","08/04/2026","","","Plan","43115  GOOSE PARK LN  ASHBURN VA 20147","114360453000","Proffer Bond for EPLAN-2025-0195"
"PBOND-2026-0119","Performance Bond","In Review","","08/04/2026","","","Plan","43115  GOOSE PARK LN  ASHBURN VA 20147","114360453000","Performance Bond for EPLAN-2025-0195 Belmont Bldgs. 1-2-5."
"STPL-2000-0008      ","Engineering Plan","Approved","","01/20/2000","","","Plan","22451 SHAW RD STERLING VA 20166","045305485000","DULLES NORTH CORPORATE PARK, BLDG 5 : FINAL SITE PLAN APPROVAL FOR THE APPROVED/AMENDED SITE PLAN           (STPL-1999-0077/SPAM-1999-0091) TO ALLOW FOR THE ADDITION OF          APPROX.10,100 SQUARE FEET TO THE REAR OF BUILDING FIVE FOR A NEW DATA CENTER EQUIPMENT EXPANSION.  REVISE PARKING COUNTS AND UTILITIES AS   NEEDED."
"PLAT-2026-0024","Plat - BLAD - Boundary Line Adjustment (BLAD)","In Review","","02/20/2026","","","Plan","42247 THUNDERBALL DR LEESBURG VA 20175","194103673001","Boundary Line Adjustment"
"ZMAP-2025-0020","Zoning Map Amendment - ZCASE","In Review","","11/14/2025","","","Plan","45111  LOUDOUN DOWNS LN  STERLING VA 20166","045282657000","See LEGI-2024-0041 for all timelines, workflows, and documents - DULLES DOWNS: A Zoning Map Amendment to rezone approximately 50.106 acres from the Industrial Park (IP) Zoning District to the IP Zoning District."
"EPLAN-2024-0059","Engineering Plan","Approved","TUSCARORA CROSSING PROJECT","05/08/2024","","","Plan","42551  TUSK TRAIL LN  LEESBURG VA 20175","150469176000","TUSCARORA CROSSING LB 7: REQUEST APPROVAL OF A MODIFIED PROCESS SITE PLAN (STMP) FOR TWO DATA CENTER BUILDINGS in LB 7A and 7B - ZONED PD-IP"
"PBOND-2012-0049","Performance Bond","Active Bond","","03/23/2012","","","Plan","21755 UNBRIDLED WAY ASHBURN VA 20147","088392515000","INTERGATE ASHBURN DATA CENTER - IMPROVEMENTS WITHIN ROW"
"EPLAN-2025-0216","Engineering Plan Revision","In Review","","12/22/2025","","","Plan","21805  AUTO WORLD CIR  STERLING VA 20166","043358969000","Plan revision is for the Waxpool/Loudoun County Parkway Intersection Improvements Project. Summary of plan changes includes:
	Updated pedestrian curb ramps to meet ADA compliance.
	Revised roadway widening design to accommodate the Waxpool Intersection Improvements project  currently under construction (just east of the bridge over Broad Run). 
	MOT, signing and marking, and signal plans updated to meet current standards. VDOT stamped plans will be requested upon completed review.
	Erosion & sediment control plans have been updated to meet the latest Virginia Stormwater Management Handbook, Version 1.1.
	Stormwater management calculations have been updated for the new handbook and to reflect the revised LOD. No additional nutrient credits are required. (Credits have already been purchased)
	Updated quantities"
"STPL-2006-0004      ","Engineering Plan","Approved","","01/26/2006","","","Plan","44480 HASTINGS DR ASHBURN VA 20147","060178810000","ASHBURN CORPORATE CENTER PHASE II : REQUEST APPROVAL OF A SITE PLAN FOR A ONE-STORY DATA CENTER BUILDING  ASSOCIATED PARKING AND UTILITY EXTENSIONS.                            er"
"PMTG-2024-0047","Legislative Land Development Premeeting","Completed","","02/28/2024","","","Plan","42381  COCHRAN MILL RD  LEESBURG VA 20175","151400958000","COCHRAN MILL DATA CENTER: A Zoning Map Amendment to rezone 17 acres from the Joint Land Management Area-3 (JLMA-3) Zoning District to the Industrial Park (IP) Zoning District, and a Special Exception to increase floor area ratio to 1.0, to establish a Data Center use at 42381 Cochran Mill Rd"
"EPLAN-2023-0078","Engineering Plan","Approved","","09/20/2023","","","Plan","21800  BEAUMEADE CIR  ASHBURN VA 20147","061307791000","SPAM Application to revise the site layout, grading plan and utility plan to reflect design revisions."
"PMTG-2026-0039","Legislative Land Development Premeeting","Completed","","02/18/2026","","","Plan","23000  INDIAN CREEK DR  STERLING VA 20166","046300190000","23000 INDIAN CREEK DRIVE: To discuss Special Exceptions for a 15- to 20-megawatt Data Center and Substation uses in the Industrial Park (IP) Zoning District at the southeast corner of Pacific Boulevard and Indian Creek Road (PIN 046-30-0190 and 046-30-3281). The Cracker Barrel Restaurant would remain."
"ZCOR-2017-0005      ","Zoning Correspondence - Determinations & Verifications (ZCOR)","Completed","","01/20/2017","","","Plan","21744 SIR TIMOTHY DR ASHBURN VA 20147","061268762000","ACC-10 DATA CENTER -STMP-2016-0007 DETER : William Junda of Gordon is requesting a Determination letter on PIN # 061-26-8762, to                                                       affirm that STMP-2016-0007 as proposed is consistent with the Revised 1993 Zoning Ordinace of Section 5-664(B) that mechanical equipment    located in a manner found to have no adverse impact on adjacent roads and adjacent properties, as determined by the Zoning Administrator,   shall not be required to be screened."
"PMTG-2025-0079","Legislative Land Development Premeeting","Completed","","04/11/2025","","","Plan","22970  INDIAN CREEK DR  STERLING VA 20166","046408216000","LOUDOUN BUSINESS PARK: To discuss Special Exceptions for (1) permitting data center use, (2) an increase of allowable density up to a 0.8 FAR for data center use only, and (3) the ability to develop Utility Major, Utility Substations on approximately 93.3 acres composed of 13 parcels located north of Old Ox Road and west of Sully Road."
"ZCOR-2000-0111      ","Zoning Correspondence - Determinations & Verifications (ZCOR)","Completed","","03/31/2000","","","Plan","21571 BEAUMEADE CIR ASHBURN VA 20147","060202337000","AT&T DATA CENTER AT BEAUMEADE : The covered walkway is in conformance with Section 4-505(4)(a) of the 1993 Loudoun                                                          County Zoning Ordinance.                                              Data centers may physically construct only those spaces needed        provided that it can be                                               demonstrated that adequate land area is available to provide the totalamount of parking the office rate requires should the use convert to amore typical office use or use that requires more parking on a site   plan. Furthermore, future parking at the office rate must be          represented graphically as well as within the text, and the future    parking area would have to be properly site engineered. These items   must be shown on a Site Plan for the proposed data center. The Site   Plan must be submitted to the County for review and approval prior to occupancy by AT&T pursuant to Section 6-701(B).                       The proposed reduction in parking is not in conformance with the      approved special exception for the above stated reasons. Additionally,it is not in conformance with Section 5-llOl(D) that states required  parking spaces may not be reduced unless alternative spaces are       provided.                                                             The Site Plan may show increased landscaping in the initial phase of  development so long as the Plan demonstrates that the office required parking can be achieved on the site.                                  This has not been adequately demonstrated. Further, it appears that   the required number                                                   of interior parking canopy trees shown does not conform to Section    5-1413(B)(l).                                                         1993 ZO: 4-505(4)(a), 5-1101(D), 5-1413(B)(1), 6-701                  LCTM: 80((7))29 & 30"
"PLAT-2024-0111","Plat - Tier 1 - Easements (ESMT), or Dedication Plats (DEDI)","Approved","","04/10/2024","","","Plan","22425 SOUS VIDE LN STERLING VA 20166","045465016000","FAST TRACK - DEDI - Lot 1A1 1501 Moran Road Development Owner LLC: This project is a 36 megawatt data center with the associated infrastructure, roads, parking, and utilities, etc."
"PLAT-2025-0274","Plat - Tier 1 - Easements (ESMT), or Dedication Plats (DEDI)","In Review","","12/23/2025","","","Plan","44645 GUILFORD DR Unit: 201 ASHBURN VA 20147","060292809000","Plat Showing Street Dedication and Vacation/Creation of Various Easements"
"PLAT-2026-0056","Plat - Tier 1 - Easements (ESMT), or Dedication Plats (DEDI)","In Review","","04/06/2026","","","Plan","19817  BELMONT RIDGE RD  ASHBURN VA 20147","114360453000","BELMONT INNOVATION CAMPUS PHASE 3 - Creation and vacation of easements associated with EPLAN-2025-0195"
"ESMT-2022-0030      ","Plat - Tier 1 - Easements (ESMT), or Dedication Plats (DEDI)","Inactive","UNIVERSITY CENTER PROJECT","06/23/2022","","","Plan","","039258839000","LAKEVIEW AT UNIVERSITY CENTER B-5 & P : REQUEST APPROVAL OF AN EASEMENT PLAT (ESMT) TO CREATE A STORM DRAIN   EASEMENT, IN THE PLANNED DEVELOPMENT- RESEARCH AND DEVELOPMENT PARK   (PDRDP) ZONING DISTRICT.                                              AM"
"PLAT-2025-0232","Plat - Tier 1 - Easements (ESMT), or Dedication Plats (DEDI)","Void","","10/10/2025","","","Plan","22750  PACIFIC BLVD  STERLING VA 20166","045195615000","Plat of Correction for DEDI-2022-0004"
"PCOR-2024-0045","Planning Correspondence - Advisory Body","Void","","09/09/2024","","","Plan","","041398662000","Need to obtain signatures from Loudoun County on both (1) Local Governing Body Certification Form and (2) Air Pollution Activity Siting and Value Form. These forms are required by Department of Environmental Qualitys (DEQ) for an air permit application."
"GBOND-2024-0103","Grading - Grading Bond","Active Bond","","05/21/2024","","","Plan","19540 COMPASS CREEK PKWY LEESBURG VA 20175","235297431000","Data Center at Compass Creek (STPL-2023-0004) data center campus"
"PCOR-2025-0092","Planning Correspondence - Administrative","Submitted - Online","","11/24/2025","","","Plan","43704  EFFICIENCY DR  STERLING VA 20166","093365404000","Need to obtain signatures from Loudoun County on both (1) Local Governing Body Certification Form and (2) Air Pollution Activity Siting and Value Form. These forms are required by Department of Environmental Qualitys (DEQ) for an air permit application"
"PBOND-2022-0012","Performance Bond","Active Bond","","03/15/2022","","","Plan","22574 PACIFIC BLVD STERLING VA 20166","045299249000","STERLING PREMIER BUILDING A"
"PMTG-2025-0096","Legislative Land Development Premeeting","Completed","","04/25/2025","","","Plan","24050  YOUNGWOOD LN  ALDIE VA 20105","203479574000","PROJECT ALLEGRO BUILDING 2F: To discuss a Special Exception to develop a data center use on an 11.19-acre property located at 24050 Youngwood Lane in the General Industry (GI) Zoning District and within 500 feet of residential structures."
"PMTG-2026-0035","Site Plan Premeeting","Completed","","02/12/2026","","","Plan","","161269137000","Presubmission meeting request to discuss the revision to STPL-2023-0029 for changes to internal site circulation and plan phasing."
"PMTG-2025-0197","Site Plan Premeeting","Approved","","09/15/2025","","","Plan","43115  GOOSE PARK LN  ASHBURN VA 20147","114360453000","Premeeting to discuss the upcoming submission of a Site Plan for Buildings 1, 2, & 5 of the Belmont Innovation Campus. Submission will include 3 data center buildings, 3 guard booths and the associated infrastructure and drive aisles."
"PLAT-2026-0113","Plat - BLAD - Boundary Line Adjustment (BLAD)","In Review","","07/31/2026","","","Plan","42055  COCHRAN MILL RD  LEESBURG VA 20175","151476655000","Plat consolidating 7 parcels into a singular parcel."
"EPLAN-2025-0012","Engineering Plan","Approved","","01/24/2025","","","Plan","25190  MEADOWDALE DR  CHANTILLY VA 20152","096183926000","Proposed Data Center"
"EPLAN-2023-0132","Engineering Plan","Approved","","12/08/2023","","","Plan","22321 PACIFIC BLVD STERLING VA 20166","044175589000","VANTAGE DATA CENTER (VA16): Fast Track Application for a proposed Data Center building and the associated infrastructure."
"GBOND-2024-0234","Grading - Grading Bond","Void","","11/04/2024","","","Plan","22200  LOUDOUN COUNTY PKWY  ASHBURN VA 20147","089496246000","Duplicate to GBOND-2024-0232. Submitted in error. Void"
"GBOND-2024-0233","Grading - Grading Bond","Void","","11/04/2024","","","Plan","22200  LOUDOUN COUNTY PKWY  ASHBURN VA 20147","089496246000","Duplicate to GBOND-2024-0232. Submitted in error. Void"
"PBOND-2024-0189","Performance Bond","Active Bond","","11/07/2024","","","Plan","21605 LOCKRIDGE RD ASHBURN VA 20147","089496246000","Proffer performance bond associated with STPL 2023-0001"
"EPLAN-2026-0040","Engineering Plan","In Review","","03/31/2026","","","Plan","24439  EVERGREEN MILLS RD  ASHBURN VA 20148","161354570000","A stand alone CPAP that includes 1,267 feet of linear waterline extension along Belmont Ridge Road."
"PLAT-2026-0129","Plat - BLAD - Boundary Line Adjustment (BLAD)","Submitted - Online","","08/21/2026","","","Plan","","193269921000","Boundary Line Adjustment (BLAD)"
"LEGI-2026-0037","Legislative Land Development Application","Submitted - Online","","09/15/2026","","","Plan","22265  PACIFIC BLVD  STERLING VA 20166","044262662000","Special Exception and Commission Permit Applications to permit the development of a substation on the property."
"PSUB-2021-0085      ","Site Plan Premeeting","Completed","","12/15/2021","","","Plan","21735 RED RUM DR Unit: #110 ASHBURN VA 20147","088392214000","INTERGATE ASHBURN BUILDING A : Construction of the last data center building on an existing data     center campus in PD-IP."
"PMTG-2025-0053","Site Plan Premeeting","Completed","","03/14/2025","","","Plan","100  CARPENTER DR  STERLING VA 20164","033377827000","Proposing to install underground conduit as a part of a data center network continuity project at 7 locations all of which will also require easements."
"GBOND-2025-0098","Grading - Grading Bond","Active Bond","","06/16/2025","","","Plan","43304 OLD OX RD STERLING VA 20166","124369522000","Construction of a Data Center."
"PMTG-2024-0155","Legislative Land Development Premeeting","Completed","","08/13/2024","","","Plan","45925  HORSESHOE DR  STERLING VA 20166","030300991000","HORSESHOE DRIVE FLOOR AREA RATIO: A Special Exception (SPEX) to increase Floor Area Ratio (FAR) from 0.60 to 1.0, for Data Center use at 45925 Horseshoe Dr in Loudoun Tech Center"
"APPL-2017-0001      ","Appeal - Appeal","Withdrawn","","03/15/2017","","","Plan","21744 SIR TIMOTHY DR ASHBURN VA 20147","061268762000","DATA CENTER SCREENING MECHANICAL EQUP : Valde Kuzdzal c/o DuPont Fabros Technologies is requesting an Appeal  for screening for data center mechanical equipment."
"PMTG-2026-0081","Legislative Land Development Premeeting","Completed","","04/06/2026","","","Plan","","237199862000","FARKAS PROPERTY REZONING: To discuss proposed Zoning Map Amendment to the Industrial Park (IP) Zoning District and Special Exception applications for data center uses and a Special Exception and Commission Permit for a substation on an approximately 87-acre property on the west side of Gulick Road (PIN: 237-19-9862) in the Transitional Residential  10 (TR-10) Zoning District."
"EPLAN-2023-0115","Engineering Plan","In Review","","11/20/2023","","","Plan","24393 STONE SPRINGS BLVD STERLING VA 20166","203295737000","(Conditional Approval) JK TECHNOLOGY PARK #3: Proposed Data Center and associated infrastructure (STPL)"
"EPLAN-2025-0004","Engineering Plan Revision","Approved","","01/03/2025","","","Plan","21625  RED RUM DR  ASHBURN VA 20147","088381462000","Gen yard design for a data center"
"EPLAN-2024-0082","Engineering Plan","Approved","","06/21/2024","","","Plan","22715  RELOCATION DR  STERLING VA 20166","045279612000","IAD03 Relocation Drive Phase II - Proposed Data Center building addition to add approximately 69k sf of GFA to the existing data center on the property."
"PRAP-2013-0032      ","Legislative Land Development Premeeting","Completed","","05/08/2013","","","Plan","45190 PROLOGIS PLZ STERLING VA 20166","045391908000","PROLOGIS : SPEX to allow office / data center use."
"PBOND-2025-0041","Performance Bond","Active Bond","","03/27/2025","","","Plan","41995  REEDS FARM LN  ALDIE VA 20105","203172023000","Proposed new data center layout and associated infrastructure"
"EPLAN-2023-0051","Engineering Plan Revision","Approved","","08/21/2023","","","Plan","41995  REEDS FARM LN  ALDIE VA 20105","203172023000","Proposed new data center layout and associated infrastructure"
"PBOND-2025-0087","Performance Bond","Approved","","06/10/2025","","","Plan","","161269137000","Site Plan Performance Bond for STPL-2023-0029"
"ZRTD-2015-0003      ","Zoning Map Amendment - ZCASE","Approved","","05/26/2015","","","Plan","","060209652000","ASHBURN NORTH - EQUINIX : Rezone 44.43 acres from PD-IP governed by the Rev. 1993 Zoning        Ordinance (at ZRTD-2011-0007 approval on 7-17-2012) to PD-IP governed by the Rev. 1993 Zoning Ordinance as amended."
"EPLAN-2026-0002","Engineering Plan Revision","Approved","","01/07/2026","","","Plan","42105  COCHRAN MILL RD  LEESBURG VA 20175","151476655000","A SPAM for conditionally approved site plan STPL-2022-0040 to change the finished floor elevation and number of stories for building 5."
"SPEX-2026-0039","Special Exception","Withdrawn","","06/18/2026","","","Plan","22330  SHELLHORN RD  ASHBURN VA 20147","062257314000","SEE LEGI-2025-0010 FOR ALL TIMELINES, WORKFLOWS, AND DOCUMENTS: BARRISTER SUBSTATION."
"PLAT-2024-0200","Plat - Tier 1 - Easements (ESMT), or Dedication Plats (DEDI)","Inactive","","08/07/2024","","","Plan","","161264481000","Easement plat related to STPL-2023-0029"
"FLPL-2026-0008","Floodplain Alteration Type 2","In Review","","04/01/2026","","","Plan","21300  COACH GIBBS DR  ASHBURN VA 20147","042363888000","KIMLEY-HORN HAS PREPARED THIS FLOODPLAIN ALTERATION TO
DETERMINE THE PROPOSED 100-YEAR FLOOD ELEVATIONS AND EXTENTS WITHIN THE SITE BASED ON THE PROPOSED SITE ALTERATIONS IN
ACCORDANCE WITH THE FACILITIES STANDARDS MANUAL."
"CPAR-2020-0011      ","Engineering Plan Revision","Approved","","05/21/2020","","","Plan","19661 BELMONT MANOR LN ASHBURN VA 20147","113101033000","RUSSELL BRANCH PKWY STATION 47+37/52+00 : REQUEST APPROVAL OF CONSTRUCTION PLANS AND PROFILES REVISION (CPAR) TOPREVIOUSLY APPROVED CPAP-2007-0102 TO CONSTRUCT 463 FEET OF ROAD      INCLUDING STORM SEWER AND AN OUTFALL CHANNEL TO AN ADEQUATE OUTFALL,  IN THE PLANNED DEVELOPMENT- OFFICE PARK (PDOP) AND PLANNED DEVELOPMENTHOUSING-4 (PDH4) ZONING DISTRICTS.                                    HV"
"SPEX-2025-0023","Special Exception","Approved","","06/04/2025","","","Plan","22330  SHELLHORN RD  ASHBURN VA 20147","062257314000","SEE LEGI-2025-0010 for all documents, timeline and workflow. A Special Exception to reduce the parking ration requirement from 1 space per 1,000 square feet to a single space for the entire facility."
"SPEX-2025-0021","Special Exception","Approved","","06/04/2025","","","Plan","22330  SHELLHORN RD  ASHBURN VA 20147","062257314000","SEE LEGI-2025-0010 for workflow, timeline, and documents. A Special Exception to establish a utility substation (Utility, Major) in the PD-RDP and OP Zoning Districts."
"LEGI-2025-0010","Legislative Land Development Application","Approved","","06/04/2025","","","Plan","22330  SHELLHORN RD  ASHBURN VA 20147","062257314000","BARRISTER SUBSTATION: A Commission Permit and a Special Exception to establish a Utility, Major (Utility Substation) in the PD-RDP and OP Zoning Districts. This application also includes a Special Exception to reduce the parking ratio requirement from one (1) space per 1,000 SF to a single space for the entire facility and a Minor Special Exception to reduce the required Type C buffer from 25 feet to 15 feet with modifications to planting requirements."
"PBOND-2025-0086","Performance Bond","In Review","","06/10/2025","","","Plan","","161269137000","Performace Bond for STPL-2023-0029"
"PBOND-2024-0018","Performance Bond","Active Bond","","03/04/2024","","","Plan","24367  RACEFIELD LN  ALDIE VA 20105","203461210000","Proffer Bond for Substation"
"EPLAN-2026-0092","Engineering Plan","In Review","","07/06/2026","","","Plan","22330  SHELLHORN RD  ASHBURN VA 20147","062257134000","Barrister Substation: A request for a site plan approval for a utility substation."
"PRAP-2017-0084      ","Legislative Land Development Premeeting","Completed","","09/29/2017","","","Plan","22165 BEAUMEADE CIR ASHBURN VA 20147","061301740000","ASHBURN EAST : SPEX and ZRTD for a data center."
"PBOND-2021-0034","Performance Bond","Active Bond","","01/27/2021","","","Plan","","061303196000","BEAUMEADE PROPERTIES PROFFER 2&3 TRAIL & SIDEWALKS (DATA CENTER)"
"PLAT-2024-0165","Plat - Tier 1 - Easements (ESMT), or Dedication Plats (DEDI)","Approved","TUSCARORA CROSSING PROJECT","06/28/2024","","","Plan","","150469176000","FAST TRACK - ESMT - TUSCARORA CROSSING LANDBAY 7: REQUEST APPROVAL OF A MODIFIED PROCESS SITE PLAN (STMP) FOR TWO DATA CENTER BUILDINGS in LB 7A and 7B - ZONED PD-IP"
"ZMAP-2017-0003      ","Zoning Map Amendment - ZCASE","Approved","","04/17/2017","","","Plan","42247 THUNDERBALL DR LEESBURG VA 20175","194103673000","TRUE NORTH DATA : Rezone 105 acres to PD-OP to allow data center uses."
"PMTG-2025-0185","Legislative Land Development Premeeting","Completed","","08/27/2025","","","Plan","42134  LITTLE RIVER TPKE  ALDIE VA 20105","204482535000","ARCOLA LAKHVINDER PROPERTY: To discuss a Zoning Concept Plan Amendment (or Zoning Map Amendment) and Special Exception for data center development on a 1.79-acre parcel north of Little River Turnpike and west of Stone Springs Boulevard (PIN 204-48-2535) in the General Industry (GI) Zoning District."
"PRAP-2003-0076      ","Legislative Land Development Premeeting","Completed","","08/04/2003","","","Plan","45580 TERMINAL DR STERLING VA 20166","033165945000","BLUEPRINT HOLDINGS, LLC : SPEX - install transmitting satellite & data center, Sterling"
"FLPL-2026-0005","Floodplain Alteration Type 2","In Review","","03/09/2026","","","Plan","24604 ARCOLA MILLS DR ASHBURN VA 20148","161154340000","Floodplain Alteration for Clintmar plan. Data Center encompassing 182,254 sf."
"CMPT-2022-0007      ","Commission Permit - Commission Permit","Approved","","12/13/2023","","","Plan","42139 REEDS FARM LN ALDIE VA 20105","203173969000","See LEGI-2023-0090 for all documents, timelines and workflow - RACEFIELD SUBSTATION : A Commission Permit for a Utility Substation to serve planned data center and an existing data center on property."
"PMTG-2025-0234","Site Plan Premeeting","Completed","","11/07/2025","","","Plan","21800  BEAUMEADE CIR  ASHBURN VA 20147","061307791000","See attached meeting request"
"EPLAN-2023-0118","Engineering Plan","Withdrawn","","11/29/2023","","","Plan","45969 NOKES BLVD Unit: 100 STERLING VA 20166","030207833000","STPL-2022-0052 : Site plan for construction of +/- one data center."
"PSUB-2020-0070      ","Site Plan Premeeting","Completed","","12/01/2020","","","Plan","","045195615000","LOUDOUN GATEWAY CENTER : To construct a data center in PD-IP."
"SPEX-2011-0018      ","Special Exception","Approved","","07/29/2011","","","Plan","21800 BEAUMEADE CIR ASHBURN VA 20147","061307718000","21800 BEAUMEADE CIRCLE : A special exception for 100% office/data center."
"PBOND-2021-0141","Performance Bond","Active Bond","","11/10/2021","","","Plan","21630 RED RUM DR ASHBURN VA 20147","088481748000","ASHBURN CENTER NORTH ZCOLO (Proffer Perf. Agreement --Data Center HJG 4.16.26)"
"STPL-2022-0040      ","Engineering Plan","Approved","","09/27/2022","","","Plan","42277 COCHRAN MILL RD LEESBURG VA 20175","151494358000","COCHRAN MILL ROAD : REQUEST APPROVAL OF A SITE PLAN (STPL) FOR THE REDEVELOPMENT OF       MULTIPLE MATERIAL MANUFACTURING PLANTS AND NEW DEVELOPMENT CONSISTING OF THREE (3) DATA CENTERS, TWO (2) WAREHOUSES AND ASSOCIATED          INFRASTRUCTURE IN THE MRHI ZONING DISTRICT.                           ZDF"
"PSUB-2018-0045      ","Site Plan Premeeting","Void","","10/22/2018","","","Plan","22451 SHAW RD STERLING VA 20166","045305485000","DULLES NORTH CORPORATE PARK : Commercial building renovation from data center to shell."
"PMTG-2024-0065","Legislative Land Development Premeeting","Completed","","03/21/2024","","","Plan","22601 DAVIS DR Unit: 100 STERLING VA 20164","033381105000","TRANSDULLES DATA CENTERS: A Zoning Conversion in the Route 28 Tax District from the 1972 Zoning Ordinance to Industrial Park (IP) in the current Zoning Ordinance, and a Special Exception to increase floor area ratio for data center uses to 1.0, west of Sally Ride Dr, north of Glenn Dr and south of Davis Dr"
"STMP-2022-0021      ","Engineering Plan","Approved","","10/20/2022","","","Plan","42311 THUNDERBALL DR LEESBURG VA 20175","194102562000","TRUE NORTH DATA : REQUEST APPROVAL OF A MODIFIED PROCESS SITE PLAN (STMP) FOR A 309,906 SF DATA CENTER, IN THE PLANNED DEVELOPMENT- OFFICE PARK (PDOP)        ZONINING DISTRICT.                                                    JAB"
"PRAP-2010-0029      ","Legislative Land Development Premeeting","Completed","","04/30/2010","","","Plan","44633 GUILFORD DR ASHBURN VA 20147","060290632000","INTERNAP : SPEX request for office/data center use in the PDIP zoning district."
"PRAP-2010-0050      ","Legislative Land Development Premeeting","Completed","","07/16/2010","","","Plan","21641 BEAUMEADE CIR ASHBURN VA 20147","060193174000","CIT GUILFORD DRIVE LLC : A SPEX request to allow an office / data center."
"PCOR-2024-0020","Planning Correspondence - Advisory Body","Approved","","05/02/2024","","","Plan","21529  BEAUMEADE CIR  ASHBURN VA 20147","042152579000","Local Governing Body Certification and Site Suitability form for a planned data center."
"PCOR-2024-0010","Planning Correspondence - Advisory Body","Approved","","02/15/2024","","","Plan","","044175699000","Local Governing Body Certification and Site Suitability form for a planned data center."
"PBOND-2019-0052","Performance Bond","Active Bond","","04/22/2019","","","Plan","","124369522000","CYRUSONE STERLING 9-PHASE 1AC1--DATA CENTER /OWNER  NORTHERN VIRGINIA - STERLING IX LLC"
"ZCOR-2025-0261","Zoning Correspondence - Determinations & Verifications (ZCOR)","Approved","","05/27/2025","","","Plan","42370 THUNDERBALL DR LEESBURG VA 20175","194103673002","Hilary Russo of B&D is requesting an informal proffer determination for a conservation easement plat (PLAT-2025-0145)  that is pursuant to Proffer VII.J of ZCPA-2020-0003, True North Data."
"BDCOR-2023-0009","Building and Development Correspondence (BDCOR)","Approved","","08/23/2023","","","Plan","","202152240000","FSM Hydraulic Design Criteria Waiver Request"
"EPLAN-2026-0003","Engineering Plan","In Review","","01/09/2026","","","Plan","42784  TRADE WEST DR  STERLING VA 20166","162490831000","ARCOLA BOULEVARD TRAIL - To connect existing trails serving the Arcola Town Center Development per ZCPA-2022-0001 Proffer V.N. by proposing a 10' wide trail on the west side of Arcola Boulevard. The proposed trail extends between Arcola Mills Drive and property PIN#161-39-7058."
"PLAT-2026-0118","Plat - Tier 1 - Easements (ESMT), or Dedication Plats (DEDI)","In Review","ARCOLA CENTER PROJECT","08/07/2026","","","Plan","24400 HOWLING ROOSTER LN STERLING VA 20166","162176713000","Plat showing dedication and vacation of various easements over parcels G1A and F1."
"EPLAN-2025-0126","Engineering Plan","In Review","","08/08/2025","","","Plan","","193269921000","GREENLIN PARK: The properties are currently zoned PD-IP, located in the ariport impact OD, and is under the 1993 Revised Loudoun County Zoning Ordinance. The properties will be developed into four 1-story data centers with a substation and associated improvements. The total disturbed area is 51.62 AC."
"PRAP-2016-0015      ","Legislative Land Development Premeeting","Completed","","02/03/2016","","","Plan","511 SHAW RD STERLING VA 20166","034462865000","DBT-DATA BEAUMEADE CORPORATE CENTER : SPEX for a data center up to 1.0 FAR."
"PRAP-2016-0014      ","Legislative Land Development Premeeting","Completed","","02/03/2016","","","Plan","ASHBURN VA 20147","060193174000","DBT-DATA BEAUMEADE CORPORATE CENTER : SPEX  for a data center up to 1.0 FAR."
"GBOND-2024-0245","Grading - Grading Bond","In Review","","11/19/2024","","","Plan","45831 MARIES RD STERLING VA 20166","030292034000","45865 Maries Road - AS01 - Data center with parking lot and utilities (STPL-2023-0035)"
"PRAP-2017-0078      ","Legislative Land Development Premeeting","Completed","","09/05/2017","","","Plan","21673 BEAUMEADE CIR ASHBURN VA 20147","060189720000","21673 BEAUMEADE CIRCLE, LLC : 1.0 FAR data center use with a potential electric substation."
"GBOND-2023-0129","Grading - Grading Bond","Active Bond","","10/03/2023","","","Plan","20335 CELTIC PARK DR LEESBURG VA 20175","193180871000","DATA CENTER, BONDED GRADING, 0.1MI E OF SYCOLIN RD, 0.4MI N OF DULLES GREENWAY"
"GBOND-2023-0107","Grading - Grading Bond","Active Bond","","09/08/2023","","","Plan","19515 COMPASS CREEK PKWY LEESBURG VA 20175","235297431000","DATA CENTER, BONDED GRADING, 0.75MI S OF BATTLEFIELD PKWY, 0.2MI E OF DULLES GREENWAY"
"GISU-2024-0009","GIS Update - Natural Resources Team","Submitted","","05/21/2024","","","Plan","","033190248000","Two data center buildings and associated site elements are proposed at the main parcel."
"GISU-2024-0010","GIS Update - Natural Resources Team","Submitted","","05/21/2024","","","Plan","","033190248000","Two data center buildings and associated site elements are proposed at the main parcel."
"FLPL-2023-0023","Floodplain Alteration Type 2","Approved","","12/13/2023","","","Plan","","033190248000","Two data center buildings and associated site elements are proposed at the main parcel."
"FLPL-2023-0022","Floodplain Study Type 2","Approved","","12/13/2023","","","Plan","","033190248000","Two data center buildings and associated site elements are proposed at the main parcel."
"PCOR-2025-0050","Planning Correspondence - Administrative","Approved","","06/19/2025","","","Plan","22190  LOUDOUN COUNTY PKWY  ASHBURN VA 20147","062257134000","Submittal of an air permit application for an expansion to an existing data center."
"EPLAN-2024-0212","Engineering Plan","In Review","","12/31/2024","","","Plan","24555  HOWLING ROOSTER LN  STERLING VA 20166","162176713000","(Conditional Approval) PROJECT MOTION - PH 4: Site Plan for Data Center and support facilities."
"PMTG-2024-0064","Legislative Land Development Premeeting","Completed","","03/21/2024","","","Plan","23700 PEBBLE RUN PL Unit: 100 STERLING VA 20166","124398485000","WEST DULLES DATA CENTERS: A Zoning Map Amendment to rezone land from Planned Development-General Industry (PD-GI) to Industrial Park (IP), and a Special Exception to increase floor area ratio for data center uses to 1.0, near Old Ox Rds intersection with Pebble Run Pl and Carters School Rd"
"PMTG-2024-0066","Legislative Land Development Premeeting","Completed","","03/21/2024","","","Plan","45065  OLD OX RD  Unit: 100 STERLING VA 20166","046275921000","DULLES DISTRIBUTION DATA CENTERS: A Zoning Conversion in the Route 28 Tax District from the 1972 Zoning Ordinance to Industrial Park (IP) in the current Zoning Ordinance, and a Special Exception to increase floor area ratio for data center uses to 1.0, on both sides of Old Ox Rd between Ariane Way and Underwood Ln"
"ZCOR-2010-0071      ","Zoning Correspondence - Determinations & Verifications (ZCOR)","Completed","","03/08/2010","","","Plan","21625 RED RUM DR ASHBURN VA 20147","088381788000","EDWARDS VERIFICATION RED RUM DRIVE PD-IP : Caroline O'Leary of Edwards Angell Palmer & Dodge LLP requests a      verification as to whether data center is a permitted use on the      parcel identified as MCPI# 088381788.                                 Data Center  PD-IP   Office"
"STPL-2011-0015      ","Engineering Plan","Approved","","06/14/2011","","","Plan","1506 MORAN RD STERLING VA 20166","045458629000","PROJECT COLUMBIA : REQUEST APPROVAL OF A SITE PLAN (STPL) FOR A PROPOSED SIXTY FOUR      THOUSAND SEVEN HUNDRED EITHY TWO (64,782) SQUARE FOOT DATA CENTER AND A THIRTEEN THOUSAND SIX HUNDRED TWENTY SIX (13,626) SQUARE FOOT       EXISTING DATA CENTER.                                                 DAS"
"SPAM-2009-0026      ","Engineering Plan Revision","Approved","","05/12/2009","","","Plan","44470 CHILUM PL ASHBURN VA 20147","060182916001","ASHBURN CORPORATE CENTER PHASE I : REQUEST APPROVAL OF A SITE PLAN AMENDMENT TO PREVIOUSLY APPROVED STPL-2000-0108, SPAM-2006-0007, AND SPAM-2006-0078 TO INCORPORATE 4 ELECTRICAL UNITS ON CONCRETE PADS AND REMOVE 10 PARKING SPACES.


CT"
"LEGI-2024-0047","Legislative Land Development Application","In Review","","08/26/2025","","","Plan","22165  BEAUMEADE CIR  ASHBURN VA 20147","061200160000","EQUINIX ASHBURN EAST: 

SPEX-2024-0063: A Special Exception to allow data center development up to a 1.0 floor area ratio (FAR).

SPEX-2025-0057: A Special Exception to permit a data center use in the Industrial Park (IP) Zoning District."
"PMTG-2026-0032","Legislative Land Development Premeeting","Withdrawn","","02/11/2026","","","Plan","108 Carpenter Drive","","WITHDRAWN 02-20-2026
108 CARPENTER DRIVE: To discuss a Minor Special Exception for Roadway Corridor Setback Reduction to an existing building that is proposed for a Data Center and associated buffers on a 3.278-acre property in the Industrial Park (IP) Zoning District.
Also to discuss use of temporary generators for proposed use."
"PSUB-2021-0086      ","Site Plan Premeeting","Completed","KINCORA PROJECT","12/22/2021","","","Plan","","041398662000","CORSCALE BUILDING 1 : To construct a two-story data center and substation in PD-IP."
"PSUB-2019-0066      ","Site Plan Premeeting","Completed","","11/12/2019","","","Plan","","033297204000","NOVEC METERING STATION : A 100' x 220' NOVEC metering station for a future data center."
"GBOND-2024-0222","Grading - Grading Bond","Active Bond","","10/21/2024","","","Plan","22280  RANDOLPH DR  STERLING VA 20166","044155625000","ASH1 - BRODERICK DC2
ASH1 - BRODERICK DC2
ASH1 - BRODERICK DC2
Grading Permit for new data center"
"GBOND-2024-0199","Grading - Grading Bond","Active Bond","","09/24/2024","","","Plan","19560 CROSSTRAIL BLVD LEESBURG VA 20175","150151774000","TUSCARORA CROSSING LAND BAY 3 - (STPL-2020-0046)  Data center with utilities and parking lot"
"PMTG-2026-0052","Legislative Land Development Premeeting","Completed","","03/02/2026","","","Plan","44675  QUALITY TECH LN  STERLING VA 20166","063498140000","QTS SIGN PLAN: To discuss a Sign Development Plan for new signs that although larger than allowed by Section 8.04 are smaller than what is already installed at 44675 Quality Tech Lane (PIN: 063-49-8140) in the Industrial Park (IP) Zoning District."
"PLAT-2026-0009","Plat - Tier 1 - Easements (ESMT), or Dedication Plats (DEDI)","In Review","","01/21/2026","","","Plan","43293  OLD OX RD  STERLING VA 20166","124189859000","ROW Dedication plat - Related PLAN EPLAN-2024-0205"
"GBOND-2024-0213","Grading - Grading Bond","Active Bond","","10/10/2024","","","Plan","45761 MARIES RD STERLING VA 20166","030382006000","Grading Permit Application for DATA CENTER AND ASSOCIATED SITE, GRADING, AND UTILITY IMPROVEMENTS (STMP-2019-0009)"
"GBOND-2023-0148","Grading - Grading Bond","Released","","10/27/2023","","","Plan","22675 DULLES SUMMIT CT STERLING VA 20166","045252512000","DATA CENTER, BONDED GRADING, 0.2MI N OF OLD OX RD, 0MI W OF DULLES SUMMIT CT"
"PRAP-2011-0045      ","Legislative Land Development Premeeting","Completed","","06/01/2011","","","Plan","21800 BEAUMEADE CIR ASHBURN VA 20147","061307718000","BEAUMEADE DEVELOPMENT PARTNERS : SPEX to allow 100% office / data center at up to a 0.6 FAR."
"SPEX-2011-0008      ","Special Exception","Approved","","04/01/2011","","","Plan","45930 YEAGER CT STERLING VA 20164","033100674000","TRANSDULLES CENTRE PARCEL 20 : A special exception for 100% office-data center uses at 0.4 FAR."
"SPEX-2016-0020      ","Special Exception","Approved","","04/19/2016","","","Plan","ASHBURN VA 20147","060193174000","DBT-DATA BEAUMEADE FAR : A special exception to permit data center uses up to 1.0 FAR"
"SPEX-2025-0061","Special Exception","In Review","","07/09/2025","","","Plan","45195 BUSINESS CT STERLING VA 20166","046386144000","SEE LEGI-2025-0034 FOR TIMELINE, WORKFLOW AND DOCUMENTS: A Special Exception for data center use."
"PBOND-2018-0085","Performance Bond","Active Bond","","06/28/2018","","","Plan","21955 LOUDOUN COUNTY PKWY ASHBURN VA 20147","061285606000","LOUDOUN CENTER - LOT 1, ASH 2 DATA CENTER - STMP-2018-0003 Revised by SPAM-2020-0061"
"ESMT-2001-0038      ","Plat - Tier 1 - Easements (ESMT), or Dedication Plats (DEDI)","Approved","","07/11/2001","","","Plan","","061402078000","E-TECH AT BEAUMEADE CORP PARK : Request approval of easement plat for office and/or data center."
"SPEX-2025-0051","Special Exception","In Review","","07/25/2025","","","Plan","44690  PERFORMANCE CIR  ASHBURN VA 20147","060209652000","SEE LEGI-2025-0027 FOR TIMELINE, WORKFLOW, AND DOCUMENTS. A Special Exception (SPEX) for Data Center Use."
"STMP-2017-0012      ","Engineering Plan","Approved","","11/21/2017","","","Plan","43956 JOHN MOSBY HWY CHANTILLY VA 20152","097485009000","QUARRY COMMERCE CENTER : REQUEST APPROVAL OF A MODIFIED PROCESS SITE PLAN (STMP) FOR A DATA    CENTER AND GUARDHOUSE TOTALING FIVE HUNDRED THIRTEEN THOUSAND FORTY   (513,040) SQUARE FEET, IN THE COMMERCIAL/LIGHT INDUSTRY (CLI) AND     MINERAL RESOURCE/HEAVY INDUSTRIAL (MRHI) ZONING DISTRICTS.            KI"
"PMTG-2026-0020","Legislative Land Development Premeeting","Completed","","01/30/2026","","","Plan","41789  COCHRAN MILL RD  LEESBURG VA 20175","151360620000","41789 COCHRAN MILL ROAD: To discuss a proposed Zoning Map Amendment of 97.82 acres on the east side of Cochran Mill Road and Philip A. Bolen Memorial Park (PIN: 151-36-0620) from the Mineral Resource  Heavy Industry (MR-HI) Zoning District to the General Industry (GI) Zoning District and proposed Special Exceptions for data center and substation uses and to increase the building height."
"PMTG-2024-0061","Legislative Land Development Premeeting","Completed","","03/21/2024","","","Plan","22570 MARKEY CT Unit: 100 STERLING VA 20166","045352429000","DULLES SUMMIT DATA CENTERS: A Zoning Map Amendment to rezone developed land from Planned Development-General Industrial (PD-GI) under the 1972 Zoning Ordinance to Industrial Park (IP) in the current Zoning Ordinance, and a Special Exception to increase floor area ratio for data center uses to 1.0, at 22570 Markey Ct and 22631 & 22651 Dulles Summit Ct"
"SPAM-2021-0065      ","Engineering Plan Revision","Approved","","10/29/2021","","","Plan","STERLING VA 20166","044288975000","BUILDINGS VA 13 AND 14 : REQUEST APPROVAL OF A SITE PLAN AMENDMENT (SPAM) FOR THE CONSTRUCTION OF 735,714 SF OF DATA CENTER/OFFICE FLOOR AREA, IN THE PLANNED        DEVELOPMENT OFFICE PARK (PDOP) ZONING DISTRICT.                       AM"
"SPMI-2022-0010      ","Special Exception","Withdrawn","","10/11/2022","","","Plan","42139 REEDS FARM LN ALDIE VA 20105","203173969000","RACEFIELD SUBSTATION : a Minor Special Exception to  allow modification of buffering         standards because of compatible data  center development"
"SPEX-2010-0019      ","Special Exception","Approved","","08/09/2010","","","Plan","44620 GUILFORD DR ASHBURN VA 20147","060391784000","MERRITT AT BEAUMEADE : A special exception to allow 100% data center uses in the PD-IP zoning district."
"PRAP-2011-0017      ","Legislative Land Development Premeeting","Completed","","02/22/2011","","","Plan","44620 GUILFORD DR ASHBURN VA 20147","060391784000","MERRITT PROPERTIES : SPEX to increase the maximum FAR to a 0.6 additional FAR for data center use only."
"SPEX-2021-0040      ","Special Exception","Approved","","09/20/2021","","","Plan","22445 SOUS VIDE LN STERLING VA 20166","045466536000","1501 MORAN ROAD : A Special Exception to increase density to 1.0 FAR considering        developing with data center use."
"SPEX-2025-0055","Special Exception","In Review","","06/18/2025","","","Plan","45925  HORSESHOE DR  STERLING VA 20166","030300991000","HORSESHOE DRIVE: A Special Exception to allow for a 1.0 floor area ratio (FAR) of data center uses."
"LEGI-2024-0058","Legislative Land Development Application","In Review","","11/27/2024","","","Plan","45925  HORSESHOE DR  STERLING VA 20166","030300991000","HORSESHOE DRIVE: A Special Exception to allow for a 1.0 floor area ratio (FAR) of data center uses."
"EPLAN-2023-0087","Engineering Plan","Approved","","09/29/2023","","","Plan","22425  SOUS VIDE LN  STERLING VA 20166","045465016000","1501 MORAN ROAD - AS02: This plan proposes a data center with the associated utilities, roads, and parking. STPL"
"GBOND-2023-0167","Grading - Grading Bond","Approved","","11/29/2023","","","Plan","45210 VANTAGE DATA PLZ STERLING VA 20166","044383489000","Building VA15 Site Plan

Building VA15 Site Plan
Grading permit for Building VA15 site plan for data center"
"EPLAN-2025-0152","Engineering Plan Revision","In Review","KINCORA PROJECT","09/10/2025","","","Plan","45695  RUSSELL BRANCH PKWY  STERLING VA 20166","041398662000","CORSCALE VA2 BLDG 1 (SPAM): Revision to STPL-2022-0012, a data center within the Kincora IP District."
"PLAT-2024-0361","Plat - Tier 1 - Easements (ESMT), or Dedication Plats (DEDI)","Approved","","12/09/2024","","","Plan","43290 OLD OX RD STERLING VA 20166","124369522000","Easement documents associated with STMP-2022-0017"
"PLAT-2024-0260","Plat - Tier 1 - Easements (ESMT), or Dedication Plats (DEDI)","Submitted","","09/17/2024","","","Plan","22620  DAVIS DR  STERLING VA 20164","033387850000","Site Plan for Sterling Park"
"EPLAN-2026-0005","Engineering Plan","Approved","ARCOLA CENTER PROJECT","01/16/2026","","","Plan","24291  HOWLING ROOSTER LN  STERLING VA 20166","162176713000","ARCOLA TOWN CENTER TRAIL: To connect existing trails serving the Arcola Town Center development per ZCPA-2022-0001 PROFFER I.A.15 by proposing a 10' wide trail on parcel #162-17-6713. The proposed trail extends between Ownings Run Drive to the trail along the Arcola Mills Drive pond."
"PLAT-2026-0108","Plat - Tier 1 - Easements (ESMT), or Dedication Plats (DEDI)","In Review","ARCOLA CENTER PROJECT","07/20/2026","","","Plan","24291  HOWLING ROOSTER LN  STERLING VA 20166","162176713000","Easement Plat associated with EPLAN-2026-0005 (Parcel 5A1)"
"PLAT-2026-0102","Plat - Tier 1 - Easements (ESMT), or Dedication Plats (DEDI)","In Review","ARCOLA CENTER PROJECT","07/10/2026","","","Plan","24291  HOWLING ROOSTER LN  STERLING VA 20166","162176713000","Dedication Plat associated with EPLAN-2026-0005."
"ZMAP-2019-0004      ","Zoning Map Amendment - ZCASE","Inactive","","02/04/2019","","","Plan","","195490704000","TURNER PROPERTY : A Zoning Map Amendment to rezone approximately 74.16-acres from TR-10 to PD-OP Zoning District to allow the development of data center uses."
"PLAT-2025-0027","Plat - Tier 1 - Easements (ESMT), or Dedication Plats (DEDI)","Approved","","02/03/2025","","","Plan","21780  FILIGREE CT  ASHBURN VA 20147","061394321000","DIGITAL FILIGREE DATA CENTER Easement Plan:  Plat for site plan easements for plan with Modified Processing (Fast-Track) for proposed Data Center building, with improvements including but not limited to a proposed guard booth, proposed drives aisles, parking, utilities, SWM facilities, sanitary sewer lines, water lines, and landscaping."
"ZCOR-2008-0051      ","Zoning Correspondence - Determinations & Verifications (ZCOR)","Completed","","02/21/2008","","","Plan","43881 DEVIN SHAFRON DR ASHBURN VA 20147","089278681000","INTEGRATED ROOF SCREEN LOUDOUN EXCHANGE : William Reese Schoeder of Integrated Design Group Inc. requests a     determination regarding required roof screening for data center to be located at 43881 Devin Shafron Drive, Ashburn, VA, which is zoned     PD-OP.                                                                Data Center  Roof Screening   Loudoun Exchange   PD-OP  PD-IP"
"PRAP-2006-0014      ","Legislative Land Development Premeeting","Completed","","01/20/2006","","","Plan","21701 FILIGREE CT ASHBURN VA 20147","061483407000","EQUINIX RP II, LLC : SPEX to permit data center complex and expansion of building on       approved SPEX 2001-0043."
"SPAM-2001-0116      ","Engineering Plan Revision","Approved","","11/01/2001","","","Plan","22340 DRESDEN ST STERLING VA 20166","044174648000","BROAD RUN TECHNOLOGY PARK LOT 1A : Request approval of site plan amendment to add utilities for data center use."
"SPEX-2010-0031      ","Special Exception","Approved","","12/17/2010","","","Plan","44664 GUILFORD DR ASHBURN VA 20147","060298548000","44664 GUILFORD DRIVE : A special exception request for 100% office/data center use pursuant  to Section 4-504(A)."
"SPEX-2011-0022      ","Special Exception","Approved","","08/05/2011","","","Plan","21550 BEAUMEADE CIR ASHBURN VA 20147","060198443000","21550 & 21580 BEAUMEADE CIRCLE : A special exception to allow 100% office limited to data center up to 0.4 FAR."
"GBOND-2025-0028","Grading - Grading Bond","Active Bond","","02/26/2025","","","Plan","22425 SOUS VIDE LN STERLING VA 20166","045465016000","1501 Moran Road - AS02 - Data center with parking lot and utilities for 1501 Moran Road  - AS02  (EPLAN-2023-0087)"
"SPEX-2001-0040      ","Special Exception","Approved","","11/15/2001","","","Plan","","060108050000","CABOT TECH @ BEAUMEADE : Approval of special exception to allow for the development of office and/or data center uses."
"SPEX-2021-0048      ","Special Exception","Approved","","10/20/2021","","","Plan","21800 BEAUMEADE CIR ASHBURN VA 20147","061307718000","21800 BEAUMEADE CIRCLE : A special exception to the maximum lot coverage from 45% to 55% for a data center."
"CMPT-2001-0029      ","Commission Permit - Commission Permit","Approved","","12/21/2001","","","Plan","","089390840000","DOMINION VIRGINIA POWER'S GREENWAY SUBST : Request approval of commission permit to allow for the construction of an electrical distribution substation on a portion of the Loudoun Exchange tract."
"STPR-2010-0019      ","Engineering Plan Revision","Approved","","05/26/2010","","","Plan","44521 HASTINGS DR ASHBURN VA 20147","060170268000","ASHBURN CORPORATE CENTER BLDGS 5 & 6 : REQUEST APPROVAL OF A REVISION TO A PREVIOUSLY APPROVED SITE PLAN     (STMP 2007-0001) and SPAM-2009-0032) TO REVISE THE GRADING AND SITE    LAYOUT TO ACCOMMODATE ARCH BUILDING 6.                                                      DAS"
"SPAM-2013-0006      ","Engineering Plan Revision","Approved","","01/09/2013","","","Plan","44521 HASTINGS DR ASHBURN VA 20147","060170268000","ASHBURN CORPORATE CENTER BLDGS 5 & 6 : REQUEST APPROVAL OF A SITE PLAN AMENDMENT (SPAM) TO PREVIOUSLY        APPROVED STPR 2010-0019 TO REMOVE THE ENTRANCE ALONG CHILUM PLACE     (#5) FROM PREVIOUSLY APPROVED AND CONSTRUCTED PROJECT.                DAS"
"GISU-2023-0033","GIS Update - Natural Resources Team","Approved","","12/13/2023","","","Plan","","089496246000","UPDATE OF FPST-2021-0016 HYDROLOGY AND HYDRAULICS TO REFLECT SITE PLAN FOR LC 11 & LC12 DATA CENTER ULTIMATE CONDITIONS."
"PRAP-2001-0025      ","Legislative Land Development Premeeting","Completed","","01/31/2001","","","Plan","19112 XEROX DR LEESBURG VA 20176","081159362000","M.C. DEAN, INC : SPEX to utilize existing pump house as a ""data center"" for the Lansdowne on the Potomac community"
"SPAM-2001-0114      ","Engineering Plan Revision","Approved","","10/30/2001","","","Plan","21110 RIDGETOP CIR STERLING VA 20166","030399036000","LOUDOUN TECH CENTER PARCEL H-2 : Request approval for the revised site plan - changing Data Center into an Office Building."
"GISU-2023-0034","GIS Update - Natural Resources Team","Approved","","12/13/2023","","","Plan","","089496246000","FLOODPLAIN ALTERATION (MINOR) IN ASSOCIATION WITH LC11 and LC12 DATA CENTER (STPL-2023-0001). EXISTING CONDITIONS IN FLPL-2023-0019."
"PRAP-2019-0048      ","Legislative Land Development Premeeting","Completed","","05/30/2019","","","Plan","43743 JOHN MOSBY HWY CHANTILLY VA 20152","097361753000","ROLLINS PROPERTY : Request for a Special Exception to establish a data center use on a   9.5 acre parcel zoned CLI."
"STPL-2001-0066      ","Engineering Plan","Approved","","07/02/2001","","","Plan","","061402078000","E-TECH AT BEAUMEADE CORP PK LTS 16A-17A : Request approval of site plan for Office and/or Data Center."
"PRAP-2012-0006      ","Legislative Land Development Premeeting","Completed","","02/01/2012","","","Plan","","088481748000","LATISYS-ASHBURN, LLC : SPEX to allow up to 100% commercial office, restricted to data center uses at a 0.6 FAR."
"EPLAN-2024-0060","Engineering Plan","In Review","","05/08/2024","","","Plan","24086 CARTERS SCHOOL RD STERLING VA 20166","093365404000","DIGITAL DULLES BLDGS 1-4, 10, 12, 13 + SUBSTATION PADS: Proposed development of seven data center buildings with associated infrastructure."
"PMTG-2023-0153","Legislative Land Development Premeeting","Void","","11/29/2023","","","Plan","","097106251000","Pre-Application / Pre-Meeting"
"STMP-2021-0007      ","Engineering Plan","Approved","","04/28/2021","","","Plan","STERLING VA 20166","044288975000","BUILDINGS VA 13 & VA 14 : REQUEST APPROVAL OF A MODIFIED PROCESS SITE PLAN (STMP) FOR THE       CONSTRUCTION OF +/- 729,298 SF OF DATA CENTER/OFFICE FLOOR AREA       INCLUDING ALL RELATED INFRASTRUCTURE, UTILITIES, ETC. IN THE (PDOP)   PLANNED DEVELOPMENT- OFFICE PARK ZONING DISTRICT"
"PSUB-2019-0062      ","Subdivision Premeeting","Void","","10/30/2019","","","Plan","44790 PERFORMANCE CIR ASHBURN VA 20147","060209652000","EQUINIX ASHBURN NORTH : Site Plan to revise three, 2-story data center buildings to four      stories on an active construction site."
"PRAP-2015-0116      ","Legislative Land Development Premeeting","Completed","","11/19/2015","","","Plan","","162396478000","DOMINION VIRGINIA POWER : CMPT & SPEX for a switching station to serve the future NOVEC         substation for the Yardley Ridge Data Center."
"ZCOR-2024-0182","Zoning Correspondence - Determinations & Verifications (ZCOR)","Completed","","04/29/2024","","","Plan","45210 VANTAGE DATA PLZ STERLING VA 20166","044292829001","Julie Morrow of PZR is requesting a zoning verification for 45210 Vantage Data Center Plaza, Sterling: PIN: 044-29-2829-001."
"STPL-2001-0069      ","Engineering Plan","Approved","","07/20/2001","","","Plan","21669 ASHBURN VILLAGE BLVD ASHBURN VA 20147","087385404000","NETWAY CENTER AT ASHBURN BUILDING 1 : Request approval of site plan for data center/office building with related parking and amenities."
"ZMAP-2019-0016      ","Zoning Map Amendment - ZCASE","Approved","","08/27/2019","","","Plan","24393 STONE SPRINGS BLVD STERLING VA 20166","203295737000","JK TECHNOLOGY PARK #3 : A Zoning Map Amendment to rezone approximately 21.23 acres from RC to PDIP to develop an Industrial Park for permitted PD-IP uses such as   Office or Data Center."
"STPL-2001-0023      ","Engineering Plan","Void","","03/07/2001","","","Plan","","045358110000","SUMMIT AT DULLES BUILDING C : REQUEST FOR FINAL SITE PLAN APPROVAL FOR CONSTRUCTION OF A DATA CENTER, INFRASTRUCTURE AND AN ENTRANCE ROAD."
"PRAP-2017-0091      ","Legislative Land Development Premeeting","Completed","","11/03/2017","","","Plan","22318 SHELLHORN RD ASHBURN VA 20147","062361210000","LOUDOUN CENTER : ZCPA to remove bldg footprint on ZMAP-1998-0003 and SPEX to increase  FAR to 1.0 for data center development."
"GBOND-2023-0109","Grading - Grading Bond","Active Bond","","09/08/2023","","","Plan","43240 DATA DR ASHBURN VA 20147","113372932000","Vantage VA3 Entire Site - PRELIMINARY CLEARING FOR DATA CENTER, BONDED GRADING, SOUTH OF HARRY BYRD HIGHWAY (ROUTE 7)  WEST OF BELMONT RIDGE"
"LEGI-2024-0021","Legislative Land Development Application","Withdrawn","","07/16/2024","","","Plan","45121  GLOBAL PLZ  STERLING VA 20166","046486267000","GLOBAL SOUTH PLAZA: A Special Exception to allow data center development up to a 1.0 FAR on a portion of the site."
"SPEX-2026-0004","Special Exception","In Review","","02/02/2026","","","Plan","22532  EVERGREEN MILLS RD  LEESBURG VA 20175","241291117000","See LEGI-2024-0074 for all documents, timelines and workflow. Special Exception to permit data center use in the IP Zoning District"
"LEGI-2023-0047","Legislative Land Development Application","Void","","09/26/2022","","","Plan","42139 REEDS FARM LN ALDIE VA 20105","203173969000","RACEFIELD SUBSTATION - CMPT-2022-0007:  A Commission Permit for a Utility Substation to serve planned data    center and an existing data center on property.                       
SPMI-2022-0010:  a Minor Special Exception to  allow modification of buffering         standards because of compatible data  center development              
ZMOD-2022-0080:  Zoning Modification (ZMOD) to waive the 100-foot Gateway Corridor     Buffer required by Zoning Ordinance Section 5-1403(B) because of the  great distance on the Property between the proposed distribution      utility substation and Route 50. And a reduction in width to the Type 1 Buffer."
"ZMAP-2010-0008      ","Zoning Map Amendment - ZCASE","Withdrawn","","09/28/2010","","","Plan","22318 SHELLHORN RD ASHBURN VA 20147","062361210000","LOUDOUN METRO

STATUS: WITHDRAWN PURSUANT TO SECTION 10.01.I OF THE LOUDOUN COUNTY ZONING ORDINANCE.

Rezone 232.92 acres from PD-OP and PD-RDP to PD-TC, PD-MUB, and R-24 to allow 1,055,000 sf commercial/retail/hotel, 2,422,000 sf office/data center uses and 4,810 multi-family units with modifications"
"DEDI-2015-0023      ","Plat - Tier 1 - Easements (ESMT), or Dedication Plats (DEDI)","Approved","","05/18/2015","","","Plan","22080 PACIFIC BLVD STERLING VA 20166","044261032000","WAXPOOL INTXN IMPRO ASB ASHBRN DATA CEN : REQUEST APPROVAL OF A DEDICATION (DEDI) FOR THE RIGHT-OF-WAY AND      VACATION AND CREATION OF VARIOUS EASEMENTS ON THE LAND OF ASB ASHBURN DATA CENTER IN CONJUNCTION WITH CRCP-2014-0003, IN AN OFFICE PARK     ZONING DISTRICT.                                                      SMK"
"ZCOR-2023-0076      ","Zoning Correspondence - Determinations & Verifications (ZCOR)","Completed","","03/08/2023","","","Plan","44470 CHILUM PL ASHBURN VA 20147","060182916001","44470 CHILUMPLACE VERIF : Cheryl King of NV5 is requesting a verification letter on 44470 ChilumPlace, Ashburn - PIN: 060-18-2916.                                    The current use of the property is data center, a permitted use in thePD-IP zoning district (Section 4-500) by Section 4-503(TT) Data       center, pursuant to Section 5-664 (Additional Regulations for SpecificUses)."
"EPLAN-2025-0052","Engineering Plan Revision","Approved","","03/16/2025","","","Plan","21863  AUTO WORLD CIR  STERLING VA 20166","043274332000","Site plan amendment to revise the building footprints and security layout. No changes to the limits or VDOT entrances are proposed."
"GISU-2026-0030","GIS Update - Natural Resources Team","Submitted","","04/28/2026","","","Plan","23845 NORTHSTAR BLVD ALDIE VA 20105","202282993000","Wetland Digital Data for GRADE-2023-000039 Arcola Lotus and Stonewall Property"
"PCOR-2024-0035","Planning Correspondence - Advisory Body","Approved","","06/26/2024","","","Plan","19540  COMPASS CREEK PKWY  LEESBURG VA 20175","235297431000","Need to obtain signatures from Loudoun County on both (1) Local Governing Body Certification Form and (2) Air Pollution Activity Siting and Value Form.  These forms are required by Department of Environmental Qualitys (DEQ) for an air permit application"
"ZCOR-2026-0237","Zoning Correspondence - Determinations & Verifications (ZCOR)","In Review","","08/05/2026","","","Plan","42105  COCHRAN MILL RD  LEESBURG VA 20175","151476655000","Seeking allowance of minor changes from the approved plan STPL-2022-0040 to the new site plan EPLAN-2026-0078."
"SPEX-2013-0016      ","Special Exception","Approved","","07/02/2013","","","Plan","45190 PROLOGIS PLZ STERLING VA 20166","045391908000","PROLOGIS PARK - GATEWAY PHASE III BLDG 9 : A special exception to allow office and data center uses. in the PD-IP Zoning District."
"PLAT-2024-0282","Plat - Tier 1 - Easements (ESMT), or Dedication Plats (DEDI)","In Review","","10/10/2024","","","Plan","41995  REEDS FARM LN  ALDIE VA 20105","203172023000","ESMT - INOVA Health System Phase 1: Reference EPLAN-2023-0051.  Easement plat for revised easements for new data center layout and associated infrastructure"
"ZCOR-2023-0325","Zoning Correspondence - Determinations & Verifications (ZCOR)","Approved","","12/13/2023","","","Plan","45925 HORSESHOE DR Unit: 100 STERLING VA 20166","030300991000","Request the County's confirmation that a data center may develop byright at the Property under the Revised 1993 ZO or the 2023 ZO."
"EPLAN-2025-0149","Engineering Plan Revision","Approved","","09/05/2025","","","Plan","22425  SOUS VIDE LN  STERLING VA 20166","045465016000","Site Plan Amendment to previously approved EPLAN-2023-0087 which is a 42 megawatt data center with the associated infrastructure, roads, parking, & utilities."
"PBOND-2020-0105","Performance Bond","Active Bond","","11/11/2020","","","Plan","21673 BEAUMEADE CIR ASHBURN VA 20147","060189720000","21673 BEAUMEADE CIRCLE PHASE II (DATA CENTER --STPL-2019-0037 /SEE EPLAN SPAM-2022-0009, and SPAM-2022-0053/HJG 3/5/26)"
"PLAT-2024-0058","Plat - Tier 1 - Easements (ESMT), or Dedication Plats (DEDI)","Inactive","","02/07/2024","","","Plan","","154199491000","ESMT -  associated with SITE PLAN (STPL-2023-0041)"
"SPEX-2001-0004      ","Special Exception","Approved","","03/01/2001","","","Plan","","060307119000","BEAUMEADE NORTH : REQUEST FOR SPECIAL EXCEPTION APPROVAL TO PERMIT UP TO 100% OFFICE AND DATA CENTER USES AS OPTIONAL USES IN THE PDIP DISTRICT."
"PRAP-2023-0037      ","Legislative Land Development Premeeting","Withdrawn","","05/23/2023","","","Plan","45111 LOUDOUN DOWNS LN STERLING VA 20166","045282657000","SEEFRIED EXPANSION : Request for a Special Exception to modify SPEX-2015-0027 to support   data center expansion from approximately 300,000 sqft to 320,500 sqft."
"GBOND-2024-0150","Grading - Grading Bond","Active Bond","","07/16/2024","","","Plan","42376 PATRIOT PARK DR LEESBURG VA 20175","193281883000","PROJECT CELTIC PHASE 2 (EPLAN-2023-0063) - Grading for 36.56-acre Data Center North-East of Sycolin Road (Route 625) & Dulles Greenway (Route 267)."
"PRAP-2018-0048      ","Legislative Land Development Premeeting","Completed","","04/12/2018","","","Plan","","195490704000","TURNER REZONING : Request for a zoning map amendment to rezone four properties from     TR-10 to PD-IP to allow for data center use."
"ZMAP-2012-0001      ","Zoning Map Amendment - ZCASE","Void","","02/16/2012","","","Plan","25383 PLEASANT VALLEY RD CHANTILLY VA 20152","097305450000","DULLES SOUTH : Rezone 9.7 acres from PD-GI to PD-IP to allow data center and other   PD-IP use with zoning ordinance modification."
"STPL-2019-0037      ","Engineering Plan","Approved","","09/17/2019","","","Plan","21673 BEAUMEADE CIR ASHBURN VA 20147","060189720000","21673 BEAUMEADE CIRCLE : REQUEST APPROVAL OF A SITE PLAN (STPL) FOR A DATA CENTER, IN THE      PLANNED DEVELOPMENT- INDUSTRIAL PARK (PDIP) ZONING DISTRICT.          HV"
"SPMI-2020-0014      ","Special Exception","Approved","","12/21/2020","","","Plan","22175 BEAUMEADE CIR ASHBURN VA 20147","061298643000","EQUINIX LIGHTING : A Minor Special Exception to modify Section 5-664(C), Data Center,    Exterior Lighting, of the Revised 1993 Loudoun County Zoning          Ordinance."
"STMP-2020-0014      ","Engineering Plan","Approved","","10/08/2020","","","Plan","STERLING VA 20166","044288975000","BUILDING VA13 : REQUEST APPROVAL OF A MODIFIED PROCESS SITE PLAN (STMP) FOR A DATA    CENTER, IN THE PLANNED DEVELOPMENT-OFFICE PARK (PDOP) ZONING DISTRICT.AM"
"PBOND-2026-0023","Performance Bond","Active Bond","","02/06/2026","","","Plan","42245  COCHRAN MILL RD  LEESBURG VA 20175","151494358000","Performance Bond for STPL-2022-0040 Cochran Mill Road"
"PBOND-2026-0024","Performance Bond","Active Bond","","02/06/2026","","","Plan","42245  COCHRAN MILL RD  LEESBURG VA 20175","151494358000","Proffer Performance Bond for STPL-2022-0040 Cochran Mill Road"
"PLAT-2025-0130","Plat - Tier 1 - Easements (ESMT), or Dedication Plats (DEDI)","Approved","","05/08/2025","","","Plan","42047  COCHRAN MILL RD  LEESBURG VA 20175","151476655000","Plat Showing Street Dedication and Creation and Vacation of Various Easements"
"STMP-2014-0002      ","Engineering Plan","Approved","","03/04/2014","","","Plan","","030392674000","CYRUSONE LOUDOUN TECH CENTER : REQUEST APPROVAL OF A SITE PLAN TO CONSTRUCT A DATA CENTER/OFFICE AND ASSOCIATED INFRASTRUCTURE IN A INDUSTRIAL ZONING DISTRICT.            SMK"
"PLAT-2023-0139","Plat - Tier 1 - Easements (ESMT), or Dedication Plats (DEDI)","Inactive","","12/21/2023","","","Plan","45925 HORSESHOE DR STERLING VA 20166","030300991000","ESMT - HORSESHOE DRIVE: REQUEST APPROVAL OF A SITE PLAN (STPL) TO BUILD A DATA CENTER, IN THE PLANNED DEVELOPMENT - INDUSTRIAL PARK (PDIP) ZONING DISTRICT.         EK"
"STPL-2022-0030      ","Engineering Plan","Approved","","08/10/2022","","","Plan","21630 RED RUM DR ASHBURN VA 20147","088481748000","ASHBURN CENTER NORTH : REQUEST APPROVAL OF A SITE PLAN (STPL) FOR A PROPOSED DATA CENTER, IN THE PLANNED DEVELOPMENT-INDUSTRIAL PARK (PDIP) ZONING DISTRICT.       AM"
"SPEX-2013-0039      ","Special Exception","Approved","","12/11/2013","","","Plan","45190 PROLOGIS PLZ STERLING VA 20166","045391908000","PROLOGIS PARK-GATEWAY PHASE III, BLDG 8 : A special exception for data center use in the PD-IP zoning district  pursuant to 4-504(A)."
"SPEX-2025-0029","Special Exception","In Review","","03/27/2025","","","Plan","42381  COCHRAN MILL RD  LEESBURG VA 20175","151400958000","COCHRAN TECH: See LEGI-2024-0037 for all timelines, document, and updates. A Special Exception to allow data center use in the IP Zoning District."
"EPLAN-2026-0106","Engineering Plan Revision","Submitted - Online","","07/24/2026","","","Plan","45070 VANTAGE DATA PLZ STERLING VA 20166","044381108001","Revision to VA14 Site plan to shift the security gate and include a Guard booth with waterline and sanitary Connections"
"GBOND-2018-0232","Grading - Grading Bond","Active Bond","","04/04/2018","","","Plan","43406 OLD OX RD STERLING VA 20166","124369522000",""
"GBOND-2021-0010","Grading - Grading Bond","Active Bond","","04/30/2021","","","Plan","24397 RACEFIELD LN ALDIE VA 20105","203354208000",""
"GBOND-2022-0024","Grading - Grading Bond","Released","","08/22/2022","","","Plan","22760 PACIFIC BLVD STERLING VA 20166","045195615000",""
"PMTG-2023-0074","Legislative Land Development Premeeting","Completed","","08/21/2023","","","Plan","41567 BRIARFIELD LN ALDIE VA 20105","202192262000","JK Technology Park #1 Proffer Amendment - A Legislative Pre-Meeting to discuss a Zoning Concept Plan Amendment to amend proffers to permit occupancy permits for up to 700,000 data center square footage on the property prior to Northstar Boulevard being open for traffic and a zoning modification to eliminate internal building and parking setbacks in the PD-IP district."
"PRAP-2019-0062      ","Legislative Land Development Premeeting","Completed","","07/25/2019","","","Plan","25020 WILLARD RD CHANTILLY VA 20152","096183161000","BLUERIDGE GROUP LLC : Request for a  Zoning Map Amendment to rezone a 100.18 acre parcel    from MR-HI to PD-IP to develop a data center."
"PRAP-2014-0121      ","Legislative Land Development Premeeting","Submitted","","11/05/2014","","","Plan","ASHBURN VA 20147","060386530000","RAGING WIRE C/O DON BEARD : SPEX & ZRTD to update site to the current revised 1993 Zoning         Ordinance and to allow a 1.0 FAR Data Center."
"SPAM-2022-0058      ","Engineering Plan Revision","Void","","08/05/2022","","","Plan","21630 RED RUM DR ASHBURN VA 20147","088481748000","ASHBURN CROSSING NORTH : REQUEST APPROVAL OF A SITE PLAN AMENDMENT (SPAM) FOR A PROPOSED DATA  CENTER IN THE (PDIP) PLANNED DEVELOPMENT-INDUSTRIAL PARK ZONING       DISTRICT.                                                             SDM"
"STPR-2010-0045      ","Engineering Plan Revision","Approved","","11/19/2010","","","Plan","21551 BEAUMEADE CIR ASHBURN VA 20147","060108050000","BEAUMEADE LOT 31A : REQUEST APPROVAL OF A REVISION TO AN APPROVED SITE PLAN (STMP-2008-0001) TO REVISE THE PROPOSED DATA CENTER AND RELATED INFRASTRUCTURE.


VB"
"STPR-2009-0026      ","Engineering Plan Revision","Approved","","05/04/2009","","","Plan","21701 FILIGREE CT ASHBURN VA 20147","061483407000","EQUINIX AT BEAUMEADE TECHNOLOGY CENTER : REQUEST APPROVAL OF A SITE PLAN REVISION TO REMOVE AN EXISTING FLEX WAREHOUSE BUILDING & REPLACE WITH A  DATA CENTER BUILDING.


CT"
"STPL-2023-0008      ","Engineering Plan","In Review","","02/08/2023","","","Plan","45925 HORSESHOE DR STERLING VA 20166","030300991000","(Conditional Approval) HORSESHOE DRIVE : REQUEST APPROVAL OF A SITE PLAN (STPL) TO BUILD A DATA CENTER, IN THE PLANNED DEVELOPMENT - INDUSTRIAL PARK (PDIP) ZONING DISTRICT.         EK"
"STPL-2019-0039      ","Engineering Plan","Approved","","10/02/2019","","","Plan","","088481748000","ASHBURN CENTER NORTH ZCOLO : REQUEST APPROVAL OF A SITE PLAN (STPL) FOR A PROPOSED DATA CENTER, IN THE PLANNED DEVELOPMENT- INDUSTRIAL PARK (PDIP) ZONING DISTRICT.      HV"
"SPAM-2000-0085      ","Engineering Plan Revision","Approved","","07/17/2000","","","Plan","1506 MORAN RD STERLING VA 20166","045458629000","SERVER VAULT : Approval of amendment to SPFI 1982-0016  to show revised parking striping, fence addition and installation of improved electrical service for a data center"
"SPEX-2015-0027      ","Special Exception","Approved","","06/01/2015","","","Plan","","045280698000","DOWNS PARK : A special exception to allow two office buildings limited to data     center use in the PDIP zoning district governed under the 1972 Zoning Ordinance."
"ZCOR-2026-0210","Zoning Correspondence - Determinations & Verifications (ZCOR)","Approved","","07/13/2026","","","Plan","","","Buddy Rizer of Economic Development is requesting an advisory opinion on the applicability of the February 14, 2000 Zoning Administrator Determination on data center uses today."
"PCOR-2026-0078","Planning Correspondence - Administrative","Approved","","08/10/2026","","","Plan","44146  WADE DR  CHANTILLY VA 20152","096100169000","WADE DRIVE DATA CENTER CHECKLIST WAIVER: A request to waive checklist items J and K.2 for an anticipated Special Exception associated with PMTG-2026-0165."
"STMP-2013-0001      ","Engineering Plan","Approved","","02/25/2013","","","Plan","","060485060000","ASHBURN CROSSING II : REQUEST APPROVAL OF A MODIFIED PROCESS SITE PLAN (STMP) FOR A FOUR    HUNDRED THIRTY FIVE THOUSAND FIVE SQUARE FOOT (435,005) DATA CENTER   RP"
"EPLAN-2024-0180","Engineering Plan Revision","In Review","","11/14/2024","","","Plan","44122  MERCURE CIR  STERLING VA 20166","091482155000","MERCURE BUSINESS PARK LOT 4A1B - The purpose of this site plan is to change the use of the existing building from flex warehouse to data center."
"GBOND-2023-0074","Grading - Grading Bond","Approved","","03/07/2023","","","Plan","21800 BEAUMEADE CIR ASHBURN VA 20147","061307718000",""
"ZCOR-2026-0174","Zoning Correspondence - Determinations & Verifications (ZCOR)","Withdrawn","","05/27/2026","","","Plan","21641  BEAUMEADE CIR  ASHBURN VA 20147","060193174000","Chase Allen of  Urban, Ltd. is requesting a zoning determination to propose the preservation of the existing vegetation and utilization of the existing topography to fulfill the 6-ht. berm requirement, as allowed per Z.O. Section 4.06.02.D.11.a.1.e., in order to create a denser and more complete screening of the proposed data center use from the existing neighboring data center."
"PRAP-2021-0092      ","Legislative Land Development Premeeting","Completed","","12/02/2021","","","Plan","","248165939000","HIDDEN DATA CENTERS REZONING : Request for a ZMAP to rezone approx. 47 acres from TR-1 and TR-3 to   PD-IP to support data center use."
"PRAP-2020-0032      ","Legislative Land Development Premeeting","Completed","","04/14/2020","","","Plan","22175 BEAUMEADE CIR ASHBURN VA 20147","061298643000","EQUINIX SIGN PLAN : Request for a Sign Development Plan to increase the number of allowed signs and to increase the allowable sign area for data center signage."
"FPAL-2013-0006      ","Floodplain Alteration Type 2","Approved","","06/19/2013","","","Plan","","089496285000","LOUDOUN METRO DATA CENTERS LM1 & LM2 : REQUEST APPROVAL OF A FLOODPLAIN ALTERATION (FPAL) FOR FLOODPLAIN ENCROACHMENTS ASSOCAITED WITH THE DESIGN OF TWO (2) DATA CENTER BUILDINGS.


EB"
"SPAM-2020-0077      ","Engineering Plan Revision","Approved","","10/29/2020","","","Plan","22125 BRODERICK DR ASHBURN VA 20147","044370416000","DIGITAL LOUDOUN III : REQUEST APPROVAL OF SITE PLAN AMENDMENT (SPAM) FOR THE CONSTRUCTION OFFIVE DATA CENTER BUILDINGS, IN THE PLANNED DEVELOPMENT-OFFICE PARK    (PDOP) ZONING DISTRICT.                                               AM"
"STMP-2023-0004      ","Engineering Plan","Approved","","03/08/2023","","","Plan","19540 COMPASS CREEK PKWY LEESBURG VA 20175","235297431000","IAD05 : REQUEST APPROVAL OF A MODIFIED PROCESS SITE PLAN (STMP) FOR           CONSTRUCTION OF ONE (1) DATA CENTER IN THE, PLANNED DEVELOPMENT       INDUSTRIAL PARK (PDIP) ZONING DISTRICT.                               EK"
"SPAM-2020-0033      ","Engineering Plan Revision","Approved","ARCOLA CENTER PROJECT","04/22/2020","","","Plan","42575 ARCOLA BLVD STERLING VA 20166","162176713000","PROJECT MOTION : REQUEST APPROVAL OF A SITE PLAN AMENDMENT (SPAM) TO SPAM-2018-0111 FORA DATA CENTER, IN THE PLANNED DEVELOPMENT-INDUSTRIAL PARK (PDIP)      ZONING DISTRICT.                                                      AM"
"PBOND-2024-0194","Performance Bond","Active Bond","","11/15/2024","","","Plan","23844 BELMONT RIDGE RD ASHBURN VA 20148","161253540000","TECH PARK AT BRAMBLETON : REQUEST APPROVAL OF A SITE PLAN (STMP) FOR FOUR (4) DATA CENTER       BUILDINGS AND ON-SITE SUBSTATION IN THE PDIP ZONING DISTRICT          ZDF"
"PBOND-2024-0193","Performance Bond","Active Bond","","11/15/2024","","","Plan","23844 BELMONT RIDGE RD ASHBURN VA 20148","161253540000","TECH PARK AT BRAMBLETON : REQUEST APPROVAL OF A SITE PLAN (STMP) FOR FOUR (4) DATA CENTER       BUILDINGS AND ON-SITE SUBSTATION IN THE PDIP ZONING DISTRICT          ZDF"
"SPEX-2024-0082","Special Exception","In Review","","11/27/2024","","","Plan","45925  HORSESHOE DR  STERLING VA 20166","030300991000","See LEGI-2024-0058 for documents, timeline, and workflow  HORSESHOE DRIVE: A Special Exception to allow for a 1.0 floor area ratio (FAR) of data center uses."
"SPEX-2025-0128","Special Exception","In Review","","11/10/2025","","","Plan","24050  YOUNGWOOD LN  ALDIE VA 20105","203479574000","SEE LEGI-2025-0049 FOR TIMELINE, WORKFLOW AND DOCUMENTS. YONDR-TARRING: A Special Exception to permit a data center use in the General Industry (GI) Zoning District."
"PBOND-2024-0011","Performance Bond","Active Bond","","01/25/2024","","","Plan","19540 COMPASS CREEK PKWY LEESBURG VA 20175","235297431000","IAD05 : REQUEST APPROVAL OF A MODIFIED PROCESS SITE PLAN (STMP) FOR           CONSTRUCTION OF ONE (1) DATA CENTER IN THE, PLANNED DEVELOPMENT       INDUSTRIAL PARK (PDIP) ZONING DISTRICT.                               EK"
"STMP-2022-0018      ","Engineering Plan","Approved","","09/22/2022","","","Plan","23844 BELMONT RIDGE RD ASHBURN VA 20148","161253540000","TECH PARK AT BRAMBLETON : REQUEST APPROVAL OF A SITE PLAN (STMP) FOR FOUR (4) DATA CENTER       BUILDINGS AND ON-SITE SUBSTATION IN THE PDIP ZONING DISTRICT          ZDF"
"STPL-2022-0052      ","Engineering Plan","In Review","","11/04/2022","","","Plan","STERLING VA 20166","030208833000","(Conditional Approval) CLARKE HOOK CENTER : REQUEST APPROVAL OF A SITE PLAN (STPL) TO CONSTRUCT ONE DATA CENTER,  IN THE PLANNED DEVELOPMENT - INDUSTRIAL PARK (PDIP) ZONING DISTRICT.  EK"
"EPLAN-2024-0161","Engineering Plan Revision","In Review","","10/30/2024","","","Plan","44211  MERCURE CIR  STERLING VA 20166","091493983000","MERCURE BUSINESS PARK LOT 22 - The purpose of this site plan amendment is to change the use of the existing building from flex warehouse to data center."
"EPLAN-2024-0181","Engineering Plan Revision","In Review","","11/14/2024","","","Plan","44112  MERCURE CIR  STERLING VA 20166","091483025000","MERCURE BUSINESS PARK LOT 4A1A: The purpose of this site plan amendment is to change the use of the existing building from flex warehouse to data center."
"ZMAP-2018-0015      ","Zoning Map Amendment - ZCASE","Approved","","12/17/2018","","","Plan","41567 BRIARFIELD LN ALDIE VA 20105","202192262000","JK TECHNOLOGY PARK #1 : A Zoning Map Amendment to rezone approximately 71.5-acres from CR-1   and R-1 Zoning Districts to PD-IP for an Industrial Park for Office   and Data Center uses."
"SPAM-2001-0125      ","Engineering Plan Revision","Approved","","11/29/2001","","","Plan","22995 WILDER CT STERLING VA 20166","046368231000","LE BOURGET BUSINESS PARK  LOT 12A : Request approval of amendment to STPL 1999-0017 to add generator layout and change building use from office to office/data center."
"STPL-2001-0004      ","Engineering Plan","Approved","","12/28/2000","","","Plan","","087385404000","NETWAY CENTER AT ASHBURN-BUIIL 2, 3A, 3B : REQUEST FOR FINAL SITE PLAN APPROVAL FOR THREE DATA CENTER/OFFICE BUILDINGS (236,167 SQUARE FEET) AND RELATED PARKING AND AMENITIES."
"ZCOR-2016-0087      ","Zoning Correspondence - Determinations & Verifications (ZCOR)","Withdrawn","","05/17/2016","","","Plan","12355 WHITE ROCK RD PURCELLVILLE VA 20132","477387669000","AT&T SHORT HILL DETERMINATION : Laurie Hailey is requesting a determination regarding whether the     proposed facility is a telecommunications use and or structure or a   data center use."
"SPMI-2023-0013      ","Special Exception","Approved","","06/20/2023","","","Plan","19817 BELMONT RIDGE RD ASHBURN VA 20147","114355868000","See LEGI-2023-0048 for all documents, timelines and workflow - BELMONT INNOVATION CAMPUS : A Minor Special Exception to allow for increased data center          development potential on the Property"
"STPL-2006-0075      ","Engineering Plan","Approved","COMMONWEALTH CENTER PROJECT","11/07/2006","","","Plan","","040362224000","PETERSON/COMMONWEALTH CENTER : REQUEST APPROVAL OF A SITE PLAN FOR 238,000 SQUARE FEET OFFICE        BUILDING AND 356,400 SQUARE DATA CENTER WITH PARKING LOTS, UTILITIES  AND STORM DRAINAGE.                                                   er"
"SPEX-2012-0019      ","Special Exception","Approved","","04/06/2012","","","Plan","","088481748000","ASHBURN CENTER NORTH : A special exception pursuant to 4-504(A) to allow office use that is restricted to 100% data center in the PD-IP Zoning District."
"ZCOR-2014-0144      ","Zoning Correspondence - Determinations & Verifications (ZCOR)","Completed","","07/28/2014","","","Plan","ASHBURN VA 20147","089382215000","DEVIN SHAFRON VERIFICATION -PD-IP : Amber Stephens with PZR requests a zoning verification for the parcel located at 43915 Devin Shafron Drive (data center). PIN #089-38-2215"
"SPAM-2000-0091      ","Engineering Plan Revision","Approved","","08/02/2000","","","Plan","531 SHAW RD STERLING VA 20166","034365642000","DULLES INTERNATIONAL PARK BLDG 1 : Site Plan amendment to convert existing building 1 to 100% office use and/or Data Center. Boundary line adjustment application being submitted concurrently."
"PSUB-2011-0002      ","Site Plan Premeeting","Completed","","01/21/2011","","","Plan","21661 RED RUM DR ASHBURN VA 20147","088393970000","ASHBURN TECHNOLOGY PARK S3 PCL A : PROPOSING TO THREE DATA CENTER BUILDINGS TOTALING APPROXIMATELY 492,000 SQUARE FEET OF OFFICE SPACE, A POWER SUBSTATION, AND ASSOCIATED PARKING AND IMPROVEMENTS."
"PRAP-2011-0054      ","Legislative Land Development Premeeting","Completed","","07/01/2011","","","Plan","21550 BEAUMEADE CIR ASHBURN VA 20147","060198443000","MUSREF BEAUMEADE CIRCLE LP : SPEX to allow 100 % data center use at a 0.4 FAR.  ZRTD to convert the property to the revised 1993 Loudoun County Zoning Ordinance."
"STPL-2019-0044      ","Engineering Plan","Withdrawn","","11/18/2019","","","Plan","","202282993000","ARCOLA LOTUS AND STONEWALL PROPERTY : REQUEST APPROVAL OF A SITE PLAN (STPL) FOR TWO DATA CENTER BUILDINGS  WITH ASSOCIATED INFRASTRUCTURE, IN THE PLANNED DEVELOPMENT-INDUSTRIAL PARK (PDIP)                                                           NS"
"SPEX-2024-0048","Special Exception","Withdrawn","","07/26/2024","","","Plan","22714  GLENN DR  STERLING VA 20164","033274247000","See LEGI-2024-0032 for all documents, timelines, and workflow  TRANSDULLES CENTER: A Special Exception to allow data center development up to a 1.0 floor area ratio (FAR)."
"SPEX-2024-0011","Special Exception","In Review","","02/27/2024","","","Plan","45120 GLOBAL PLZ Unit: 100 STERLING VA 20166","045185843000","See LEGI-2024-0004 for all documents, timelines and workflow - GLOBAL PLAZA: A Special Exception to allow for a 1.0 floor area ratio (FAR) of data center uses."
"SPEX-2024-0057","Special Exception","In Review","","08/08/2024","","","Plan","45111  LOUDOUN DOWNS LN  STERLING VA 20166","045282657000","See LEGI-2024-0041 for all documents, timeline, and workflow  DULLES DOWNS: A Special Exception to permit up to 1.0 floor area ratio (FAR) of data center uses."
"STMP-2020-0007      ","Engineering Plan","Approved","","05/22/2020","","","Plan","21215 ATLANTIC BLVD STERLING VA 20166","029151809000","EDGECORE DULLES : REQUEST APPROVAL OF A MODIFIED PROCESS SITE PLAN (STMP) FOR THREE ONE STORY DATA CENTER BUILDINGS, IN THE PLANNED DEVELOPMENT OFFICE PARK   (PDOP) ZONING DISTRICT.                                               AM"
"PLAT-2024-0303","Plat - Tier 1 - Easements (ESMT), or Dedication Plats (DEDI)","In Review","","10/28/2024","","","Plan","21670 RIDGETOP CIR STERLING VA 20166","030304784000","ESMT - RIDGETOP CENTER: REQUEST APPROVAL OF A SITE PLAN (STPL) FOR THE CONSTRUCTION OF TWO    DATA CENTER BUILDINGS, IN THE PLANNED DEVELOPMENT - INDUSTRIAL PARK   (PDIP) ZONING DISTRICT.                                               EK"
"EPLAN-2024-0155","Engineering Plan","Superseded","","10/17/2024","","","Plan","22275  PACIFIC BLVD  STERLING VA 20166","044267923000","(SUPERSEDED BY EPLAN-2025-0105) ME-DC Pacific, Site Plan for the construction of one Data Center, circulation drives, underground Stormwater management and the associated infrastructure.(Conditional Approval)"
"BLAD-2023-0004      ","Plat - Tier 1 - Easements (ESMT), or Dedication Plats (DEDI)","Approved","","01/30/2023","","","Plan","22435 GLENN DR STERLING VA 20164","032155119000","VANTAGE DATA CENTERS VA2 : REQUEST APPROVAL OF A BOUNDARY LINE ADJUSTMENT PLAT                   (BLAD)/CONSOLIDATION, IN THE PLANNED DEVELOPMENT INDUSTRIAL PARK      (PDIP) ZONING DISTRICT.                                               DS"
"STPL-2001-0045      ","Engineering Plan","Void","","05/04/2001","","","Plan","","060170268000","ASHBURN CORPORATE CENTER PH 3 : Request approval for a site plan for a proposed 577,000 square foot   Internet Data Center.  There are a total of 4     one-story           buildings.  Each pair of data center buildings is connected by a      one-story link structure.  Surface parking is provided around    the  perimeter of the site.  Access to the site is from two entrances, one on Chilum Place and one on Hastings Drive."
"SPEX-2012-0045      ","Special Exception","Approved","","11/14/2012","","","Plan","1304 SQUIRE CT STERLING VA 20166","042295813000","BUHL ELECTRIC : A special exception pursuant to Section 722.3.2 of the 1972 Zoning Ordinance to allow office use in the PD-IP Zoning District restricted to 100% data center."
"STMP-2021-0011      ","Engineering Plan","Approved","","08/05/2021","","","Plan","44675 QUALITY TECH LN STERLING VA 20166","063498140000","ASH 2 LOCKRIDGE : REQUEST APPROVAL OF A MODIFIED PROCESS SITE PLAN (STMP) FOR A DATA    CENTER AN ASSOCIATED INFRASTRUCTURE, IN THE PLANNED DEVELOPMENT-      INDUSTRIAL PARK (PDIP) ZONING DISTRICT.                               HV"
"STMP-2023-0002      ","Engineering Plan","Approved","","01/09/2023","","","Plan","22285 LOCKRIDGE RD STERLING VA 20166","062279710000","PROJECT NOVA BROAD RUN : REQUEST APPROVAL OF A MODIFIED PROCESS SITE PLAN (STMP) FOR A DATA    CENTER AND INFRASTRUCTURE, IN THE PLANNED DEVELOPMENT - OFFICE PARK   (PDOP) ZONING DISTRICT.                                               DS"
"STMP-2019-0010      ","Engineering Plan","Approved","","10/18/2019","","","Plan","19540 COMPASS CREEK PKWY LEESBURG VA 20175","235297431000","IAD01 : REQUEST APPROVAL FOR A MODIFIED PROCESS SITE PLAN (STMP) FOR TWO (2)  DATA CENTER BUILDINGS WITH ASSOCIATED INFRASTRUCTURE, IN THE PLANNED  DEVELOPMENT- INDUSTRIAL PARK (PDIP) ZONING DISTRICT.                  HV"
"STMP-2020-0018      ","Engineering Plan","Approved","","12/21/2020","","","Plan","19540 COMPASS CREEK PKWY LEESBURG VA 20175","235297431000","IAD 02 : REQUEST APPROVAL OF A MODIFIED PROCESS SITE PLAN (STMP) FOR THE       CONSTRUCTION OF TWO DATA CENTER BUILDINGS, IN THE PLANNED DEVELOPMENT INDUSTRIAL PARK (PDIP) ZONING DISTRICT.                               AM"
"SPAM-2020-0039      ","Engineering Plan Revision","Approved","","05/26/2020","","","Plan","22125 BRODERICK DR STERLING VA 20166","044370416000","DIGITAL LOUDOUN IV BRODERICK DR : REQUEST APPROVAL OF A SITE PLAN AMENDMENT (SPAM) TO CONSTRUCT A DATA  CENTER BUILDING, IN THE PLANNED DEVELOPMENT INDUSTRIAL PARK (PDIP)    ZONING DISTRICT.                                                      AM"
"SPEX-2019-0028      ","Special Exception","Approved","","07/29/2019","","","Plan","43743 JOHN MOSBY HWY CHANTILLY VA 20152","097361753000","ROLLINS PROPERTY : A Special Exception to allow a Data Center in the CLI Zoning District pursuant to Section 3-904(CC) of the Revised 1993 Loudoun County      Zoning Ordinance."
"SPEX-2024-0009","Special Exception","Withdrawn","","02/27/2024","","","Plan","113 EXECUTIVE DR Unit: 100 STERLING VA 20166","045269479000","See LEGI-2024-0002 for all documents, timelines and workflow - CONCORDE INDUSTRIAL PARK: A Special Exception to allow for a 1.0 floor area ratio (FAR) of data center uses."
"SPEX-2025-0057","Special Exception","In Review","","08/26/2025","","","Plan","22165  BEAUMEADE CIR  ASHBURN VA 20147","061200160000","SEE LEGI-2024-0047 FOR ALL TIMELINE, WORKFLOW, AND DOCUMENTS: EQUINIX ASHBURN EAST: A Special Exception to permit a data center use in the Industrial Park (IP) Zoning District."
"SPEX-2024-0063","Special Exception","In Review","","08/26/2025","","","Plan","22165  BEAUMEADE CIR  ASHBURN VA 20147","061200160000","SEE LEGI-2024-0047 FOR ALL TIMELINE, WORKFLOW, AND DOCUMENTS: EQUINIX ASHBURN EAST: A Special Exception to allow data center development up to a 1.0 floor area ratio (FAR)."
"EPLAN-2024-0182","Engineering Plan Revision","Inactive","","11/14/2024","","","Plan","108  CARPENTER DR  STERLING VA 20164","033370100000","(**INACTIVE PER LSDO 1242.15**) 108 CARPENTER DRIVE: The purpose of this site plan amendment is to change the use of the existing building from office building to data center."
"STPL-2022-0051      ","Engineering Plan","In Review","","11/04/2022","","","Plan","21670 RIDGETOP CIR STERLING VA 20166","030304784000","(Conditional Approval) RIDGETOP CENTER : REQUEST APPROVAL OF A SITE PLAN (STPL) FOR THE CONSTRUCTION OF TWO    DATA CENTER BUILDINGS, IN THE PLANNED DEVELOPMENT - INDUSTRIAL PARK   (PDIP) ZONING DISTRICT.                                               EK"
"PBOND-2023-0034","Performance Bond","Active Bond","","08/22/2023","","","Plan","1700 Broadway Unit: Suite 1750 Denver CO 80290","062279710000","PROJECT NOVA BROAD RUN : REQUEST APPROVAL OF A MODIFIED PROCESS SITE PLAN (STMP) FOR A DATA    CENTER AND INFRASTRUCTURE, IN THE PLANNED DEVELOPMENT - OFFICE PARK   (PDOP) ZONING DISTRICT.                                               DS"
"PLAT-2024-0087","Plat - Tier 1 - Easements (ESMT), or Dedication Plats (DEDI)","Submitted","TUSCARORA CROSSING PROJECT","03/19/2024","","","Plan","","150151774000","ESMT - TUSCARORA CROSSING LB 3 : REQUEST APPROVAL OF A SITE PLAN (STPL) FOR THE CONSTRUCTION OF DATA   CENTER BUILDINGS, IN THE PLANNED DEVELOPMENT-INDUSTRIAL PARK (PDIP)   ZONING DISTRICT.                                                      AM"
"PBOND-2026-0122","Performance Bond","Submitted - Online","","08/07/2026","","","Plan","21670 RIDGETOP CIR STERLING VA 20166","030304784000","(Conditional Approval) RIDGETOP CENTER : REQUEST APPROVAL OF A SITE PLAN (STPL) FOR THE CONSTRUCTION OF TWO    DATA CENTER BUILDINGS, IN THE PLANNED DEVELOPMENT - INDUSTRIAL PARK   (PDIP) ZONING DISTRICT.                                               EK"
"PBOND-2026-0121","Performance Bond","Submitted - Online","","08/07/2026","","","Plan","21670 RIDGETOP CIR STERLING VA 20166","030304784000","(Conditional Approval) RIDGETOP CENTER : REQUEST APPROVAL OF A SITE PLAN (STPL) FOR THE CONSTRUCTION OF TWO    DATA CENTER BUILDINGS, IN THE PLANNED DEVELOPMENT - INDUSTRIAL PARK   (PDIP) ZONING DISTRICT.                                               EK"
"PLAT-2023-0096","Plat - Tier 1 - Easements (ESMT), or Dedication Plats (DEDI)","Approved","","10/18/2023","","","Plan","22435 GLENN DR STERLING VA 20164","032155119000","Associated with STMP-2022-0023, Off Site Easement"
"SPAM-2023-0037      ","Engineering Plan Revision","Approved","","06/14/2023","","","Plan","22435 GLENN DR STERLING VA 20164","032155119000","VANTAGE - VA22 : REQUEST APPROVAL OF A SITE PLAN AMENDMENT (SPAM) TO THE PREVIOUSLY    APRPOVED STMP-2022-0023 AND STMP-2022-0006 TO ADD ADDITIONAL UTILITY  INFRASTRUCTURE, IN THE PLANNED DEVELOPMENT   INDUSTRIAL PARK (PDIP)   ZONING DISTRICT.                                                      DS"
"DEDI-2022-0030      ","Plat - Tier 1 - Easements (ESMT), or Dedication Plats (DEDI)","Approved","","04/26/2022","","","Plan","","032155119000","VANTAGE VA 21 : REQUEST APPROVAL OF A DEDICATION PLAT (DEDI) FOR STREET DEDICATION ANDCREATION OF VARIOUS EASEMENTS, IN THE (PDIP/R4) PLANNED               DEVELOPMENT-INDUSTRIAL PARK/SINGLE FAMILY RESIDENTIAL-4 ZONING        DISTRICTS.                                                            SDM"
"ZCOR-2023-0133      ","Zoning Correspondence - Determinations & Verifications (ZCOR)","Completed","","05/16/2023","","","Plan","19509 BELMONT RIDGE RD ASHBURN VA 20147","113372932000","19509 BELMONT RIDGE RD VERIF : Shana' Hines of PZR is requesting a verification for 19509 BELMONT    RIDGE RD - PIN: 113-37-2932.                                          1. The current zoning classification for the subject property.        2. Adjacent property zoning designations:                             3. Is the subject property part of a Planned Unit Development""        4. Is the subject property part of an Overlay District""               5. The subject property is currently regulated by                     6. According to the zoning ordinances and regulations for this        district, the use of the subject property is.                         7. The subject structure(s) was developed""        8. Information      regarding variances, special permits/exceptions, ordinances or        conditions                                                            9. Rebuild: In the event of casualty, in whole or in part, the        structure located on the subject property                             10. To the best of your knowledge, do your records show any unresolvedzoning code violations"""
"STMP-2022-0006      ","Engineering Plan","Approved","","04/21/2022","","","Plan","22435 GLENN DR STERLING VA 20164","032155119000","VANTAGE VA21 : REQUEST APPROVAL OF A MODIFIED PROCESS SITE PLAN (STMP) FOR A PROPOSEDDATA CENTER BUILDING AND ALL OF THE ASSOCIATED INFRASTRUCTURE         INCLUDING SWM AND BMP VAULTS, IN THE PLANNED DEVELOPMENT- INDUSTRIAL  PARK (PDIP) AND SINGLE FAMILY RESIDENTIAL-4 (R4) ZONING DISTRICTS.    HV"
"PSUB-2022-0089      ","Site Plan Premeeting","Completed","","12/08/2022","","","Plan","19817 BELMONT RIDGE RD ASHBURN VA 20147","114355868000","LOUDOUN GC EARLY GRADING PLAN : An early grading CPAP to grade for data center, dedicated substation, and other commercial by-right uses in PD-IP, A-3, and PD-GI."
"STMP-2017-0014      ","Engineering Plan","Approved","","12/08/2017","","","Plan","45200 VANTAGE DATA PLZ STERLING VA 20166","044285198000","PROJECT VIPER : REQUEST APPROVAL OF A MODIFIED PROCESS SITE PLAN (STMP) FOR A DATA    CENTER/OFFICE INCLUDING INFRASTRUCTURE AND UTILITIES, IN THE PLANNED  DEVELOPMENT- OFFICE PARK (PDOP) ZONING DISTRICT.                      HV"
"STMP-2022-0002      ","Engineering Plan","Approved","","03/16/2022","","","Plan","19540 COMPASS CREEK PKWY LEESBURG VA 20175","235297431000","IAD04 : REQUEST APPROVAL OF A MODIFIED PROCESS SITE PLAN (STMP) FOR           CONSTRUCTION OF 1 DATA CENTER BUILDING AND ASSOCIATED UTILITIES, IN   THE (PDIP) PLANNED DEVELOPMENT- INDUSTRIAL PARK ZONING DISTRICT.      SDM"
"FPAL-2018-0001      ","Floodplain Alteration Type 2","Approved","","02/06/2018","","","Plan","45200 VANTAGE DATA PLZ STERLING VA 20166","044285198000","ASHBURN NEXUS : REQUEST APPROVAL OF A FLOODPLAIN ALTERATION (FPAL) TO ACCOMMODATE THE CONSTRUCTION OF A DATA CENTER AND ASSOCIATED SITE IMPROVEMENTS, IN THEPLANNED DEVELOPMENT- OFFICE PARK (PDOP) ZONING DISTRICT.              HV"
"SPEX-2025-0054","Special Exception","In Review","","06/18/2025","","","Plan","42381  COCHRAN MILL RD  LEESBURG VA 20175","151400958000","COCHRAN TECH: See LEGI-2024-0037 for all timelines, document, and updates. A Special Exception to allow a data center development on moderately steep slopes in the IP Zoning District."
"PBOND-2024-0128","Performance Bond","In Review","TUSCARORA CROSSING PROJECT","08/09/2024","","","Plan","19540  CROSSTRAIL BLVD  LEESBURG VA 20175","150151774000","The construction of data center buildings, associated infrastructure, roads, parking, and utilities, etc. for Tuscarora Crossing Land Bay 3 (STPL-2020-0046). The associated grading permit is GRADE-2024-000179."
"PBOND-2024-0129","Performance Bond","In Review","TUSCARORA CROSSING PROJECT","08/09/2024","","","Plan","19550  CROSSTRAIL BLVD  LEESBURG VA 20175","150151774000","The construction of data center buildings, associated infrastructure, roads, parking, and utilities, etc. for Tuscarora Crossing Land Bay 3 (STPL-2020-0046). The associated grading permit is GRADE-2024-000179."
"STPL-2018-0019      ","Engineering Plan","In Review","","06/19/2018","","","Plan","42100 JOHN MOSBY HWY ALDIE VA 20105","204481974000","(Conditional Approval) ARCOLA LAKHVINDER PROPERTY : REQUEST APPROVAL OF A SITE PLAN (STPL) FOR TWO DATA CENTER BUILDINGS  WITH ASSOCIATED INFRASTRUCTURE, IN THE PLANNED DEVELOPMENT- GENERAL   INDUSTRIAL (PDGI) ZONING DISTRICT.                                    HV"
"ZCOR-1999-0308      ","Zoning Correspondence - Determinations & Verifications (ZCOR)","Completed","","12/07/1999","","","Plan","","033165945000","PIN: 033-16-5945 : Ms. Reiz of BECO Management asked if the use ""data center"" could be   pennitted in the                                                      PD-IP District (1972 Ordinance). The Zoning Administrator has held    that the use ""data                                                    center"" is most like ""office"", which is a use not permitted by right  in the PD-IP District;                                                however, the use is allowed by special exception in accordance with   Section 722.3.2.                                                      1992 ZO: 722.3.2                                                      LCTM: 94((10)), parcel 1"
"STPL-2000-0050      ","Engineering Plan","Approved","","05/04/2000","","","Plan","","030399036000","LOUDOUN TECH CENTER PARCEL H-2 : Request for approval of a site plan for the construction of a 135,564 sq.ft Data Center on the H-2 parcel at Loudoun Tech Center."
"SPAM-2008-0075      ","Engineering Plan Revision","Approved","","09/25/2008","","","Plan","21571 BEAUMEADE CIR ASHBURN VA 20147","060202337000","CABOT TECH AT BEAUMEADE : REQUEST APPROVAL OF A SITE PLAN AMENDMENT TO APPROVED SITE PLAN,      STPL-1999-0046 TO ADD EXTERIOR EQUIPMENT AND EXTERIOR FENCING TO      SUPPORT DATA CENTER USE.                                              CT"
"STPR-2007-0013      ","Engineering Plan Revision","Approved","","05/11/2007","","","Plan","21110 RIDGETOP CIR STERLING VA 20166","030399036000","LOUDOUN TECH CENTER PARCEL H-2 : REQUEST APPROVAL OF A SITE PLAN REVISION TO INCORPORATE GENERATOR YARD AND TRANSFORMERS INTO PLANS, WHICH WAS PREVIOUSLY APPROVED FOR A DATA CENTER USE.
er"
"BLAD-2023-0015      ","Plat - Tier 1 - Easements (ESMT), or Dedication Plats (DEDI)","Approved","","03/30/2023","","","Plan","STERLING VA 20166","020354412000","MANEKIN DATA CENTER : REQUEST APPROVAL OF A BOUNDARY LINE ADJUSTMENT PLAT (BLAD) FOR        CONSOLIDATION OF FIVE (5) PARCELS INTO ONE (1), IN THE PLANNED        DEVELOPMENT INDUSTRIAL PARK (PDIP) ZONING DISTRICT.                   EK"
"STMP-2022-0020      ","Engineering Plan","Approved","","10/03/2022","","","Plan","22285 LOCKRIDGE RD STERLING VA 20166","062279710000","PROJECT NOVA SOUTHEAST SITE PLAN : REQUEST APPROVAL OF A SITE PLAN (STMP) FOR TWO (2) NEW DATA CENTER    FACILITIES WITH ASSOCIATED INFRASTRUCTURE AND BMP IN THE PD-OP ZONING DISTRICT.                                                             ZDF"
"STMP-2015-0010      ","Engineering Plan","Approved","","12/04/2015","","","Plan","44862 INTERCONNECTION PL ASHBURN VA 20147","060307119000","COPT PATRIOT POINT, PHASE II : REQUEST APPROVAL OF A MODIFIED PROCESS SITE PLAN (STMP) FOR THE       CONSTRUCTION OF A DATA CENTER, IN THE PLANNED DEVELOPMENT-INDUSTRIAL  PARK (PDIP) ZONING DISTRICT.                                          KI"
"ZMAP-2008-0017      ","Zoning Map Amendment - ZCASE","Approved","","09/15/2008","","","Plan","","193279018000","STONEWALL SECURE BUSINESS PARK : Rezone 193 acres from TR-10 to PD-IP to allow up to 3.9 million       square feet of restricted access data center, office, and light       industrial uses."
"GBOND-2021-0019","Grading - Grading Bond","Released","","07/07/2021","","","Plan","21445 BEAUMEADE CIR ASHBURN VA 20147","042152579000",""
"ZMAP-2020-0003      ","Zoning Map Amendment - ZCASE","Approved","","04/13/2020","","","Plan","23844 BELMONT RIDGE RD ASHBURN VA 20148","161253540000","BRAMBLETON SOUTH INDUSTRIAL PROPERTIES : A Zoning Map Amendment to rezone approximately 160 acres of property  from CR-1, PD-GI and PD-H4 zoning districts to the PD-IP zoning       district for the development of data center."
"GBOND-2020-0084","Grading - Grading Bond","Completed","","06/05/2020","","","Plan","22080 PACIFIC BLVD STERLING VA 20166","044261032000",""
"GBOND-2021-0018","Grading - Grading Bond","Released","","07/07/2021","","","Plan","21445 BEAUMEADE CIR ASHBURN VA 20147","042152579000",""
"PRAP-2019-0025      ","Legislative Land Development Premeeting","Completed","KINCORA PROJECT","03/13/2019","","","Plan","STERLING VA 20166","042295923000","UTICA BUILDING OWNERS ASSOCIATION : Request for a Special Exception to increase FAR from .4 to 1.0 in     PD-IP to allow for a three-story data center that is ~100,000+ square feet."
"SPAM-2006-0030      ","Engineering Plan Revision","Approved","","03/06/2006","","","Plan","21571 BEAUMEADE CIR ASHBURN VA 20147","060202337000","CABOT TECH AT BEAUMEADE- AT&T DATA : REQUEST APPROVAL OF A SITE PLAN AMENDMENT TO APPROVED SITE PLAN,      STPL-1999-0046, TO CHANGE THE USE FROM WAREHOUSE TO OFFICE/ DATA      CENTER.                                                               JTB"
"STMP-2020-0013      ","Engineering Plan","Approved","ARCOLA CENTER PROJECT","10/01/2020","","","Plan","24550 HOWLING ROOSTER LN STERLING VA 20166","162176713000","PROJECT MOTION PH 2 (AKA PROJECT ORION) : REQUEST APPROVAL OF A MODIFIED PROCESS SITE PLAN (STMP) FOR DATA      CENTER AND SUPPORT FACILITIES, IN THE PLANNED DEVELOPMENT- INDUSTRIAL PARK (PDIP) ZONING DISTRICT.                                          HV"
"SPEX-2025-0027","Special Exception","In Review","","03/21/2025","","","Plan","45120 GLOBAL PLZ Unit: 100 STERLING VA 20166","045185843000","GLOBAL PLAZA: A Special Exceptions to allow for a 1.0 floor area ratio (FAR) of data center uses. A Minor Special Exception to modify the building setback along the northern property boundary."
"STPL-2022-0034      ","Engineering Plan","Withdrawn","","09/01/2022","","","Plan","43405  VALLEYVISTA LN  CHANTILLY VA 20152","128484437000","SOUTH RIDING DEFENDER PARCEL D3 : REQUEST APPROVAL OF A SITE PLAN (STPL) FOR THE CONSTRUCTION OF DATA   CENTER BUILDINGS AND ASSOCIATED INFRASTRUCTURE, IN THE PLANNED        DEVELOPMENT HOUSING-4 (PDH4) ZONING DISTRICT.                         AM"
"SPEX-2024-0041","Special Exception","Withdrawn","","07/16/2024","","","Plan","45121  GLOBAL PLZ  STERLING VA 20166","046486267000","See LEGI-2024-0021 for all documents, timelines, and workflow  GLOBAL SOUTH PLAZA: A Special Exception to allow data center development up to a 1.0 FAR on a portion of the site."
"SPEX-2021-0038      ","Special Exception","Approved","","09/08/2021","","","Plan","45865 MARIES RD STERLING VA 20166","030292034000","45865 MARIES RD REZONING : A Zoning Map Amendment to rezone 10 acres from A-3 to PD-IP and a     Special Exception to permit a maximum 1.0 FAR for data center use."
"ZMAP-2021-0014      ","Zoning Map Amendment - ZCASE","Approved","","09/08/2021","","","Plan","45865 MARIES RD STERLING VA 20166","030292034000","45865 MARIES RD REZONING : A Zoning Map Amendment to rezone 10 acres from A-3 to PD-IP and a     Special Exception to permit a maximum 1.0 FAR for data center use."
"SPEX-2024-0058","Special Exception","In Review","","08/27/2024","","","Plan","23845  ERINS RUN DR  STERLING VA 20166","124299328000","SEE LEGI-2024-0042 FOR ALL DOCUMENTS, TIMELINE AND WORKFLOW -- WEST DULLES AND DULLES COMMERCE CENTER: A Special Exception to allow data center development up to a 1.0 floor area ratio (FAR)."
"BDCOR-2026-0004","Building and Development Correspondence (BDCOR)","Approved","","01/22/2026","","","Plan","43115  GOOSE PARK LN  ASHBURN VA 20147","114360453000","Request to Modify FSM 4.810.B.1.c. and FPC 503.1.1"
"EPLAN-2025-0184","Engineering Plan Revision","In Review","","10/20/2025","","","Plan","19817  BELMONT RIDGE RD  ASHBURN VA 20147","113167702000","BELMONT INNOVATION CAMPUS BUILDINGS 3 & 4 - Site Plan Amendment for EPLAN-2025-0107 to add two sanitary Force Mains, to add a security fence and gates. To relocate storm sewer structures at the northeast corner and associated infrastructure."
"EPLAN-2025-0183","Engineering Plan Revision","In Review","","10/20/2025","","","Plan","19817  BELMONT RIDGE RD  ASHBURN VA 20147","114456354000","BELMONT INNOVATION CAMPUS SUBSTATION - Site plan amendment for Belmont Innovation Campus Substation approved plan EPLAN-2023-0056 to revise grading, access road and associated infrastructure."
"ZCOR-2017-0140      ","Zoning Correspondence - Determinations & Verifications (ZCOR)","Completed","","07/17/2017","","","Plan","","059309091000","PIN 059309091000 & 041352218000 DET : Michael Vaughn of St. John Properties is requesting a Determination   letter on PIN # 059-30-9091 and PIN # 041-35-2218 regarding the       allowable use of a data center."
"STMP-2022-0024      ","Engineering Plan","Superseded","","11/07/2022","","","Plan","21690  PACIFIC BLVD  STERLING VA 20166","043395471000","(Superseded by EPLAN-2024-0200) PARAGON PARK TECHNOLOGY PARK : REQUEST APPROVAL OF A MODIFIED PROCESS SITE PLAN (STMP) FOR A DATA    CENTER BUILDING, IN THE PLANNED DEVELOPMENT - INDUSTRIAL PARK (PDIP)  ZONING DISTRICT.                                                      EK"
"STMP-2021-0002      ","Engineering Plan","Approved","","02/03/2021","","","Plan","22271 BRODERICK DR STERLING VA 20166","044154872000","ASH 1- BRODERICK DC 2 : REQUEST APPROVAL OF A MODIFIED PROCESS SITE PLAN (STMP) FOR A FINAL   SITE PLAN FOR A PROPOSED DATA CENTER USE IN THE PLANNED               DEVELOPMENT-INDUSTRIAL PARK (PDIP)                                    SDM"
"STMP-2011-0001      ","Engineering Plan","Approved","","12/06/2011","","","Plan","","089291706000","DIGITAL LOUDOUN : REQUEST APPROVAL OF A MODIFIED PROCESS SITE PLAN (STMP) FOR SEVEN     HUNDRED SIXTY SIX THOUSAND SEVENTEEN SQUARE FEET (766,017') OF DATA   CENTER FLOOR AREA INCLUDING ALL ASSOCIATED INFRASTRUCTURE AND         UTILITIES                                                             RP"
"PRAP-2014-0007      ","Legislative Land Development Premeeting","Completed","","01/23/2014","","","Plan","","030392674000","PACLAND : SPEX & ZRTD to rezone from the 1972 zoning ordinance to the revised   1993 zoning ordinance to allow the construction of a multi-building   data center with a total of 254,000 square feet."
"STMP-2018-0007      ","Engineering Plan","Approved","","04/16/2018","","","Plan","42350 RED TRIANGLE LN LEESBURG VA 20175","194498227000","PROJECT KALE : REQUEST APPROVAL OF A SITE PLAN MODIFIED PROCESS (STMP) FOR A TWO     HUNDRED EIGHTY EIGHT THOUSAND (288,000) SQUARE FOOT DATA CENTER IN A  PLANNED DEVELOPMENT INDUSTRIAL PARK (PDIP) ZONING DISTRICT.           SMK"
"ZCOR-2025-0475","Zoning Correspondence - Determinations & Verifications (ZCOR)","Withdrawn","","12/18/2025","","","Plan","","083103527000","Colleen Gillis of Curata Partners (on behalf of owners B.F. Saul) is requesting a vesting determination for PIN: 083-10-3527 if the development of a data center is a by-right use."
"ZCOR-2000-0118      ","Zoning Correspondence - Determinations & Verifications (ZCOR)","Completed","","04/12/2000","","","Plan","","","CABOT TECH AT BEAUMEADE : substantial conformance by a proposed                                 AT&T data center to the development conditions that were approved as  part of the Cabot tech                                                @ Beamneade Special Exception Application, i.e., SPEX 1999-0026."
"ZCOR-2009-0197      ","Zoning Correspondence - Determinations & Verifications (ZCOR)","Completed","","09/23/2009","","","Plan","22810 INTERNATIONAL DR STERLING VA 20166","034468458000","GIMBERT VERIFICATION COMPLIANCE PD-IP : Stephen C. Rozga of Gimbert Associates LLC requests a zoning          verification letter for the parcel identified as 22810 & 22860        International Drive, Sterling, VA.                                    PD-IP  Verification  Office Data Center"
"STPL-2001-0097      ","Engineering Plan","Void","COMMONWEALTH CENTER PROJECT","10/25/2001","","","Plan","","041298238000","A S RAY - ELECTRICAL TRANSMISSION SUB : Request approval for construction of a data center office building, BMP Facility, public utilities & loading/parking facilities, as well as land clearing & excavation for future phase of development."
"STMP-2021-0014      ","Engineering Plan","Approved","","11/01/2021","","","Plan","42949 FADELEY LN STERLING VA 20166","162392026000","ICSP @ ARCOLA : REQUEST APPROVAL OFA MODIFIED  PROCESS SITE PLAN (STMP) FOR A FAST    TRACK SITE PLAN TO ADD A 15,000 SF DATA CENTER BUILDING, IN THE       PLANNED DEVELOPMENT GENERAL INDUSTRIAL (PDGI) ZONING DISTRICT.        AM"
"SPEX-2006-0016      ","Special Exception","Approved","","04/20/2006","","","Plan","21701 FILIGREE CT ASHBURN VA 20147","061483407000","EQUINIX - BEAUMEADE PH 1 LOT 5 : REQUEST APPROVAL OF A SPECIAL EXCEPTION TO ALLOW THE FOLLOWING        POSSIBLE USES ON THE PROPERTY: DATA CENTER, FLEX-INDUSTRIAL,          WAREHOUSE, OFFICE WITH A MAXIMUM FAR OF 0.4.                          er"
"PLAT-2024-0185","Plat - Tier 1 - Easements (ESMT), or Dedication Plats (DEDI)","In Review","","07/16/2024","","","Plan","22285 LOCKRIDGE RD STERLING VA 20166","063477734000","Fast Track - ESMT - PROJECT NOVA SOUTHEAST SITE PLAN : REQUEST APPROVAL OF A SITE PLAN (STMP) FOR TWO (2) NEW DATA CENTER    FACILITIES WITH ASSOCIATED INFRASTRUCTURE AND BMP IN THE PD-OP ZONING DISTRICT.                                                             ZDF"
"LEGI-2025-0027","Legislative Land Development Application","In Review","","07/25/2025","","","Plan","44690  PERFORMANCE CIR  ASHBURN VA 20147","060209652000","EQUINIX ASHBURN NORTH: A Special Exception (SPEX) for Data Center Use and a Special Exception to exceed a 0.60 Floor Area Ratio on a 44-acre property in the Industrial Park (IP) Zoning District."
"ZCOR-2007-0175      ","Zoning Correspondence - Determinations & Verifications (ZCOR)","Completed","","06/01/2007","","","Plan","43881 DEVIN SHAFRON DR ASHBURN VA 20147","089278681000","INTEGRATED WALLS LOUDOUN EXCHANGE : William Reese Schroeder of Integrated Design Group Inc. requests a    determination for the proposed data center to be located at 43881     Devin Shafron Drive, Ashburn, VA which is located within Loudoun      Exchange.  Specifically as to the permissibility of removing a solid  concrete wall surrounding the screened service yard and replacing it  with a ""visually solid"" metal louver wall of the same height and      length, to allow proper air circulation around the equipment.         Loudoun Exchange   Data Center   Wall Construction"
"PSUB-2007-0062      ","Site Plan Premeeting","Completed","","06/12/2007","","","Plan","","060170268000","ASHBURN CORPORATE CENTER BLDGS 5&6 : PROPOSING TO CONSTRUCT TWO (2) DATA CENTER BUILDINGS WITH ACCESSORY OFFICE ON 30.5 [THRITY POINT FIVE] ACRES ZONED PD-IP [PLANNED DEVELOPMENT-INDUSTRIAL PARK] IN THE DULLES ELECTION DISTRICT."
"PRAP-2019-0090      ","Legislative Land Development Premeeting","Completed","","10/30/2019","","","Plan","22515 FITNESS CT STERLING VA 20166","045399350000","DIGITAL STERLING PREMIER LLC : Request for a Zoning Conversion to the Revised 1993 Loudoun County    Zoning Ordinance and Zoning Modifications to bring a 28.2 acres into  the Revised 1993 Zoning Ordinance for data center development."
"ZCOR-2016-0240      ","Zoning Correspondence - Determinations & Verifications (ZCOR)","Completed","","12/09/2016","","","Plan","","","OVERLOT GRADG INTERGATE ASHBURN DATA CTR : Robert Balinger, Project Manager, Engineering Division is requesting areferral for an Overlot Grading Permit, Intergate Ashburn Data Center associated with SPAM-2013-0025 regarding conformance with regulations and standards."
"STPR-2008-0019      ","Engineering Plan Revision","Approved","COMMONWEALTH CENTER PROJECT","06/17/2008","","","Plan","44901 RUSSELL BRANCH PKWY ASHBURN VA 20147","040464286000","PETERSON/COMMONWEALTH CENTER : REQUEST APPROVAL OF A SITE PLAN REVISION TO PREVIOUSLY APPROVED PLANS (STPR 2007-0032) FOR CONSTRUCTION OF GENERAL OFFICE AND DATA CENTER IN THE PLANNED DEVELOPMENT INDUSTRIAL PARK (PDIP) ZONING DISTRICT.

er"
"ZCPA-2023-0005      ","Zoning Concept Plan Amendment - ZCASE","Approved","","07/26/2023","","","Plan","22130 LOUDOUN COUNTY PKWY ASHBURN VA 20147","089309997000","See LEGI-2023-0077 for all documents, timelines and workflow - ZEBRA EAST : A ZCPA applicaiton to amend a proffer statement associated with       ZMAP-1998-0003 to permit additional FAR, and to  develop data center  uses."
"SPAM-2020-0038      ","Engineering Plan Revision","Approved","","05/19/2020","","","Plan","22125 BRODERICK DR STERLING VA 20166","044370416000","DIGITAL LOUDOUN III : REQUEST APPROVAL OF A SITE PLAN AMENDMENT (SPAM) FOR THE CONSTRUCTION OF 5 DATA CENTER BUILDINGS, IN THE PLANNED DEVELOPMENT OFFICE PARK    (PDOP) AND PLANNED DEVELOPMENT INDUSTRIAL PARK (PDIP) ZONING          DISTRICTS.                                                            AM"
"STMP-2017-0009      ","Engineering Plan","Approved","","08/28/2017","","","Plan","42247 THUNDERBALL DR LEESBURG VA 20175","194103673000","TRUE NORTH DATA PH 1 : REQUEST APPROVAL OF A MODIFIED PROCESS SITE PLAN (STMP) TO DEVELOP AN OFFICE PARK FOR A DATA CENTER WITH ASSOCIATED UTILITIES, IN THE       TRANSITIONAL RESIDENTIAL-10 (TR10) ZONING DISTRICT.                   HV"
"STMP-2018-0011      ","Engineering Plan","Approved","","08/03/2018","","","Plan","","044370416000","DIGITAL LOUDOUN IV BRODERICK : REQUEST APPROVAL OF A MODIFIED PROCESS SITE PLAN (STMP) FOR THE       CONSTRUCTION OF DATA CENTER FACILITIES AND ASSOCIATED INFRASTRUCTURE  AND UTILITIES, IN THE PLANNED DEVELOPMENT- INDUSTRIAL PARK (PDIP)     ZONING DISTRICT.                                                      HV"
"STMP-2015-0009      ","Engineering Plan","Approved","","11/20/2015","","","Plan","","062462761000","DIGITAL LOUDOUN III : REQUEST APPROVAL OF A MODIFIED PROCESS SITE PLAN (STMP) FOR THE       CONSTRUCTION OF FIVE (5) DATA CENTER BUILDINGS, ASSOCIATED            INFRASTRUCTURE AND UTILITIES, IN THE PLANNED DEVELOPMENT-OFFICE PARK  (PDOP) ZONING DISTRICT.                                               KI"
"STPL-2018-0034      ","Engineering Plan","Withdrawn","","11/26/2018","","","Plan","","203173969000","JK TECHNOLOGY PARK : REQUEST APPROVAL OF A SITE PLAN (STPL) FOR NINE (9) DATA CENTER       BUILDINGS WITH ASSOCIATED INFRASTRUCTURE, IN THE PLANNED DEVELOPMENT- INDUSTRIAL PARK (PDIP) AND PLANNED DEVELOPMENT- GENERAL INDUSTRIAL    (PDGI) ZONING DISTRICTS.                                              HV"
"ZRTD-2021-0008      ","Zoning Map Amendment - ZCASE","Approved","","09/20/2021","","","Plan","22445 SOUS VIDE LN STERLING VA 20166","045466536000","1501 MORAN ROAD : A Zoning Conversion to convert the property to PD-IP district pursuantto the  Revised 1993 Zoning Ordinance and a Special Exception to      increase                                                              density to1.0 FAR considering developing with data center use."
"STMP-2021-0018      ","Engineering Plan","Approved","","12/10/2021","","","Plan","22900 PLATFORM PLZ STERLING VA 20166","034385918000","WS-C2 : REQUEST APPROVAL OF A MODIFIED PROCESS PLAN PROCESS (STMP) FOR        CONSTURCTION OF ONE 15,000 SF DATA CENTER AND ASSOCIATED GRADING AND  UTILITY IMPROVEMENTS, IN THE PLANNED DEVELOPMENT INDUSTRIAL PARK      (PDIP) ZONING DISTRICT.                                               AM"
"ZCOR-2025-0238","Zoning Correspondence - Determinations & Verifications (ZCOR)","Approved","","05/13/2025","","","Plan","23825  ERINS RUN DR  STERLING VA 20166","124299328000","Alex Sarant of Gordon is requesting a zoning determination for the construction of additional GFA on an existing data center parcel at 23825 Erins Run Drive, Sterling .

8/21/2025
It is determined and confirmed that the additional data center building #4 you
describe in your request can be added to PIN 124-29-9328 as a permitted use, rather than needing special exception approval, due to Footnote #3 of Zoning Ordinance Table 3.02.05-1, Office and Industrial Zoning Districts Use Table. The Footnote #3 allows a site plan or site plan amendment application for minor changes to an approved site plan for a data center use may be permitted without a SPEX approval. Such minor changes are subject to the provisions of Section 10.11.01.H, mutatis mutandis."
"SPEX-2017-0040      ","Special Exception","Approved","","12/14/2017","","","Plan","21673 BEAUMEADE CIR ASHBURN VA 20147","060189720000","21673 BEAUMEADE CIRCLE, LLC : A ZRTD to convert from the PDIP under 1993 ZO to PDIP under the       Revised 1993 ZO.  A Special Exception to allow an FAR increase up to a1.0 for data center use."
"PRAP-2011-0078      ","Legislative Land Development Premeeting","Completed","","10/13/2011","","","Plan","25383 PLEASANT VALLEY RD CHANTILLY VA 20152","097305450000","DBT DEVELOPMENT PARTNERS, LLC : ZMAP to convert the property from the PD-GI zoning district to the PD-IP zoning district and a SPEX to allow 100% office / data center at up to a 0.6 FAR."
"STMP-2018-0017      ","Engineering Plan","Approved","","11/30/2018","","","Plan","42311 THUNDERBALL DR LEESBURG VA 20175","194102562000","TRUE NORTH DATA PH 2A : REQUEST APPROVAL OF A MODIFIED PROCESS SITE PLAN (STMP) FOR THE       CONSTRUCTION OF THREE (3) DATA CENTER BUILDINGS AND ASSOCIATED        INFRASTRUCTURE, IN THE PLANNED DEVELOPMENT- OFFICE PARK (PDOP) ZONING DISTRICT.                                                             HV"
"SPAM-2013-0061      ","Engineering Plan Revision","Approved","","05/13/2013","","","Plan","21625 GRESHAM DR ASHBURN VA 20147","061467942000","ASHBURN CORPORATE CENTER PHASE IV (ACC7) : REQUEST APPROVAL OF A SITE PLAN AMMENDMENT (SPAM) TO PREVIOUSLY APPROVED STMP-2010-0001 FOR AN UPDATED ONE (1) STORY DATA CENTER BUILDING WITH ASSOCIATED PARKING AND UTILITY EXTENSIONS.


EB"
"CMPT-2025-0008","Commission Permit - Commission Permit","In Review","","07/09/2025","","","Plan","45195  BUSINESS CT  STERLING VA 20166","046386144000","LOUDOUN BUSINESS PARK: A Special Exception for data center use, a Special Exception to increase the FAR up to 0.8, a Special Exception for each utility substation (3), and a Commission Permit to permit substation use."
"SPEX-2025-0097","Special Exception","In Review","","07/09/2025","","","Plan","45195  BUSINESS CT  STERLING VA 20166","046386144000","LOUDOUN BUSINESS PARK: A Special Exception for data center use, a Special Exception to increase the FAR up to 0.8, a Special Exception for each utility substation (3), and a Commission Permit to permit substation use."
"SPEX-2024-0056","Special Exception","In Review","","09/04/2024","","","Plan","45085  OLD OX RD  STERLING VA 20166","046275921000","See LEGI-2024-0039 for all documents, timeline, and workflow  DULLES DISTRIBUTION CENTER 1 & 2: A Special Exception to allow data center development up to a 1.0 floor area ratio (FAR) on a 32.48-acre site."
"STMP-2021-0012      ","Engineering Plan","Approved","","08/27/2021","","","Plan","22585 FITNESS CT STERLING VA 20166","045301107000","STERLING PREMIERE BUILDING : REQUEST APPROVAL OF A  MODIFIED PROCESS SITE PLAN  (STMP) FOR THE     CONSTRUCTION OF A DATA CENTER, AND ALL ASSOCIATED INFRASTRUCTRE       INCLUDING BMP POND, IN THE( PDIP) PLANNED DEVELOPMENT-INDUSTRIAL PARK ZONING DISTRICT.                                                       SDM                                                                  ."
"SPEX-2025-0136","Special Exception","In Review","","10/01/2025","","","Plan","22532 EVERGREEN MILLS RD LEESBURG VA 20175","241270467000","See LEGI-2024-0074 for all documents, timelines and workflow. Minor Special Exception to Modify Type C Buffer requirements for Utility Substations along portions of the proposed substation that are adjacent to compatible data center development"
"SPAM-2022-0028      ","Engineering Plan Revision","In Review","","04/06/2022","","","Plan","42670 TRADE WEST DR STERLING VA 20166","161172615000","(Conditional Approval)    DULLES TRADE CENTER LOTS 10 & 11 : REQUEST APPROVAL OF A SITE PLAN AMENDMENT (SPAM) FOR THE CONVERTING OFBUILDING USE FROM WAREHOUSE TO DATA CENTER, IN THE (PDGI) PLANNED     DEVELOPMENT GENERAL INDUSTRIAL ZONING DISTRICT.                       SDM"
"LEGI-2024-0004","Legislative Land Development Application","In Review","","02/27/2024","","","Plan","45120 GLOBAL PLZ Unit: 100 STERLING VA 20166","045185843000","GLOBAL PLAZA

SPEX-2024-0011: A Special Exception to permit up to 1.0 floor area ratio (FAR).

SPEX-2025-0027: A Special Exception to permit a data center use in the Industrial Park (IP) Zoning District."
"LEGI-2024-0074","Legislative Land Development Application","In Review","","03/03/2025","","","Plan","22532  EVERGREEN MILLS RD  LEESBURG VA 20175","241270467000","SPRING VALLEY TECHNOLOGY PARK: 
A Zoning Map Amendment for 362 acres from TR-10 to IP to permit up to 3.5 million square feet of data center use.

A Special Exception to establish 3 utility substations ""Utility, Major"".

A Minor Special Exception to permit Utility Scale Energy Storag, battery energy storage system, on the property.

A Minor Special Exception to reduce the setback adjacent to zoning districts permitting residential use.

A Minor Special Exception to eliminate the Type C buffer requirement between substation and data center uses."
"PRAP-2010-0099      ","Legislative Land Development Premeeting","Completed","","12/29/2010","","","Plan","21661 RED RUM DR ASHBURN VA 20147","088393970000","ST. JOHN PROPERTIES, INC. -GIGI ST. JOHN : SPEX for 100 (one hundred) percent office / data center use in area   of land bays L & M, and SPEX for private school in 40,000 sq. ft.     portion of Building E."
"PRAP-2017-0022      ","Legislative Land Development Premeeting","Completed","","03/10/2017","","","Plan","22001 LOUDOUN COUNTY PKWY ASHBURN VA 20147","061252789000","QUANTUM PARK LLC : ZCPA to revise building layout and modify setback along future Rt. 789to accommodate additional development of office and data center uses  consistent with PD-OP zoning district and proffers approved with      ZMAP-1998-0003."
"STMP-2022-0013      ","Engineering Plan","Approved","","07/29/2022","","","Plan","45870 MEMPHIS PLZ STERLING VA 20166","043176560000","DULLES 28 TECHNOLOGY PARK : REQUEST APPROVAL OF A MODIFIED PROCESS SITE PLAN (STMP) FOR THE       PROPOSED DEVELOPMENT OF TWO DATA CENTER BUILDINGS AND WHOLESALE/FLEX  INDUSTRIAL BUILDINGS, IN THE PLANNED DEVELOPMENT-INDUSTRIAL PARK      (PDIP) ZONING DISTRICT.                                               AM"
"SPAM-2014-0075      ","Engineering Plan Revision","Approved","","08/20/2014","","","Plan","ASHBURN VA 20147","088381788000","ASHBURN CENTER PARCEL J : REQUEST APPROVAL OF A SITE PLAN AMENDMENT (SPAM) TO PREVIOUSLY        APPROVED SPAM-2012-0009 TO A PROPOSED PDIP TO ACCOMODATE THE BUILDING INFILL OF BUILDINGS B AND C AS ONE DATA CENTER.                       MCC"
"STPR-2007-0030      ","Engineering Plan Revision","Approved","","08/29/2007","","","Plan","21701 FILIGREE CT ASHBURN VA 20147","061483407000","LAING AT BEAUMEADE BUILDING D : REQUEST APPROVAL OF A SITE PLAN REVISION FOR A 29,886 SQUARE FOOT DATA CENTER EXPANSION WITH 3,504 SQUARE FOOT LOADING DOCK ADDITION TO THE EXISTING 58,620 SQUARE FOOT OFFICE/WAREHOUSE BUILDING.
er"
"PRAP-2013-0082      ","Legislative Land Development Premeeting","Completed","","11/21/2013","","","Plan","45190 PROLOGIS PLZ STERLING VA 20166","045391908000","PROLOGIS : Waiver request for SPEX to allow data center use in site plan approvedbuilding 8 (78,329 SF) at Prologis Gateway-Phase III project          (SPAM-2011-0102 & STPL-2006-0085). Section 4-504(A) of the 1993 ZoningOrdinance."
"STMP-2017-0013      ","Engineering Plan","Approved","","12/01/2017","","","Plan","21955 LOUDOUN COUNTY PKWY ASHBURN VA 20147","061285606000","LOUDOUN CENTER RHINO PH 1 : REQUEST APPROVAL OF A MODIFIED PROCESS SITE PLAN (STMP) FOR THE       CONSTRUCTION OF A TWO STORY DATA CENTER BUILDING AND ASSOCIATED       INFRASTRUCTURE, IN THE PLANNED DEVELOPMENT- OFFICE PARK (PDOP) ZONING DISTRICT.                                                             HV"
"FPAL-2019-0009      ","Floodplain Alteration Type 2","Approved","","08/16/2019","","","Plan","21641 CHARLES VIEW DR STERLING VA 20166","043481751000","PARAGON PARK II BLDG B & C : REQUEST APPROVAL OF A FLOODPLAIN ALTERATION (FPAL) TO ANALYZE THE     MAJOR FLOODPLAIN LIMITS DUE TO THE PROPOSED DEVELOPMENT OF THE DATA   CENTER BUILDINGS, IN PLANNED DEVELOPMENT-INDUSTRIAL PARK (PDIP) ZONINGDISTRICT.                                                             ACOLE"
"ZRTD-2017-0016      ","Zoning Map Amendment - ZCASE","Approved","","12/15/2017","","","Plan","21673 BEAUMEADE CIR ASHBURN VA 20147","060189720000","21673 BEAUMEADE CIRCLE, LLC : A ZRTD to convert from PDIP under the 1993 ZO to PDIP under the       Revised 1993 ZO.  A Special Exception to allow a FAR increase up to a 1.0 for data center use."
"SPAM-2019-0045      ","Engineering Plan Revision","Approved","","05/29/2019","","","Plan","44274 ROUND TABLE PLZ ASHBURN VA 20147","062462761000","DIGITAL LOUDOUN III : REQUEST APPROVAL OF A SITE PLAN AMENDMENT (SPAM) FOR THE CONSTRUCTION OF FIVE (5) DATA CENTER BUILDINGS, ASSOCIATED SURFACE PARKING LOTS,   ROADS, AND UTILITIES, IN THE PLANNED DEVELOPMENT- OFFICE PARK (PDOP)  ZONING DISTRICT.                                                      HV"
"SPAM-2016-0109      ","Engineering Plan Revision","Approved","","10/14/2016","","","Plan","44602 ROUND TABLE PLZ ASHBURN VA 20147","062462761000","DIGITAL LOUDOUN III : REQUEST APPROVAL OF A SITE PLAN AMENDMENT (SPAM) FOR THE CONSTRUCTION OF FIVE (5) DATA CENTER BUILDINGS, ASSOCIATED SURFACE PARKING LOTS,   ROADS, AND UTILITIES, IN THE PLANNED DEVELOPMENT-OFFICE PARK (PDOP)   ZONING DISTRICT.                                                      KI"
"SPAM-2017-0041      ","Engineering Plan Revision","Approved","","05/30/2017","","","Plan","44602 ROUND TABLE PLZ ASHBURN VA 20147","062462761000","DIGITAL LOUDOUN III : REQUEST APPROVAL OF A SITE PLAN AMENDMENT (SPAM) FOR THE CONSTRUCTION OF FIVE (5) DATA CENTER BUILDINGS, ASSOCIATED SURFACE PARKING LOTS,   ROADS, AND UTILITIES, IN THE PLANNED DEVELOPMENT-OFFICE PARK (PDOP)   ZONING DISTRICT.                                                      HV"
"STMP-2022-0005      ","Engineering Plan","Approved","","04/12/2022","","","Plan","STERLING VA 20166","044288975000","BUILDING VA15 : REQUEST APPROVAL OF A MODIFIED PROCESS SITE PLAN (STMP) FOR  THE      CONSTRUCITON OF DATA CENTER BUILDING WITH ASSOCIATED SURFACE PARKING, DRIVE AISLE, AND UTILITY INFRASTRUCTURE, IN THE (PDOP) PLANNED        DEVELOPMENT-OFFICE PARK ZONING DISTRICT.                              SDM"
"PBOND-2024-0021","Performance Bond","Active Bond","","02/07/2023","","","Plan","45200 VANTAGE DATA PLZ STERLING VA 20166","044288975000","BUILDING VA15 : REQUEST APPROVAL OF A MODIFIED PROCESS SITE PLAN (STMP) FOR  THE      CONSTRUCITON OF DATA CENTER BUILDING WITH ASSOCIATED SURFACE PARKING, DRIVE AISLE, AND UTILITY INFRASTRUCTURE, IN THE (PDOP) PLANNED        DEVELOPMENT-OFFICE PARK ZONING DISTRICT.                              SDM"
"GBOND-2022-0258","Grading - Grading Bond","Active Bond","","01/21/2022","","","Plan","22200 LOUDOUN COUNTY PKWY ASHBURN VA 20147","062256361000",""
"GBOND-2021-0261","Grading - Grading Bond","Active Bond","","07/24/2021","","","Plan","44631 WAXPOOL RD ASHBURN VA 20147","061285496000",""
"ZCOR-2025-0034","Zoning Correspondence - Determinations & Verifications (ZCOR)","Completed","","02/12/2025","","","Plan","22445  RANDOLPH DR  STERLING VA 20166","063404119000","Zoning Determination requesting confirmation that (i) data centers are permitted in the GI district pursuant to Section 3.02.05 of the 2023 Zoning Ordinance; (ii) ZMAP-1986-0019, specifically Proffer #1, does not prohibit the development of data centers on the Property; and (iii) no legislative approvals are necessary in order to develop the Property with data center uses in accordance with the GI zoning district under the 2023 Zoning Ordinance.

2/24/2025
By way of background, the Subject Property is currently zoned GI (General Industry),
administered under the Loudoun County Zoning Ordinance (Zoning Ordinance), adopted December 13, 2023. The Subject Property is within the Airport Impact Overlay District (AIOD) located between the ldn 60-65 aircraft noise contours, subject to Section 5.02 of the Zoning Ordinance. Additionally, the Subject Property is within the Route 28 Tax District. 
The Subject Property is subject to the Proffer Statement and Concept Development Plan (CDP) associated with Zoning Map Amendment (ZMAP)-1986-0019, Evans-Cockerille, approved on September 21, 1987. Further a Site Plan (STPL)-1998-0093, was approved on February 10, 1999, for a Storage Facility with accessory Office use.

(i) Data Centers are permitted in the GI zoning district pursuant to Section 3.02.05 of the 2023 Zoning Ordinance.
Pursuant to Chapter 3, Section 3.02, Table 3.02.05-01 of the Zoning Ordinance, data center is a permitted use in the GI zoning district, subject to the Use-Specific Standards of Chapter 4, Section 4.06.02. 
(ii) ZMAP-1986-0019, specifically Proffer #1, does not prohibit the development of data center uses on the property.
Proffer # I.1., approved with ZMAP-1986-0019 states, in part, the applicant will develop the property in accord with the regulations of the PD-GI district, except that commercial office uses will be limited to flex/industrial offices and will conform to the following criteria. Proffer # I. 1., restricts primary office uses, certain types of office use (corporate headquarters (not associated with permitted uses), law offices, architectural offices, insurance offices, medical offices and health maintenance organizations) and some additional uses (dry cleaning plant, commercial repair garage, frozen food locker, radio & television broadcasting, relay station) otherwise permitted in the GI zoning district. 
However, Proffer # I.1, does not prohibit data center use. A data center use is categorized as an industrial/production use in the Zoning Ordinance. 
Pursuant to Chapter 12, Definitions, Data Center is defined as:
An establishment engaging in the storage, management, processing, and/or 
transmission of digital data, and housing computer and/or network equipment, 
systems, servers, appliances and other associated components related to digital data operations.
(iii) no legislative approvals are necessary in order to develop the property with data center uses in accordance with the GI zoning district under the 2023 Loudoun County Zoning Ordinance.
Pursuant to Chapter 3, Section 3.02, Table 3.02.05-01 of the Zoning Ordinance data center is a permitted use in the GI zoning district, subject to the Use-Specific Standards of Section 4.06.02. Further, as discussed above, Proffer I.1. does not specify the prohibition of data center uses. Therefore, at the time of this letter, no legislative approvals are necessary to develop data center uses on the Subject Property. However, please be advised that Loudoun County is currently considering a Zoning Ordinance Amendment (ZOAM-2024-0001) to amend the Zoning Ordinance to require a special exception for data center uses in the GI, IP (Industrial Park) and MR-HI (Mineral Resource-Heavy Industry) zoning districts. Be advised that action on this item will affect the permissibility of data center uses on the Subject Property. 
Please note data center use is permitted in the GI zoning district subject to the Use Specific Standards of Chapter 4, Section 4.06.02 attached herein (Attachment 1). The applicant must demonstrate conformance to the standards of Section 4.06.02 at the Site Plan approval. You can also access Chapter 4 of the Zoning Ordinance here: Loudoun County, VA Zoning Ordinance. At a minimum, in order to establish the data center use on the Subject Property, a site plan pursuant to Section 10.06 and a zoning permit pursuant to Section 10.04 are required. Please contact the Department of Building and Development at 703-777-0220 (Option # 1) for additional information."
"SPAM-2011-0049      ","Engineering Plan Revision","Approved","","06/17/2011","","","Plan","21551 BEAUMEADE CIR ASHBURN VA 20147","060108050000","BEAUMEADE LOT 31A : REQUEST APPROVAL OF A SITE PLAN AMENDMENT (SPAM) TO PREVIOUSLY APPROV ED STPR-2010-0045 TO REVISE UTILITY CONNECTION POINTS, SITE SIDEWALKS AND ARCHITECHTURAL COORDINATION ISSUES FOR THE PROPOSED DATA CENTER   AND RELATED INFRASTRUCTURE.                                           DAS"
"ZCOR-2019-0205      ","Zoning Correspondence - Determinations & Verifications (ZCOR)","Completed","","09/05/2019","","","Plan","21955 LOUDOUN COUNTY PKWY ASHBURN VA 20147","061177855000","21955 LOUDOUN COUNTY PARKWAY VERIF : Colleen P. Gillis of Cooley is requesting a Verification letter on    21955 Loudoun County Parkway, Ashburn VA, PIN # 061-17-7855 regarding the property zoned PD-OP, data center is a permitted use"
"ZCOR-2018-0164      ","Zoning Correspondence - Determinations & Verifications (ZCOR)","Completed","","08/10/2018","","","Plan","","045486459000","DULLES HIGHPOINT VERIF : Eric Duvall of JCL Consulting LLC is requesting a Verification letter on Dulles Highpoint, PIN # 045-48-6459 regarding applicable zoning    regulations, zoning approvals,  no pending appeals, any violations andconfirm property alloes data center development"
"SPAM-2022-0017      ","Engineering Plan Revision","Approved","","02/25/2022","","","Plan","22125 BRODERICK DR STERLING VA 20166","044370416000","DIGITAL LOUDOUN IV PRENTICE DRIVE : REQUEST APPROVAL OF A SITE PLAN AMENDMENT (SPAM) FOR CONTSTRUCITON OF ONE DATA CENTER BUILDING, GUARD BOOTH BUILDING, AND ASSOCIATED        INFRASTRUCTURE AND UTILITIES IN THE (PDIP) PLANNED                    DEVELOPMENT-INDUSTRIAL PARK ZONING DISTRICT.                          SDM"
"STPL-2019-0012      ","Engineering Plan","Withdrawn","","03/21/2019","","","Plan","24282 QUAIL RIDGE LN ALDIE VA 20105","203356654000","ARCOLA TECH PARK : REQUEST APPROVAL OF A SITE PLAN (STPL) FOR SIX (6) DATA CENTER        BUILDINGS WITH ASSOCIATED ROADS, PARKING, AND UTILITY IMPROVEMENTS, INTHE PLANNED DEVELOPMENT- INDUSTRIAL PARK (PDIP) AND SINGLE FAMILY     RESIDENTIAL-1 (R1) ZONING DISTRICTS.                                  HV"
"STMP-2015-0008      ","Engineering Plan","Approved","","08/18/2015","","","Plan","44862 INTERCONNECTION PL ASHBURN VA 20147","060307119000","COPT PATRIOT POINT, PHASE 1A & 1B : REQUEST APPROVAL OF A SITE PLAN MODIFIED PROCESS (STMP) FOR THE       CONSTRUCTION OF A DATA CENTER, IN CONJUNCTION WITH SBWV-2015-0007 IN  THE PLANNED DEVELOPMENT-INDUSTRIAL PARK (PDIP) ZONING DISTRICT.       KI"
"STMP-2018-0003      ","Engineering Plan","Approved","","02/09/2018","","","Plan","21955 LOUDOUN COUNTY PKWY ASHBURN VA 20147","061285606000","LOUDOUN CENTER LT 1 ASH 2 : REQUEST APPROVAL OF A MODIFIED PROCESS SITE PLAN (STMP) FOR THE       CONSTRUCTION OF A ONE STORY DATA CENTER BUILDING AND ASSOCIATED       INFRASTRUCTURE, IN THE PLANNED DEVELOPMENT- OFFICE PARK (PDOP) ZONING DISTRICT.                                                             HV"
"CMPT-2002-0001      ","Commission Permit - Commission Permit","Approved","","01/04/2002","","","Plan","22810 INTERNATIONAL DR STERLING VA 20166","034468458000","LCN / QWEST COMMUNICATIONS : Request approval of commission permit for installation of             rooftop-mounted microwave parabolic dish by LCN to provide a          telecommunications link from the IRS Data Center in Martinsburg, West Virginia to Qwest Loudoun County Cyber-Center Building."
"STMP-2023-0001      ","Engineering Plan","Approved","","01/05/2023","","","Plan","ASHBURN VA 20147","088381788000","PARCEL J ASHBURN CENTER : REQUEST APPROVAL OF A MODIFIED PROCESS SITE PLAN (STMP) FOR DEMO OF   EXISTING ONE (1) STORY BUILDING AND CONSTRUCTION OF DATA CENTER AND   ASSOCIATED INFRASTRUCTURE, IN THE PLANNED DEVELOPMENT - INDUSTRIAL    PARK (PDIP) ZONING DISTRICT.                                          EK"
"STPR-2007-0032      ","Engineering Plan Revision","Approved","COMMONWEALTH CENTER PROJECT","09/14/2007","","","Plan","44901 RUSSELL BRANCH PKWY ASHBURN VA 20147","040464286000","PETERSON COMMONWEALTH CENTER : REQUEST APPROVAL OF SITE PLAN REVISION TO STPL-2006-0075 FOR          CONSTRUCTION OF 238,000 SQUARE FEET OF GENERAL OFFICE AND 358,540     SQUARE FEET OF DATA CENTER IN THE PLANNED DEVELOPMENT INDUSTRIAL PARK (PDIP) ZONING DISTRICT.                                               CES"
"ZCOR-2024-0316","Zoning Correspondence - Determinations & Verifications (ZCOR)","Withdrawn","","10/03/2024","","","Plan","22275  PACIFIC BLVD  STERLING VA 20166","044267923000","Ben Wales of Curata Partners is requesting a vested rights determination (on behalf of the owner) for 22275 Pacific Blvd, Sterling - PIN: 044-26-7923. If the following is a vested right: the right to develop data center uses."
"SPAM-2022-0072      ","Engineering Plan Revision","Approved","","09/21/2022","","","Plan","22715 RELOCATION DR STERLING VA 20166","045279612000","RELOCATION DRIVE SITE PLAN : REQUEST APPROVAL OF A (SPAM) FOR SITE PLAN REVISION to STMP-2022-0003 (Data Center) INCREASE BUILDING GROSS FLOOR AREA, LIGHTING            REVISION,STORMWATER MANAGEMENT VAULT REVISION, REVISE SECURITY GATE   AND FENCE. R1 ZONING DISTRICT JAB"
"PLAT-2024-0054","Plat - Tier 1 - Easements (ESMT), or Dedication Plats (DEDI)","Approved","","02/05/2024","","","Plan","22070  BRODERICK DR  STERLING VA 20166","044461959000","FAST Track - ESMT - Pacific Corporate Park: Fast track site plan for construction of 3 data center buildings and a distribution substation. Includes new buildings, travelways, parking, stormwater facilities, sanitary lines, water lines, shared use paths/ sidewalks, landscaping and lighting."
"STPL-2022-0032      ","Engineering Plan","Inactive","UNIVERSITY CENTER PROJECT","08/22/2022","","","Plan","","039258839000","LAKEVIEW AT UNIVERSITY CENTER : REQUEST APPROVAL OF A SITE PLAN (STPL) FOR THE CONSTRUCTION OF A DATA CENTER BUILDING AND ASSOCIATED DRIVE AISLES, PARKING AND UTILITY      INFRASTRUCTURE, IN THE PLANNED DEVELOPMENT- RESEARCH AND DEVELOPMENT  PARK (PDRDP) ZONING DISTRICT.                                         AM"
"STMP-2019-0001      ","Engineering Plan","Approved","KINCORA PROJECT","01/14/2019","","","Plan","21350 PACIFIC BLVD STERLING VA 20166","042296582000","KINCORA CYRUSONE LB Q PH 3 : REQUEST APPROVAL OF A MODIFIED PROCESS SITE PLAN (STMP) FOR A         THREE-STORY DATA CENTER FACILITY, ASSOCIATED ROADWAY, PARKING LOT, ANDUTILITY IMPROVEMENTS, IN THE PLANNED DEVELOPMENT- MIXED USE BUSINESS  (PDMUB) ZONING DISTRICT.                                              HV"
"SPAM-2018-0039      ","Engineering Plan Revision","In Review","","04/09/2018","","","Plan","22995 WILDER CT STERLING VA 20166","046368231000","NORTHPOINTE : REQUEST APPROVAL OF A SITE PLAN AMENDMENT (SPAM) TO THE PREVIOUSLY    APPROVED STPL-1990-0017 TO DEMOLISH A PORTION OF THE EXISTING BUILDINGAND CONSTRUCT A NEW DATA CENTER, IN THE PLANNED DEVELOPMENT- GENERAL  INDUSTRIAL (PDGI) ZONING DISTRICT.                                    HV"
"STMP-2021-0015      ","Engineering Plan","In Review","","11/04/2021","","","Plan","44480  HASTINGS DR  ASHBURN VA 20147","061373570000","(Conditional Approval) DIGITAL WAXPOOL ROAD ACC11 : (Reactivation Fee invoiced 1/7/25; subject to current ZO) REQUEST APPROVAL OF A MODIFIED SITE PLAN PROCESS (STMP) FOR A DATA    CENTER, IN THE PLANNED DEVELOPMENT INDUSTRIAL PARK (PDIP) ZONING      DISTRICT.                                                             AM"
"ZCOR-1999-0221      ","Zoning Correspondence - Determinations & Verifications (ZCOR)","Completed","","08/01/1999","","","Plan","44098 MERCURE CIR STERLING VA 20166","091384186000","44098 MERCURE CIR : J. Esther Reiz of BECO Management is requesting a determination on    44098 Mercure Cir, Sterling - PIN: 091-38-4186.                       USES IN THE PD-GI DISTRICT ''Data Center''                            1993 ZO: 1-203, 4-603                                                 LCTM 93((1)), Parcel 3"
"ZCOR-2023-0127      ","Zoning Correspondence - Determinations & Verifications (ZCOR)","Completed","","05/09/2023","","","Plan","21630 RED RUM DR ASHBURN VA 20147","088481748000","21630 RED RUM DRIVE DETER: Ashlee Turner of Global Zoning is requesting a determination letter for 21630 Red Rum Drive - PIN: 088-48-1748 regarding zoning           classification and if the following is a permitted use: data center in PD-IP."
"EPLAN-2023-0116","Engineering Plan","Approved","","11/20/2023","","","Plan","22070  BRODERICK DR  STERLING VA 20166","044461959000","Bluebeam ID 305-463-286, PACIFIC CORPORATE PARK: Fast track site plan for construction of 3 data center buildings and a distribution substation. Includes new buildings, travelways, parking, stormwater facilities, sanitary lines, water lines, shared use paths/ sidewalks, landscaping and lighting."
"STMP-2022-0026      ","Engineering Plan","Approved","","12/22/2022","","","Plan","24359 RACEFIELD LN ALDIE VA 20105","203371445000","PROJECT ALLEGRO SOUTH CAMPUS PHASE 2 : REQUEST APPROVAL OF A MODIFIED PROCESS SITE PLAN (STMP) FOR DATA      CENTER AND SUPPORT FACILITIES TOTALING THREE HUNDRED THIRTY-FIVE      THOUSAND (335,000) SQUARE FEET, IN THE PLANNED DEVELOPMENT INDUSTRIAL PARK (PDIP) ZONING DISTRICT.                                          AN"
"STMP-2018-0010      ","Engineering Plan","Approved","","07/25/2018","","","Plan","","044370416000","Superseded by STMP-2022-0012.        DIGITAL LOUDOUN IV-PRENTICE DRIVE : REQUEST APPROVAL OF A MODIFIED SITE PLAN FOR ONE (1) DATA CENTER      TOTALING THREE HUNDRED FORTY-FIVE THOUSAND (345,000) SQUARE FEET, IN  THE PLANNED                                                           DEVELOPMENT- INDUSTRIAL PARK (PDIP) ZONING DISTRICT.                  KI"
"PSUB-2010-0022      ","Site Plan Premeeting","Completed","KINCORA PROJECT","09/29/2010","","","Plan","45360 SEVERN WAY W STERLING VA 20166","042200913000","PARK 28 LOTS 1 AND 2A : PROPOSING TO CHANGE THE USE OF AN EXISTING BUILDING FROM A DATA CENTER USE TO OFFICE USE AND ADD GENERATOR(S), TRANSFORMER(S), AND COOLING TOWER(S) ALONG THE WEST SIDE OF THE BUILDING."
"ZCOR-2010-0274      ","Zoning Correspondence - Determinations & Verifications (ZCOR)","Completed","","10/28/2010","","","Plan","21250 SMITH SWITCH RD ASHBURN VA 20147","060491647000","COOLEY VERIFICATION SMITH SWITHC LN PDH4 : Ben Wales of Cooley LLP requests a determination of approved uses and approved legislative applications for the parcels identified as       MCIP#s 060485060 & 060491647.                                            Verification   PD-IP  PD-H4  Ashburn Village  Office  Data  Center"
"STMP-2019-0002      ","Engineering Plan","Approved","","02/01/2019","","","Plan","42311 THUNDERBALL DR LEESBURG VA 20175","194102562000","**APPROVAL sent 6/3/19**    TRUE NORTH DATA PH 2B : REQUEST APPROVAL OF A MODIFIED PROCESS SITE PLAN (STMP) FOR THE       CONSTRUCTION OF THREE (3) DATA CENTER BUILDINGS AND ASSOCIATED        UTILITIES, IN THE PLANNED DEVELOPMENT- OFFICE PARK (PDOP) ZONING      DISTRICT.                                                             HV"
"SPAM-2019-0030      ","Engineering Plan Revision","Approved","","04/05/2019","","","Plan","44200 WAXPOOL RD ASHBURN VA 20147","088305331000","CENTURION AT QUANTUM PARK : REQUEST APPROVAL OF A SITE PLAN AMENDMENT (SPAM) FOR TWO (2) DATA     CENTER BUILDINGS, MECHANICAL YARDS, ASSOCIATED PARKING AND            INFRASTRUCTURE, IN THE PLANNED DEVELOPMENT- OFFICE PARK (PDOP) AND    PLANNED DEVELOPMENT- INDUSTRIAL PARK (PDIP) ZONING DISTRICTS.         HV"
"SIDP-2020-0008      ","Zoning Modification - ZCASE","Approved","","07/27/2020","","","Plan","22175 BEAUMEADE CIR ASHBURN VA 20147","061298643000","EQUINIX SIGN PLAN : A Sign Development Plan (SIDP) to increase the number of allowed signsand to increase the allowable sign area for data center signage in thePD-IP Zoning District pursuant to Section 5-1204, Table               5-1204(D)(4)(g)."
"PBOND-2023-0097","Performance Bond","Active Bond","","12/27/2023","","","Plan","45761 MARIES RD STERLING VA 20166","030286764000","MARIES ROAD: REQUEST APPROVAL OF A MODIFIED PROCESS SITE PLAN (STMP) FOR THE       CONSTRUCTION OF ONE, TWO-STORY 212,960 SQUARE FOOT DATA CENTER AND    ASSOCIATED SITE, GRADING, AND UTILITY IMPROVEMENTS, IN THE PLANNED    DEVELOPMENT-INDUSTRIAL PARK (PDIP) ZONING DISTRICT.                   ACOLE"
"PLAT-2025-0059","Plat - Tier 1 - Easements (ESMT), or Dedication Plats (DEDI)","In Review","","03/04/2025","","","Plan","19265  COMPASS CREEK PKWY SE LEESBURG VA 20175","234383714000","DATA CENTERS @ COMPASS CREEK SPAM: Site Plan Amendment to existing EPLAN-2024-0114"
"PRAP-2022-0066      ","Legislative Land Development Premeeting","Completed","","08/30/2022","","","Plan","22130 LOUDOUN COUNTY PKWY ASHBURN VA 20147","089309997000","LOUDOUN PARKWAY ZCPA : Request for a Zoning Concept Plan Amendment and Special Exceptions to increase Lot Coverage and FAR to support Data Center use. Request for a Zoning Concept Plan Amendment and Commission Permit to amend        proffers and permit Utility Substation, Distribution."
"PRAP-2017-0039      ","Legislative Land Development Premeeting","Completed","","04/20/2017","","","Plan","21445 BEAUMEADE CIR ASHBURN VA 20147","042152579000","DC CAPITAL DATA CENTERS : ZRTD to convert the property from the 1993 Zoning to the Revised 1993 Zoning Ordinance, remaining in PD-IP zoning district; SPEX to increasethe allowable density for the dev of a data center up to a 0.7 FAR."
"STMP-2022-0012      ","Engineering Plan","Approved","","07/27/2022","","","Plan","44820 PRENTICE DR STERLING VA 20166","044370416000","DIGITAL LOUDOUN IV-BUILDING S : REQUEST APPROVAL OF A MODIFIED PROCESS SITE PLAN (STMP) FOR           CONSTRUCTION OF ONE DATA CENTER BUILDING, GUARD BOOTH BUILDING AND    ENTRY PLAZA AREA, AND ASSOCIATED INFRASTRUCTURE AND UTILITIES, IN THE PLANNED DEVELOPMENT-INDUSTRIAL PARK (PDIP) ZONING DISTRICT.           AM"
"STPL-2001-0062      ","Engineering Plan","Void","COMMONWEALTH CENTER PROJECT","05/25/2001","","","Plan","","041298238000","A S RAY PROPERTY PH 1 BLDG 1 : Request for approval of final site plan to construct a data center office building, BMP facility, public utilities and loading/parking facilities as well as land clearing and excavation for future phases of dev"
"STMP-2018-0001      ","Engineering Plan","Approved","","01/05/2018","","","Plan","45200 VANTAGE DATA PLZ STERLING VA 20166","044285198000","ASHBURN NEXUS : REQUEST APPROVAL OF A SITE PLAN MODIFIED PROCESS (STMP) FOR THE       CONSTRUCTION OF A ONE HUNDRED SIXTY FIVE THOUSAND SQUARE FOOT OF DATA CENTER, OFFICE FLOOR AREA, INCLUDING INFRASTRUCTURE, UTILITIES IN A   PLANNED DEVELOPMENT OFFICE PARK (PDOP) ZONING DISTRICT.               SMK"
"SPAM-2019-0003      ","Engineering Plan Revision","Approved","","01/04/2019","","","Plan","21955 LOUDOUN COUNTY PKWY ASHBURN VA 20147","061177855000","LOUDOUN CENTER RHINO PH 1 : REQUEST APPROVAL OF A SITE PLAN AMENDMENT (SPAM) TO THE PREVIOUSLY    APPROVED STPL-2017-0013 FOR THE CONSTRUCTION OF A TWO-STORY DATA      CENTER BUILDING AND ASSOCIATED INFRASTRUCTURE, IN THE PLANNED         DEVELOPMENT- OFFICE PARK (PDOP) ZONING DISTRICT.                      HV"
"STMP-2019-0012      ","Engineering Plan","Approved","","12/06/2019","","","Plan","43290 OLD OX RD STERLING VA 20166","124369522000","STERLING 9 PH 1B : REQUEST APPROVAL OF A MODIFIED PROCESS SITE PLAN (STMP) FOR A DATA    CENTER FACILITY TO INCLUDE DATA HALLS, OFFICE SPACE, AND ASSOCIATED   ROADYWAY, PARKING LOT, AND UTILITY IMPROVEMENTS, IN THE PLANNED       DEVELOPMENT- GENERAL INDUSTRIAL (PDGI) ZONING DISTRICT.               HV"
"SPAM-2016-0057      ","Engineering Plan Revision","Approved","","05/23/2016","","","Plan","21111 RIDGETOP CIR STERLING VA 20166","030392674000","CYRUSONE LOUDOUN TECH CENTER - PH 4 : REQUEST APPROVAL OF A SITE PLAN AMENDMENT (SPAM) TO PREVIOUSLY        APPROVED  SPAM-2015-0061,  TO ADD ADDITIONAL DATA CENTER SPACE WITH   GERERATORS, PARKING LOT AND SUPPORTING INFRASTRUCTURE TO A PLANNED    DEVELOPMENT GENERAL INDUSTRIAL (PDGI) ZONING DISTRICT.                SMK"
"STMP-2019-0009      ","Engineering Plan","Approved","","07/25/2019","","","Plan","45761 MARIES RD STERLING VA 20166","030382006000","DULLES NORTH INDUSTRIAL PARK-LOT4 : REQUEST APPROVAL OF A MODIFIED PROCESS SITE PLAN (STMP) FOR THE       CONSTRUCTION OF ONE, TWO-STORY 212,960 SQUARE FOOT DATA CENTER AND    ASSOCIATED SITE, GRADING, AND UTILITY IMPROVEMENTS, IN THE PLANNED    DEVELOPMENT-INDUSTRIAL PARK (PDIP) ZONING DISTRICT.                   ACOLE"
"PLAT-2025-0081","Plat - Tier 1 - Easements (ESMT), or Dedication Plats (DEDI)","Approved","","04/08/2025","","","Plan","45761 MARIES RD STERLING VA 20166","030382006000","DULLES NORTH INDUSTRIAL PARK-LOT4 : REQUEST APPROVAL OF A MODIFIED PROCESS SITE PLAN (STMP) FOR THE       CONSTRUCTION OF ONE, TWO-STORY 212,960 SQUARE FOOT DATA CENTER AND    ASSOCIATED SITE, GRADING, AND UTILITY IMPROVEMENTS, IN THE PLANNED    DEVELOPMENT-INDUSTRIAL PARK (PDIP) ZONING DISTRICT.                   ACOLE"
"PCOR-2025-0023","Planning Correspondence - Administrative","Approved","","04/25/2025","","","Plan","21745  BEAUMEADE CIR  ASHBURN VA 20147","060189720000","Application to request Local Governing Body Certification (LGBC) form approval for Cologix data center in Ashburn, VA. The facility location is 21745 Beaumeade Cir Ashburn, VA 20147. Business entity name is 21673 Beaumeade Circle, LLC.  Site plan approval no. is EPLAN-2023-0045."
"EPLAN-2024-0139","Engineering Plan Revision","Approved","","09/20/2024","","","Plan","20471  GOOSE LANDING LN  LEESBURG VA 20175","194498227000","PROJECT ASPEN SPAM: This is a revision to EPLAN-2023-0128 to adjust the Mechanical Yard (MYD) per new specifications provided by the Owner. The revision does not change the Data Center, Electrical Yard or any of the outer loop road. (SPAM)"
"PBOND-2023-0093","Performance Bond","Active Bond","","11/30/2023","","","Plan","45761 MARIES RD STERLING VA 20166","030382006000","DULLES NORTH INDUSTRIAL PARK-LOT4 : REQUEST APPROVAL OF A MODIFIED PROCESS SITE PLAN (STMP) FOR THE       CONSTRUCTION OF ONE, TWO-STORY 212,960 SQUARE FOOT DATA CENTER AND    ASSOCIATED SITE, GRADING, AND UTILITY IMPROVEMENTS, IN THE PLANNED    DEVELOPMENT-INDUSTRIAL PARK (PDIP) ZONING DISTRICT.                   ACOLE"
"GBOND-2016-0186","Grading - Grading Bond","Completed","","03/01/2016","","","Plan","21745 SIR TIMOTHY DR ASHBURN VA 20147","061362081000",""
"PMTG-2024-0006","Legislative Land Development Premeeting","Completed","","01/12/2024","","","Plan","21301  BEAUMEADE CIR  ASHBURN VA 20147","061307725000","EQUINIX ZONING CONVERSION: A Legislative Land Development Premeeting regarding a Zoning Conversion in the Route 28 Tax District from the 1972 Zoning Ordinance to the Industrial Park (IP) Zoning District in the current Zoning Ordinance, for a developed Data Center site at 21301 Beaumeade Cir."
"SPEX-2021-0045      ","Special Exception","Void","","10/15/2021","","","Plan","","","FIREFOX DULLES : A Zoning Map Amendment to rezone the parcel to the Planned            Development-Industrial Park zoning district to allow the development  of data center uses the Property up to an FAR of 0.6, and a Special   Exception (SPEX) to increase the FAR to 1.0"
"SPAM-2000-0079      ","Engineering Plan Revision","Void","","06/26/2000","","","Plan","21571 BEAUMEADE CIR ASHBURN VA 20147","060202337000","CABOT TECH @ BEAUMEADE S 1 PH 1 LOT 29A : SPAM to the approved final STPL 1999-0046 to convert building A form office/storage use to data center use & building B from office/storage use to office use in accordance w/approved SPEX 1999-0026."
"ZCOR-2021-0317      ","Zoning Correspondence - Determinations & Verifications (ZCOR)","Completed","","10/18/2021","","","Plan","23751 OVERLAND DR STERLING VA 20166","161207483000","23751 OVERLAND DRIVE DETER: Please reference ZCOR-2021-0253 request #2 regarding whether data center is a permitted use on the PD-GI portion of the parcel with     access across the PD-IP portion of the Parcel. 23751 Overland Drive, Sterling - PIN: 161-20-7483"
"SPAM-2018-0058      ","Engineering Plan Revision","Approved","","06/13/2018","","","Plan","44725 GIGABIT PLZ ASHBURN VA 20147","088407447000","RAGINGWIRE VA3 GREENFIELDS : REQUEST APPROVAL OF A SITE PLAN AMENDMENT (SPAM) TO PREVIOUSLY        APPROVED STMP-2014-0006 FOR A TWO HUNDRED EIGHTYY-THREE THOUSAND ONE  HUNDRED SIXTY-ONE (283,161) SQUARE-FOOT DATA CENTER/OFFICE BUILDING,  IN THE PLANNED DEVELOPMENT-INDUSTRIAL PARK (PDIP) ZONING DISTRICT.    KI"
"SPAM-2018-0078      ","Engineering Plan Revision","Approved","","08/10/2018","","","Plan","44274 ROUND TABLE PLZ ASHBURN VA 20147","062462761000","DIGITAL LOUDOUN III : REQUEST APPROVAL OF A SITE PLAN AMENDMENT (SPAM) TO THE PREVIOUSLY    APPROVED SPAM-2017-0041 FOR THE CONSTRUCTION OF FIVE (5) DATA CENTER  BUILDINGS, ASSOCIATED SURFACE PARKING LOTS, ROADS, AND UTILITIES, IN  THE PLANNED DEVELOPMENT- OFFICE PARK (PDOP) ZONING DISTRICT.          HV"
"SPAM-2017-0012      ","Engineering Plan Revision","Approved","","01/30/2017","","","Plan","44862 INTERCONNECTION PL ASHBURN VA 20147","060307119000","PATRIOT POINT DC-15 : REQUEST APPROVAL OF A SITE PLAN AMENDMENT (SPAM) TO THE PREVIOUSLY    APPROVED STMP-2015-0010 TO REQUEST APPROVAL OF A FAST TRACK SITE PLAN REVISION FOR DATA CENTER EQUIPMENT PAD REVISION, IN THE PLANNED       DEVELOPMENT- INDUSTRIAL PARK (PDIP) ZONING DISTRICT.                  HV"
"ZCOR-2016-0042      ","Zoning Correspondence - Determinations & Verifications (ZCOR)","Completed","","03/28/2016","","","Plan","","045279612000","PIN # 045279612000 VERIFICATION LETTER : Robert T. Williams is requesting a Verification letter for parcel PIN #                                                                     045279612000 located in Ashburn including whether                     the proposed use, a data center is an allowable use on this           property if it is rezoned to PD-IP or PD-GI."
"STMP-2021-0013      ","Engineering Plan","Approved","","09/24/2021","","","Plan","24359 RACEFIELD LN ALDIE VA 20105","203370424000","PROJECT ALLEGRO SOUTH CAMPUS PH 1 : REQUEST APPROVAL OF A MODIFIED PROCESS SITE PLAN (STMP) FOR PHASE 1 OFTHE SOUTH CAMPUS OF A DATA CENTER COMPLEX WITH ASSOCIATED SUPPORT     FACILITIES, IN THE (PDIP/R1) PLANNED DEVELOPMENT-INDUSTRIAL           PARK/SINGLE FAMILY RESIDENTIAL-1 ZONING DISTRICTS.                    SDM"
"STMP-2010-0001      ","Engineering Plan","Approved","","07/23/2010","","","Plan","21625 GRESHAM DR ASHBURN VA 20147","061467942000","ASHBURN CORPORATE CENTER PHASE IV : REQUEST APPROVAL OF A SITE PLAN FOR A THREE HUNDRED THIRTEEN THOUSAND THREE HUNDRED SEVENTY FOUR (313,374) SQUARE FOOT BUILDING AND PARKING FOR A DATA CENTER.                                                    DAS                                                                   ""ESI REVIEW.  COUNTY AWAITING ESI MINIMUM SUBMISSION VERIFICATION     PRIOR TO ACCEPTANCE AND REVIEW."""
"ZCOR-2026-0048","Zoning Correspondence - Determinations & Verifications (ZCOR)","In Review","","03/05/2026","","","Plan","110 TERMINAL DR STERLING VA 20166","034482590000","Curtis Mason of Gordon is requesting an administrative buffer and Waiver to allow the placement of the required Type C Buffer closer to the proposed data center rather than along two of the three perimeter property lines adjacent to the existing stormwater management (SWM) pond."
"STMP-2018-0020      ","Engineering Plan","Approved","","01/04/2019","","","Plan","","124369522000","CYRUSONE STERLING 9 DATA CTR PH 1A : REQUEST APPROVAL OF A MODIFIED PROCESS SITE PLAN (STMP) FOR A DATA    CENTER FACILITY, INCLUDING DATA HALLS, OFFICE SPACE, AND ASSOCIATE    ROADWAY, PARKING LOT AND UTILITY IMPROVEMENTS, IN THE PLANNED         DEVELOPMENT-GENERAL INDUSTRIAL (PDGI) ZONING DISTRICT.                KI"
"LEGI-2023-0097","Legislative Land Development Application","In Review","","11/09/2023","","","Plan","","061159847000","QUANTUM PARK: 
ZCPA-2023-0008: A Zoning Concept Plan Amendment to expand the permitted building envelope for the development of office and data center uses consistent with the PD-OP zoning district, proffers approved with ZMAP-1998-0003, and the revised 1993 Zoning Ordinance."
"STMP-2018-0019      ","Engineering Plan","Approved","","12/14/2018","","","Plan","22350 KIPPER DR STERLING VA 20166","044193385000","DULLES HIGHPOINT PH 1 : REQUEST APPROVAL OF A MODIFIED PROCESS SITE PLAN (STMP) FOR THE       CONSTRUCTION OF ONE (1) DATA CENTER, ONE (1) FLEX WAREHOUSE, AND      ASSOCIATED INFRASTRUCTURE, IN THE PLANNED DEVELOPMENT- INDUSTRIAL PARK(PDIP) AND PLANNED DEVELOPMENT- RESEARCH AND DEVELOMPENT PARK (PDRDP) ZONING DISTRICTS.                                                     HV"
"SPAM-2006-0132      ","Engineering Plan Revision","Approved","","11/07/2006","","","Plan","21701 FILIGREE CT ASHBURN VA 20147","061483407000","TRIZECHAHN AT BEAUMEADE PH 1 S 1 L 5A1 : REQUEST APPROVAL OF A SITE PLAN AMENDMENT TO PREVIOUSLY APPROVED STPR 2006-0023 TO SHOW ON THE PLANS THE 9-FOOT TRAIL, PARKING LOT          TABULATIONS AND BOND INFORMATION; CHANGE THE USE FROM                 OFFICE/WAREHOUSE TO DATA CENTER.                                      er"
"LEGI-2023-0010","Legislative Land Development Application","Withdrawn","","04/20/2020","","","Plan","","035457494000","DULLES 2000 REDEVELOPMENT

STATUS: WITHDRAWN PURSUANT TO SECTION 10.01.I OF THE LOUDOUN COUNTY ZONING ORDINANCE.

ZCPA-2020-0002:  A Zoning Concept Plan to amend the Proffers and Development Plans associated with ZMAP-1987-0031 for data center development under the 1972 Loudoun County Zoning  Ordinance."
"ZCOR-2018-0182      ","Zoning Correspondence - Determinations & Verifications (ZCOR)","Completed","","08/27/2018","","","Plan","","124369522000","PIN#124369522 VERIF : Patrick Quante of Bowman Consulting is requesting a Verification      letter on PIN # 124-36-9522 regarding the allowable use of a Data     Center, is the property a subject to proffered rezoning, is property  subject to approved CPAP-2018-0002 and no pending violations."
"STMP-2020-0015      ","Engineering Plan","Approved","","10/27/2020","","","Plan","42350 RED TRIANGLE LN LEESBURG VA 20175","194498227000","Plans superceeded by EPLAN-2023-0128. Application withdrawn at the request of the Applicant.

PROJECT ASPEN : REQUEST APPROVAL OF A MODIFIED PROCESS SITE PLAN (STMP) FOR THE PHASE 3 EXTENSION OF THE EXISTING PROJECT KALE DATA CENTER, IN THE PLANNED  DEVELOPMENT-GENERAL INDUSTRIAL (PDGI) ZONING DISTRICT.                AM"
"STMP-2022-0007      ","Engineering Plan","Approved","","06/09/2022","","","Plan","","045399350000","PROJECT GOLD STERLING : REQUEST APPROVAL OF A MODIFIED PROCESS SITE PLAN (STMP) FOR THE       CONSTRUCTION OF PROPOSED 181,419 SF DATA CENTER BUILDING, 1,696 SF    VISITORS CENTER BUILDING INCLUDING ALL RELATED INFRASTRUCTURE,        PARKING, DRIVE AISLES, UTILITIES, ETC., IN THE PLANNED                DEVELOPMENT-INDUSTRIAL PARK (PDIP) ZONING DISTRICT.                   AM"
"SPAM-2022-0043      ","Engineering Plan Revision","Approved","","05/27/2022","","","Plan","ASHBURN VA 20147","061483407000","EQUINIX AT BEAUMEADE TECH CENTER : REQUEST APPROVAL OF A SITE PLAN AMENDMENT (SPAM) TO PROPOSE CONCRETE  PADES ON NORTH SIDE OF EXCISTING BUILDING (DC-2) TO INSTALL GENERATORSAND AIR CONDENSING UNITS FOR THE EXISTING DATA CENTER USE, IN THE     PLANNED DEVELOPMENT- INDUSTRIAL PARK (PDIP) ZONING DISTRICT.          AM"
"PMTG-2024-0062","Legislative Land Development Premeeting","Completed","","03/21/2024","","","Plan","45110  LOUDOUN DOWNS LN  STERLING VA 20166","045282657000","DULLES DOWNS DATA CENTERS: A Zoning Conversion in the Route 28 Tax District from the 1972 Zoning Ordinance to Industrial Park (IP) in the current Zoning Ordinance, and a Special Exception to increase floor area ratio for data center uses to 1.0, at 45110 Loudoun Downs Ln"
"CPAM-2024-0001","Comprehensive Plan Amendment - Comprehensive Plan Amendment","Approved","","01/31/2024","","","Plan","","","Comprehensive Plan Amendment Data Centers Standards and Locations Phase 1"
"BLAD-2010-0035      ","Plat - Tier 1 - Easements (ESMT), or Dedication Plats (DEDI)","Approved","LOUDOUN STATION PROJECT","06/11/2010","","","Plan","43790 DEVIN SHAFRON DR ASHBURN VA 20147","089371858000","LOUDOUN EXCHANGE PCLS 4E AND 4F : REQUEST A BOUNDARY LINE ADJUSTMENT TO CONSOLIDATE TWO (2) PD-IP       (PLANNED DEVELOPMENT INDUSTRIAL PARK) LOTS.                           DAS"
"SPAM-2011-0003      ","Engineering Plan Revision","Approved","LOUDOUN STATION PROJECT","01/04/2011","","","Plan","43790 DEVIN SHAFRON DR ASHBURN VA 20147","089371858000","LOUDOUN EXCHANGE PARCELS 1, 2, 4E, & 4F : REQUEST APPROVAL OF A SITE PLAN AMENDMENT TO REVISE APPROVED SITE     PLAN REVISION (STPR-2010-0025) THE CURB LINES AND ASSOCIATED STORM    DRAINAGE.                                                             VB"
"STPR-2010-0025      ","Engineering Plan Revision","Approved","LOUDOUN STATION PROJECT","06/11/2010","","","Plan","43790 DEVIN SHAFRON DR ASHBURN VA 20147","089371858000","LOUDOUN EXCHANGE PCLS 1 2 4E 4F : REQUEST APPROVAL OF A SITE PLAN REVISION TO PREVIOUSLY APPROVED STPL  2001-0016 AND STPR-2009-0057 TO REVISE THE LAYOUT OF BUILDINGS E AND  F.                                                                    DAS"
"STPR-2009-0057      ","Engineering Plan Revision","Approved","","07/29/2009","","","Plan","22150 SHELLHORN RD ASHBURN VA 20147","089390840000","LOUDOUN EXCHANGE PARCELS 1, 2, 4E & 4F : REQUEST APPROVAL OF A SITE PLAN REVISION TO PREVIOUSLY APPROVED STPL-2001-0016 TO REVISE THE LAYOUT OF BUILDING ""A"" TO INCLUDE NEW EQUIPMENT YARD LAYOUTS, UTILITY DESIGN & BUILDING FOOTPRINT.


CT"
"DEDI-2011-0007      ","Plat - Tier 1 - Easements (ESMT), or Dedication Plats (DEDI)","Approved","LOUDOUN STATION PROJECT","03/25/2011","","","Plan","43790 DEVIN SHAFRON DR ASHBURN VA 20147","089371858000","LOUDOUN EXCHANGE PARCEL 4E1 : REQUEST APPROVAL OF A DEDICATION PLAT SHOWING STREET DEDICATION AND VARIOUS EASEMENTS


RP"
"SPAM-2001-0021      ","Engineering Plan Revision","Approved","","02/01/2001","","","Plan","1510 MORAN RD STERLING VA 20166","045458114000","FOUR CORNERS IND PARK LOT 3 : Request for approval of amendment to SPFI 1982-0016 to show change in use from precision machine parts manufacturing to commercial garage."
"LEGI-2024-0037","Legislative Land Development Application","In Review","","07/30/2024","","","Plan","42381  COCHRAN MILL RD  LEESBURG VA 20175","151400958000","COCHRAN TECH: 
A Zoning Map Amendment to rezone an approximately 17.52-acre property from the Joint Land Management Area - 3 (JLMA-3) Zoning District to the Industrial Park (IP) Zoning District to allow IP uses.

A Special Exception to remove the non-conforming status of a residential driveway on property zoned IP.

A Special Exception to allow data center use in the IP Zoning District.

A Minor Special Exception to establish an Energy Storage, Utility Scale use in the IP Zoning District.

A Special Exception to permit data center in moderately steep slope areas.

A Special Exception to permit an Energy Storage, Utility Scale use in moderately steep slope areas."
"PRAP-2018-0031      ","Legislative Land Development Premeeting","Completed","","03/07/2018","","","Plan","42350 RED TRIANGLE LN LEESBURG VA 20175","194498227000","LUCK STONE CORPORATION 2 : Request to rezone approximately 58 acres of Luck Stone property from  MR-HI to PD-GI and to rezone approximately 58 acres of Hayden         Technologies property from PD-IP to PD-GI for data center use, with anaccompanying SPEX to increase FAR to .6."
"ZCOR-2011-0020      ","Zoning Correspondence - Determinations & Verifications (ZCOR)","Completed","","01/26/2011","","","Plan","21550 BEAUMEADE CIR ASHBURN VA 20147","060198443000","LINCOLN OFFICE IN PD-IP 1972 Z.O. : Chris Dyson of Lincoln Property Company requests a determination as   to the permissibility of 100% office on the parcel identified as      MCPI# 060198443, which is zoned PD-IP under the 1972 Loudoun County   Zoning Ordinance.                                                     PD-IP   Office   1972  Data Center"
"SPAM-2017-0011      ","Engineering Plan Revision","Approved","","01/30/2017","","","Plan","STERLING VA 20166","045159083000","POD 1 COMMERCIAL ALTERATION : REQUEST APPROVAL OF A SITE PLAN AMENDMENT (SPAM) TO PREVIOUSLY        APPROVED SPAM-2012-0104 FOR THE ALTERATION OF THE EXISTING WAREHOUSE  SPACE OF APPROXIMATELY ELEVEN THOUSAND TWO HUNDRED (11,200) SQUARE    FEET INTO DATA CENTER SPACES, IN THE PLANNED DEVELOPMENT-GENERAL      INDUSTRIAL (PDGI) ZONING DISTRICT.                                    KI"
"STMP-2019-0014      ","Engineering Plan","Approved","","12/23/2019","","","Plan","22900 PLATFORM PLZ STERLING VA 20166","034385918000","WATERSIDE SITE PLAN LANDBAY B : REQUEST APPROVAL FOR A SITE PLAN (STPL) FOR THE CONSTRUCTION OF ONE   (1)                                                                   15,000 S.F. SINGLE-STORY DATA CENTER AND ASSOCIATED GRADING, AND      UTILITY IMPROVEMENTS, IN THE PLANNED DEVELOPMENT INDUSTRIAL PARK      (PDIP) AND PLANNED DEVELOPMENT- COMMERCIAL CENTER (SMALL REGIONAL     CENTER) (PDCCSC) ZONING DISTRICTS.                                    AM"
"FPAL-2020-0006      ","Floodplain Alteration Type 2","Approved","","02/13/2020","","","Plan","44725 GIGABIT PLZ ASHBURN VA 20147","088407447000","RAGINGWIRE VA3 GREENFIELDS : REQUEST APPROVAL OF A FLOODPLAIN ALTERATION (FPAL) FOR TRIBUTARY OF   BEAVERDAM RUN FROM UPSTREAM OF FARMWELL ROAD TO 750 FEET DOWNSTREAM OFASHBURN VILLAGE BOULEVARD FOR PLACEMENT OF FILL ASSOCIATED WITH       CONSTRUCTION OF DATA CENTER CAMPUS, IN THE PLANNED DEVELOPMENT-       INDUSTRIAL PARK (PDIP) ZONING DISTRICT.                               HV"
"ZMAP-2019-0017      ","Zoning Map Amendment - ZCASE","Approved","","09/23/2019","","","Plan","25020 WILLARD RD CHANTILLY VA 20152","096183161000","H&M PROPERTY : A Zoning Map Amendment to rezone approximately 100.18 acres from MR-HIunder the Revised 1993 Loudoun County Zoning District to PD-GI Zoning District under the Revised 1993 Loudoun County Zoning Ordinance to    allow the development of Data Center uses pursuant to Section         4-603(QQ)."
"ZMAP-2021-0018      ","Zoning Map Amendment - ZCASE","Approved","","10/15/2021","","","Plan","44150 WADE DR CHANTILLY VA 20152","097409598000","FIREFOX DULLES : A Zoning Map Amendment ( ZMAP ) to rezone the parcel to the Planned   Development-Industrial Park ( PD-IP ) zoning district to allow the    development of data center                                            uses the Property up to an FAR of 0.6, and a Special Exception (SPEX) to increase the FAR to                                                1.0"
"ZMAP-2020-0015      ","Zoning Map Amendment - ZCASE","Approved","","11/25/2020","","","Plan","45130 WAXPOOL RD STERLING VA 20166","043172630000","DULLES 28 TECHNOLOGY PARK : 39.819 A Zoning Map Amendment to rezone approximately 39.819 acres    from PD-CH                                                            under the 1972 Zoning Ordinance and PD-CC-RC under the Revised 1993   Loudoun County Zoning Ordinance to PD-IP to allow the development of  data center and other PD-IP uses."
"SPEX-2024-0070","Special Exception","Withdrawn","","09/27/2024","","","Plan","22714  GLENN DR  STERLING VA 20164","033274247000","TRANSDULLES CENTER: A Zoning Conversion in the Route 28 Tax District to convert the subject parcels to the Industrial Park (IP) Zoning District to allow all permitted IP uses, including data centers, and a Special Exception to allow data center development up to a 1.0 floor area ratio (FAR)."
"SPEX-2024-0071","Special Exception","Withdrawn","","09/27/2024","","","Plan","22714  GLENN DR  STERLING VA 20164","033274247000","TRANSDULLES CENTER: A Zoning Conversion in the Route 28 Tax District to convert the subject parcels to the Industrial Park (IP) Zoning District to allow all permitted IP uses, including data centers, and a Special Exception to allow data center development up to a 1.0 floor area ratio (FAR)."
"PCOR-2025-0008","Planning Correspondence - Administrative","Void","","02/26/2025","","","Plan","21745  BEAUMEADE CIR  ASHBURN VA 20147","060189720000","See PCOR-2025-0023. COLOGIX: Request for approval of Local Governing Body Certification (LGBC) form for Cologix data center in Ashburn, VA. The facility location is 21745 Beaumeade Cir Ashburn, VA 20147. Business entity name is 21673 Beaumeade Circle, LLC.  Site plan approval no. is EPLAN-2023-0045."
"ZCOR-2026-0202","Zoning Correspondence - Determinations & Verifications (ZCOR)","Approved","","07/01/2026","","","Plan","22616  DAVIS DR  STERLING VA 20164","033392929000","This ZCOR approves minor changes to an approved Special Exception for Sterling Park Data Center on Davis Drive, PINs 033-385671, 033-38-7850 and 033-39-2929 (to be combined under PLAT-2024-0281). Staff finds the requested changes to EPLAN-2023-0089, as depicted in EPLAN-2026-0086, are minor changes realigning the principal building within an approved building envelope consistent with the provisions of Section 10.11.01.H.2.a.2 of the Loudoun County Zoning Ordinance. [Jean Ault]. See also Table 3.02.05-1 Note #3. Christie Grucella of Bohler Engineering VA, LLC is requesting a zoning determination that the locations of the data center building and associated mechanical yard, located at 22616 Davis Drive, (the Property) may be switched with each other as a matter of right based on prior approvals and the provisions that the locations of the data center building and associated mechanical yard, located at 22616 Davis Drive, (the Property) may be switched with each other as a matter of right based on prior approvals and the provisions"
"GBOND-2011-0101","Grading - Grading Bond","Completed","","09/23/2011","","","Plan","ASHBURN VA 20147","060298548000",""
"GBOND-2020-0028","Grading - Grading Bond","Completed","","11/18/2020","","","Plan","24331 HOWLING ROOSTER LN STERLING VA 20166","162176713000",""
"PRAP-2023-0006      ","Legislative Land Development Premeeting","Completed","ARCOLA CENTER PROJECT","02/27/2023","","","Plan","","162151929000","ARCOLA GROVE REZONING : Request for a Zoning Map Amendment to rezone 30.3 acres from PD-IP andRC to PD-IP to support data center use, a Special Exception to permit a Utility Substation, Transmission, and a Minor Special Exception to  reduce road corridor building and parking setbacks from Arcola        Boulevard."
"ZCOR-2018-0128      ","Zoning Correspondence - Determinations & Verifications (ZCOR)","Completed","","06/15/2018","","","Plan","STERLING VA 20166","029251669000","ZMAP-2007-0001 DULLES TOWN CNTR PROFFER : Jonathan P. Rak of McGuire Woods is requesting a Proffer Determinationletter on ZMAP-2007-0001, Dulles Town Center which was approved July  19, 2011. Does the adopted proffers and approved development plan     allow development of data center uses within Land Bay OP-1"""
"SPAM-2018-0068      ","Engineering Plan Revision","Approved","","07/25/2018","","","Plan","22945 INTERNATIONAL DR STERLING VA 20166","034357849000","JK CORPORATE CAMPUS : REQUEST APPROVAL OF A SITE PLAN AMENDMENT (SPAM) TO REVISE PREVIOUSLY APPROVED SPAM-2018-0027 TO REVISE THE USE OF BUILDING B TO A DATA     CENTER AND MINOR REVISIONS TO ZONING COMPUTATIONS, UTILITY LAYOUT, ANDBUILDING B LAYOUT, IN THE PLANNED DEVELOPMENT- INDUSTRIAL PARK        (PDIP) ZONING DISTRICT.                                               KI"
"SPAM-2018-0071      ","Engineering Plan Revision","Approved","","08/03/2018","","","Plan","45905 MARIES RD STERLING VA 20166","030296913000","DULLES NORTH INDUSTRIAL PARK : REQUEST APPROVAL OF A SITE PLAN AMENDMENT (SPAM) TO AMEND PREVIOUSLY  APPROVED   STPL-2016-0054, AND PROPOSES A CHANGE OF USAGE OF THE      PROPOSED BUILDING FROM WAREHOUSE TO DATA CENTER WITH AN ADDITIONAL    GENERATOR YARD ONSITE IN A PLANNED DEVELOPMENT INDUSTRIAL PARK (PDIP) ZONING DISTRICT.                                                      SMK"
"FPAL-2019-0001      ","Floodplain Alteration Type 2","Approved","KINCORA PROJECT","01/24/2019","","","Plan","21350 PACIFIC BLVD STERLING VA 20166","042296582000","CYRUSONE KINCORA LB Q PH 3 : REQUEST APPROVAL OF A FLOODPLAIN ALTERATION (FPAL) TO ANALYZE THE     MINOR FLOODPLAIN LIMITS DUE TO THE PROPOSED DEVELOPMENT OF THE THREE  (3) STORY DATA CENTER CONCURRENTLY BEING DEVELOPED, IN THE PLANNED    DEVELOPMENT-MIXED USE BUSINESS (PDMUB) AND PLANNED                    DEVELOPMENT-INDUSTRIAL PARK (PDIP) ZONING DISTRICTS.                  KI"
"STPL-2023-0015      ","Engineering Plan","Approved","","03/01/2023","","","Plan","STERLING VA 20166","045252512000","22675 DULLES SUMMIT COURT : REQUEST APPROVAL OF A SITE PLAN (STPL) FOR THE CONSTRUCTION OF TWO    HUNDRED SIXTY THOUSAND (260,000) SQUARE FEET DATA CENTER FACILITY,    WHICH WILL INCLUDE DATA HALL, OFFICE SPACE, AND ASSOCIATED ROADWAY,   PARKING LOT, AND UTILITY IMPROVEMENTS, IN THE PLANNED                 DEVELOPMENT-GENERAL INDUSTRIAL (PDGI) ZONING DISTRICT.                AN"
"PMTG-2026-0061","Site Plan Premeeting","Completed","","03/16/2026","","","Plan","22616  DAVIS DR  STERLING VA 20164","033392929000","This meeting has been requested by B&D and Zoning staff to discuss the request for a ZCOR to mirror the data center use specific items of the building and mechanical yard from EPLAN-2023-0089. This meeting is requested per discussions with Ian Holley, Adam Hamby, and Jean Ault."
"ZCOR-2026-0003","Zoning Correspondence - Determinations & Verifications (ZCOR)","Void","","01/06/2026","","","Plan","44211  MERCURE CIR  STERLING VA 20166","091493983000","Christopher Churmusi of Urban Ltd. is requesting a zoning determination to convert the existing flex warehouse use developed per STPL-2020-0010 to a data center. As part of this plan, the existing landscaping and buffers are being enhanced to meet the requirements of Zoning Ordinance Section 4.06.02.d.11."
"CPAM-2025-0001","Comprehensive Plan Amendment - Comprehensive Plan Amendment","In Review","","09/19/2025","","","Plan","","","Comprehensive Plan Amendment Data Centers Standards and Locations Phase 2"
"STMP-2021-0005      ","Engineering Plan","Approved","","03/15/2021","","","Plan","44725 GIGABIT PLZ ASHBURN VA 20147","088407447000","NTT VA6 & VA7 : REQUEST APPROVAL OF A MODIFIED PROCESS SITE PLAN (STMP) FOR A DATA    CENTER CAMPUS TO CHANGE THE BUILDING PROTOTYPE FOR BUILDING VA6 AND   SHOW A PRELIMINARY FOOTPRINT FOR BUILDING VA7, ASSOCIATED SITE AND    GRADING CHANGES, AND ADJUSTMENTS TO THE UTILITES, IN THE PLANNED      DEVELOPMENT- INDUSTRIAL PARK (PDIP) ZONING DISTRICT.                  HV"
"SPAM-2011-0108      ","Engineering Plan Revision","Approved","","11/07/2011","","","Plan","21701 FILIGREE CT ASHBURN VA 20147","061483407000","EQUINIX @ BEAUMEADE TECH CENTER DC-11 : REQUEST APPROVAL OF A SITE PLAN AMENDMENT (SPAM) TO REMOVE AN         EXISTING FIFTY EIGHT THOUSAND FOUR HUNDRED TWNETY SIX (58,426) SQUARE FOOD OFFICE/WAREHOUSE BUILDING AND REPLACE WITH A TWO HUNDRED TWENTY  NINE THOUSAND SEVEN HUNDRED NINETY THREE (229,793) SQUAREF FOOT DATA  CENTER/OFFICE BUILDING.                                               DAS"
"ZCOR-2015-0170      ","Zoning Correspondence - Determinations & Verifications (ZCOR)","Completed","","09/30/2015","","","Plan","","062462761000","MCI/NORTHERN VA CAMPUS & FAIRWAY OFFICE : Lori Greenlief of McGuireWoods is requesting a zoning verification on PIN#062-49-3798 and PIN#062-46-2761  for each parcel as administered, verify that both parcels could be developed with data center uses and confirm the distance of the required setback for buildings and        parking."
"LEGI-2023-0077","Legislative Land Development Application","Approved","","07/26/2023","","","Plan","22130 LOUDOUN COUNTY PKWY ASHBURN VA 20147","089309997000","ZEBRA EAST 

ZCPA-2023-0005:  A ZCPA application to amend a proffer statement associated with ZMAP-1998-0003 to permit additional FAR, and to develop data center uses.     

SPEX-2023-0019:  A Special Exception per Section 4-306(C), to increase the allowable   FAR on the subject property from 0.60 to 1.0."
"ZCPA-2020-0002      ","Zoning Concept Plan Amendment - ZCASE","Withdrawn","WATERSIDE PROJECT","04/20/2020","","","Plan","","035457494000","STATUS: WITHDRAWN PURSUANT TO SECTION 10.01.I OF THE LOUDOUN COUNTY ZONING ORDINANCE.

See LEGI-2023-0010 for all documents, timelines and workflow - DULLES 2000 REDEVELOPMENT : A Zoning Concept Plan to amend the Proffers and Development Plans     associated with ZMAP-1987-0031 for data center development            under the 1972 Loudoun County Zoning  Ordinance."
"PCOR-2023-0016","Planning Correspondence - Administrative","Approved","","10/10/2023","","","Plan","43072 GOOSE GLEN LN ASHBURN VA 20147","113158924000","Virginia Department of Environmental Quality (DEQ) has received an application for a Virginia Water Protection (VWP) individual permit for Belmont Innovation Campus to construct a multi-sotry data center with two substations with associated infrastructure. Proposal will impact 1.15 ac of jurisdictional wetlands and waters associated with the Middle Potomac-Catoctin watershed."
"PLAT-2025-0167","Plat - Tier 1 - Easements (ESMT), or Dedication Plats (DEDI)","Approved","TUSCARORA CROSSING PROJECT","06/26/2025","","","Plan","","150469176000","Easement associated with EPLAN-2024-0059"
"ZCOR-2025-0175","Zoning Correspondence - Determinations & Verifications (ZCOR)","Completed","","03/31/2025","","","Plan","44254  IMPORT PLZ  ASHBURN VA 20147","062159785000","Erin Swisshelm of Walsh Colucci Lubeley & Walsh requests a determination confirming that proposed construction of accessory data center building is minor change as contemplated by Footnote 3 of Table 3.02.05-1.

5/22/2025
The Property is zoned OP (Office Park) and is subject to the Zoning Ordinance. The 
Property is not located within the Route 28 Tax District and the Route 28 Corridor 
Business (CB) Optional Overlay. The Property is subject to Zoning Map Amendment, 
ZMAP-2019-0002, Project Nova (Broad Run) approved October 9, 2019, site plan 
STMP-2019-0011, SDC Ashburn I, approved March 11, 2020, and site plan 
amendment SPAM-2023-0003, SDC Ashburn I, approved March 27, 2023. A special 
exception application (LEGI-2025-0015) has been submitted for the Property to 
permit the construction of a detached building (Building D) for a data center use.

Section 10.11.01.H. of the Zoning Ordinance allows for minor changes after approval
of a SPEX. Such minor changes are permitted when they are reasonably necessary 
to address issues related to topography, drainage, underground utilities, structural 
safety, final engineering, vehicular circulation, or requirements of government 
agencies. These changes may include the addition of accessory structures that are 
clearly subordinate to the approved SPEX use; the realignment of principal buildings
and parking areas within an approved building envelope; or minor additions to principal buildings and corresponding additions to parking areas, provided the 
cumulative total of all building additions neither exceed 5% of the existing gross floor 
area; nor exceed maximum permitted floor area ratio for the zoning district. Also, 
the Zoning Ordinance defines an Accessory Structure as a building or structure 
subordinate and incidental to, and located on the same lot with, a principal building, 
the use of which is customarily found in association with and is clearly incidental to 
that of the main building or to the use of the land, and is not attached by any part of 
a common wall or roof to the principal building.

The construction of an additional data center building within the existing data center 
development does not meet these criteria. The proposed data center building cannot
be considered an addition to an existing building given that it is a separate detached 
structure. It also cannot be considered an accessory structure as it is not subordinate, but rather an expansion, to the data center use on the property."
"ZCOR-2021-0047      ","Zoning Correspondence - Determinations & Verifications (ZCOR)","Completed","","03/22/2021","","","Plan","","030155049000","PIN 030-15-5049 VERIF : Adrienne Deshmukh of Cooley is requesting a request on PIN 030-15-5049regarding confirmation of the following:                              1.	The Property is zoned PD-IP under the Revised 1993 Loudoun County  Zoning Ordinance and is subject to ZMAP-2008-0019, Baronwood, approvedMay 5, 2009, and the proffers and concept plan approved with that     application (the ""Approval Documents"").                               2.	At the time of the 2009 approval, data center was not a defined usein the Ordinance; it was considered Office and could be developed     according to the provisions for Office uses.                          3.	The PD-IP zoning district, in 2009, allowed Office as a permitted  use, if it met the performance standards of Section 4-503(G)1-6, or asa Flex Industrial Use, pursuant to Section 5-608, which limited Officeto 49 percent of the total GFA of flex industrial uses.               4.	Therefore, per the PD-IP standards in 2009, the Property can be    developed  with Office (i.e. Data Center) uses at up to a 0.4 FAR, if the Office (i.e. Data Center) meets the standards of Section          4-503(G)1-6 as written in 2009. If it does not meet those standards,  up to 49 percent of the GFA could be occupied by Office (i.e. Data    Center).                                                              5.	Special Exceptions could be requested a) for relief from the       standards of Section 4- 503(G)1-6, b) to exceed the 49 percent Office cap of the Flex Industrial standards and c) to increase the permitted density at the Property to a 0.6 FAR. Therefore, through approval of aSpecial Exception, the Property could be developed at up to a 0.6 FAR with 100 percent data center uses.                                    6.	Alternatively, a ZRTD could be requested to bring the Property intothe current version of the Revised 1993 Zoning Ordinance, which would allow Data Center uses at up to a 0.6 FAR.                            7.	Per ZCOR-2016-0236, the Conditions of Approval of SPEX-1986-0053   still govern the Property and allow Office and Flex-Industrial uses atup to a 0.4 FAR on the Property.                                      8.	That all grading, site plan approvals, building permits and other  permits issued to date by the County for the Property were issued in  accordance with all applicable state laws, County ordinances and      regulations and there are no proceedings pertaining to the Property,  either administrative or legislative, which would in any manner       adversely affect the status of the zoning of the Property."
"ZCOR-2013-0182      ","Zoning Correspondence - Determinations & Verifications (ZCOR)","Completed","","10/23/2013","","","Plan","43780 DIGITAL LOUDOUN PLZ ASHBURN VA 20147","089291706000","DIGITAL LOUDOUN VESTING DETERMINATION : David Gill of McGuire Woods is requesting an official vesting rights determination for the parcel located at PIN #089-29-1706"
"ZCOR-2023-0047      ","Zoning Correspondence - Determinations & Verifications (ZCOR)","Completed","","02/17/2023","","","Plan","22291 SHELLHORN RD ASHBURN VA 20147","089100937000","22291 SHELLHORN RD  VERIF : ZCOR-2023-0047 finds the current use of the property is Data Center   and supporting infrastructure.  In the PD-OP zoning district, Data    Center uses are permitted in accordance with Section 4-303(DD); ""Data center, pursuant to Section 5-664"" is a permitted use in accordance   with Section 4-300 of the Revised 1993 Loudoun County Zoning          Ordinance.                                                            Marguerite Kisslring of PZR is requesting a verification letter for   22291 SHELLHORN RD - PIN: 089-10-0937.                                1. The current zoning classification for the subject property.        2. Adjacent property zoning designations:                             3. Is the subject property part of a Planned Unit Development""        4. Is the subject property part of an Overlay District""               5. The subject property is currently regulated by                     6. According to the zoning ordinances and regulations for this        district, the use of the subject property is a                        7. The subject structure(s) was developed                             8. Information regarding variances, special permits/exceptions,       ordinances or conditions                                              9. Rebuild: In the event of casualty, in whole or in part, the        structure located on the subject property                             10. To the best of your knowledge, do your records show any unresolvedzoning code violations"""
"ZCOR-2000-0052      ","Zoning Correspondence - Determinations & Verifications (ZCOR)","Completed","","02/11/2000","","","Plan","","","DATA CENTERS : Uses commonly referred to as ""data centers"" are most similar to       ""office"" and are                                                      permitted wherever offices are permitted. Most data center uses do notneed the amount                                                       of parking the office use requires. Therefore, the data center may    physically provide only                                               those parking spaces needed, provided that the total spaces required  by the office                                                         designation is shown and engineered on an approved site plan. Such    spaces may be                                                         referred to as ""reserved for future parking"". These spaces would have to be built at such                                                   time as a traditional office use occupied the building, or a change inuse would require                                                     the additional parking.                                               1993 ZO: 4-303, 4-403, 4-504, 5-1102 (c)                              1972 ZO: 711.3, 722.3.2, 723.3"
"SPAM-2002-0041      ","Engineering Plan Revision","Approved","","04/09/2002","","","Plan","22595 SHAW RD STERLING VA 20166","033252589000","SPRINGHILL SUITES HOTEL S 3 PARCEL 30B : Request approval of amendment to STPL 2000-0087 to revise storm sewer and grading along western edge of site, including overlot grading on  lot 30B."
"GBOND-2011-0131","Grading - Grading Bond","Approved","","09/12/2011","","","Plan","21735 RED RUM DR ASHBURN VA 20147","088392515000",""
"STPL-2001-0025      ","Engineering Plan","Void","","03/15/2001","","","Plan","","061476371000","ASHBURN BUSINESS PARK PH 2 LOTS 8, 9&10 : Request for approval of final site plan for two one story data center buildings and a two story link, approximately 298,100 square feet of  gross floor area,  associated parking and utility extensions.  The    three lots will be consolidated into one lot in conjunction with CPAP 2001-0007 (Gresham Court extension)."
"PRAP-2015-0053      ","Legislative Land Development Premeeting","Completed","","06/01/2015","","","Plan","","044285198000","DIGITAL REALTY TRUST : ZCPA & ZRTD to convert to the Revised 1993 Zoning Ordinance from the  1993 Zoning Ordinance and rezone from PD-OP under the 1993 Ordinance  to PD-OP under the Revised 1993 Zoning Ordinance in order to develop  data center uses.  The ZCPA will essentially amend the existing       ZMAP-1998-0007 currently governing the property."
"STMP-2015-0006      ","Engineering Plan","Approved","","06/23/2015","","","Plan","42911 ARCOLA RD STERLING VA 20166","162392026000","ICSP @ ARCOLA : REQUEST APPROVAL OF A SITE PLAN MODIFIED PROCESS (STMP) FOR THE       PROPOSED DEVELOPMENT OF 5 DATA CENTER BUILDINGS AND 2 GUARD HOUSES    INCLUDING WATER AND SEWER CONNECTION AND PLACE CONCRETE PADS AND DUCT BANK IN THE LOADING AREA OF THE BUILDING IN THE PLANNED               DEVELOPMENT-GENERAL INDUSTRIAL (PDGI) ZONING DISTRICT.                KI/ AMENDED BY AMT"
"ZCPA-2019-0010      ","Zoning Concept Plan Amendment - ZCASE","Approved","TUSCARORA CROSSING PROJECT","05/01/2019","","","Plan","","150456472000","TUSCARORA CROSSING : A Zoning Concept Plan Amendment to amend the Proffers and Concept     Development Plan associated with ZMAP-2012-0011 to allow additional   Floor Area Ratio (FAR) for a Data Center on Land Bay 3 and to change  the designation of Land Bay 6 from PD-H4, PD-CC-CC to PD-H4, R-16     (ADU) to allow for 234 Affordable Dwelling Units."
"STPL-2016-0042      ","Engineering Plan","Void","","08/31/2016","","","Plan","","","CYRUSONE KINCORA LB Q PHASE 1 : REQUEST APPROVAL OF A SITE PLAN (STPL) FOR A THREE HUNDRED            EIGHTY-SEVEN THOUSAND FOUR HUNDRED THIRTY (387,430) SQUARE FOOT DATA  CENTER, TWO HUNDRED TWELVE THOUSAND TWO HUNDRED FORTY (212,240) SQUAREFOOT STORAGE FACILITY AND FIFTY-SIX THOUSAND EIGHT HUNDRED FIFTY      (56,850\) SQUARE FOOT OFFICE, IN THE PLANNED DEVELOPMENT-MIXED USE    BUSINESS (PDMUB) ZONING DISTRICT.                                     KI"
"ZCOR-2022-0312      ","Zoning Correspondence - Determinations & Verifications (ZCOR)","Completed","","12/01/2022","","","Plan","21641 CHARLES VIEW DR STERLING VA 20166","043482656000","PIN: 043-48-2656 VERIF : Sheneetra Johnson of PZR is requesting a zoning verification for PIN: 043-48-2656 regarding current zoning, applications and violations.    Response completed and provided by e/mail and US mail 3-9-2023. 4     existing data center buildings on same parcel are by-right uses per   4-503(TT) and. 5-664 of R93 ordinance"
"SPAM-2014-0085      ","Engineering Plan Revision","Approved","","09/18/2014","","","Plan","22755 RELOCATION DR STERLING VA 20166","045175529000","PROLOGIS PARK GATEWAY PH IV BLDG 10 & 11 : REQUEST APPROVAL OF A SITE PLAN AMENDMENT (SPAM) TO PROVIDE EMERGENCY POWER TO BUILDING 10, ADDITIONAL WATER SERVICE LINE AND SANITARY SEWERLATERAL. CONCRETE PADS AND DUCT BANK ARE PLACED IN THE REAR OF        BUILDING 10 AND THE TENANT ONLY REQUIRED TWO LOADING SPACES FOR THIS  DATA CENTER.  STMP-2013-0004; SPAM-2014-0029                          MCC"
"STPR-2007-0020      ","Engineering Plan Revision","Approved","","06/07/2007","","","Plan","44480 HASTINGS DR ASHBURN VA 20147","060178810000","ASHBURN CORPORATE CENTER PHASE II : REQUEST APPROVAL OF A SITE PLAN REVISION TO APPROVED STPL 2006-0004   TO ADD 6,907 SQUARE FEET OF OFFICE TO THE EXISTING BUILDING.          REVISION INCLUDES THE ADDITION OF A CONCRETE PATIO, RELOCATED TRAVEL  WAY, RELOCATED TREES, UPDATED ROOF LATERAL SYSTEM AND UPDATED STORM    SEWER.                                                                er"
"ZCOR-2025-0024","Zoning Correspondence - Determinations & Verifications (ZCOR)","Approved","","01/29/2025","","","Plan","20471 GOOSE LANDING LN LEESBURG VA 20175","194498227000","Patrick McPartland of Bowman is requesting a zoning determination for Project Aspen located at 20471 Goose Landing Lane, Leesburg - PIN: 194-49-8227. Specifically, that the proposed mechanical yard is located such that there are no adverse impacts on the adjacent properties.

2/21/2025
By way of background, the above referenced property (the Property) is split zoned 
Industrial Park (IP) and General Industry (GI) under the Loudoun County Zoning 
Ordinance. The IP portion of the Property is developed with existing data center use. 
The GI portion of the Property (Project Aspen Site) is the location of the Project 
Aspen data center that is subject to EPLAN-2024-0139 and this determination 
request. The Project Aspen Site is subject to Zoning Map Amendment (ZMAP)-2019-
0003 and Special Exception (SPEX)-2019-0003, Luck/Hayden/Loudoun Water 
Property approved February 18, 2020. EPLAN-2023-0128, Project Aspen, was 
approved November 15, 2024, for a single data center on the Project Aspen Site. 
EPLAN-2024-0139, Project Aspen, proposes a revision to approved EPLAN-2023-0128 to adjust the mechanical yard on the east side of the proposed Project Aspen data center building per new specifications provided by the Owner.

Staff notes EPLAN-2023-0128 was processed, reviewed, and approved under the land 
use and development regulations prescribed in the Revised 1993 Zoning Ordinance
pursuant to the Resolution of the Board of Supervisors of Loudoun County Virginia, 
Adopting Grandfathering Rules for ZOAM-2020-0001, Zoning Ordinance Rewrite 
(Grandfathering Resolution), adopted on December 13, 2023. EPLAN-2024-0138 is 
being processed and reviewed under the land use and development regulations 
prescribed in the Zoning Ordinance since EPLAN-2024-0138 was submitted after 
December 13, 2023 and is subject to the data center use specific standards in Zoning 
Ordinance Section 4.06.02. 

Table 4.06.02-2.b.1.d. of the Zoning Ordinance states the following:
No Screening Requirements Adjacent to Industrially Zoned Property.
As determined by the Zoning Administrator, Data Center Mechanical 
Equipment located in a manner found to have no adverse impact on adjacent 
properties zoned IP, GI, or MR-HI is not required to be screened pursuant to 
Section 4.06.02-2.b.1, except that Data Center Mechanical Equipment must 
be screened from any existing or planned public road.
Per the Countys geographic information system, WebLOGIS, the adjacent parcel 
information is as follows:
North: PIN: 152-25-4491, zoned MR-HI under the Zoning Ordinance. 
East: PIN: 152-26-8334, zoned GI under the Zoning Ordinance. 
South: PIN: 153-35-5865, zoned MR-HI under the Zoning Ordinance. 
West: PIN: 193-18-6982, zoned IP under the Zoning Ordinance. 
The adjacent parcel to the north, PIN: 152-25-4491, is currently vacant. The Project 
Aspen Site contains required buffer yard plantings as well as proffered reforestation 
area #1 along the northern property line. As such, Zoning Administration staff finds 
the mechanical equipment yard is located in a manner found to have no adverse 
impact on the adjacent parcel to the north zoned MR-HI.
The adjacent parcel to the east, PIN: 152-26-8334, is currently vacant. The Project 
Aspen Site contains a proffered Tree Conservation Area along the entirety of the 
eastern property line adjacent to PIN: 152-26-8334. As such, Zoning Administration 
staff finds the mechanical yard is located in a manner found to have no adverse 
impact on the adjacent parcel to the east zoned GI.
The adjacent parcel to the south, PIN: 153-35-5865, is currently improved with an 
existing Water Treatment Plant. Staff notes when EPLAN-2023-0128 was approved, 
a buffer yard was not required between the proposed Project Aspen data center 
(Group 10 buffer use group) and the existing Water Treatment Plant (Group 10 buffer 
use group). However, EPLAN-2023-0128 proposed to retain existing vegetation as 
Tree Conservation Area (Tree Conservation Area 3) along the southern property line 
adjacent to PIN: 153-35-5865. EPLAN-2024-0138 continues to depict Tree 
Conservation Area 3 along the southern property line adjacent to PIN: 153-35-5865. 
As such, Zoning Administration staff finds the mechanical yard is located in a manner 
found to have no adverse impact on the adjacent parcel to the south zoned MR-HI.
In regard to the visual impact on the Dulles Greenway, the southern property line of 
the Project Aspen Site adjacent to the Dulles Greenway contains a proffered Tree 
Conservation Area as depicted on Sheet 3A-C-9700 of EPLAN-2024-0139 and in lineof-sight elevation 03. Additionally, the Project Aspen Site contains proffered 
reforestation area #2 north of said proffered Tree Conservation Area. The Project 
Aspen data center building will also provide screening of the mechanical yard from 
the Dulles Greenway. As such, Zoning Administration staff finds the mechanical yard 
is sufficiently screened from the Dulles Greenway. 
The adjacent parcel to the west, PIN: 193-18-6982, has approved land development 
applications for data center development. Further, the existing data center use 
located on the IP portion of the Property is located between the Project Aspen Site 
and PIN: 193-18-6982. The Project Aspen mechanical yard is located behind the 
Project Aspen data center building to the east. As such, Zoning Administration staff 
finds the mechanical yard is located in a manner found to have no adverse impact on 
the adjacent property to the west zoned IP."
"ZCOR-2000-0231      ","Zoning Correspondence - Determinations & Verifications (ZCOR)","Completed","","08/14/2000","","","Plan","","033190248000","LCTM: 94/PARCEL 53 & 55 : The properties are zoned PD-IP (Planned Development-Industrial Park)  under the                                                             1972 Loudoun Zoning Ordinance, due to the location of the parcels in  the Route 28 Tax District. The development of a data center in the    PD-IP Zoning District is a non-accessory office use limited to no morethen forty-nine (49%) present per SEPX 1988-0004."
"ZCOR-2003-0366      ","Zoning Correspondence - Determinations & Verifications (ZCOR)","Completed","","10/15/2003","","","Plan","22746 SHAW RD STERLING VA 20166","033162271000","GLEBER CONFIRMATION FOR SATELLITE DISHES : Katrina Gleber, of Patton Boggs LLP, requests a determination and     zoning confirmation as to the permissibility of the use of satellite  dishes (both to receive and transmit) in conjunction with a data      center located on an adjacent parcel(45580 Terminal Drive) for the    parcel identified as 22746 Shaw Road, Sterling, VA, which is zoned    PD-IP.  Filed in 72 ZO, Section 722."
"SPAM-2011-0015      ","Engineering Plan Revision","Approved","","03/11/2011","","","Plan","44620 GUILFORD DR ASHBURN VA 20147","060391784000","BEAUMEADE MERRITT TRACT BLDGS 5, 6, & 7 : REQUEST APPROVAL OF A SITE PLAN AMENDMENT (SPAM) TO REVISE SITE PLAN  (STPL-2006-0069) TO INCREASE THE FLOOR AREA TO ONE HUNDRED TWENTY     THREE THOUSAND TWO HUNDRED (123,200) SQUARE FEET (SF) INCREASE THE    HEIGHT TO FORTY FIVE (45) FEET (FT) CHANGE THE USE TO A DATA CENTER   AND SHOW AREA FOR MECHANICAL EQUIPTMENT FOR BUILDING 6                RP"
"FLPL-2025-0019","Floodplain Study Type 2","Approved","","09/11/2025","","","Plan","19790  ASHBURN RD  ASHBURN VA 20147","083103527000","This project is located at the parcel between Leesburg Pike, Ashburn Village Blvd, and Russell Branch Pkwy in Ashburn, VA 20147. Scope of development includes data center buildings with one substation and improvements per applicable proffers. Site access is provided from Ashburn Village Blvd and Russell Branch Pkwy. The site is surrounded by perimeter fence with two secured entrances. The disturbed area on site is 35.41 AC."
"GISU-2026-0041","GIS Update - Natural Resources Team","Submitted","","05/22/2026","","","Plan","","083103527000","This project is located at the parcel between Leesburg Pike, Ashburn Village Blvd, and Russell Branch Pkwy in Ashburn, VA 20147. Scope of development includes data center buildings with one substation and improvements per applicable proffers. Site access is provided from Ashburn Village Blvd and Russell Branch Pkwy. The site is surrounded by perimeter fence with two secured entrances. The disturbed area on site is 35.41 AC."
"SPAM-2023-0018      ","Engineering Plan Revision","Approved","","03/14/2023","","","Plan","22715 RELOCATION DR STERLING VA 20166","045279612000","RELOCATION DRIVE SITE PLAN : REQUEST APPROVAL OF A SITE PLAN AMENDMENT (SPAM) TO THE PREVIOUSLY    APPROVED STMP-2022-0003, SPAM-2022-0072 (DATA CENTER, SWM/BMP VAULTS, AND ASSOCIATED INFRASTRUCTURE) TO ADD A STORMWATER MANAGEMENT VAULT   THAT WILL HANDLE RUNOFF FOR THE FUTURE STERLING BLVD ROAD PROJECT,    REVISE ROOF DRAIN CONNECTION AT BUILDING FACE, IN THE SINGLE FAMILY   RESIDENTIAL-1 (R1) ZONING DISTRICT.                                   AN"
"ZCOR-2026-0004","Zoning Correspondence - Determinations & Verifications (ZCOR)","Approved","","01/07/2026","","","Plan","22990  INDIAN CREEK DR  STERLING VA 20166","046305546000","Christopher Churmusi of Urban Ltd. on behalf of the owner is requesting a zoning determination for the site plan amendment (EPLAN-2024-0178) is proposed to convert the existing flex warehouse use developed per STPL-2021-0019 to a data center. As part of this plan, the existing landscaping and buffers are being replaced or enhanced to meet the requirements of Zoning Ordinance Section 4.06.02.d.11."
"ZMOD-2004-0001      ","Zoning Modification - ZCASE","Superseded","LOUDOUN STATION PROJECT","02/11/2004","","","Plan","21971 SHELLHORN RD ASHBURN VA 20148","089468978000","LOUDOUN STATION COMPREHENSIVE SIGN PLAN : A Zoning Ordinance Modification for a sign plan."
"STPR-2009-0058      ","Engineering Plan Revision","Approved","","08/27/2009","","","Plan","45055 UNDERWOOD LN STERLING VA 20166","046278993000","PROLOGIS PARK-DULLES BLDG V-VII PHASE II : REQUEST APPROVAL OF A SITE PLAN REVISION TO ADD MEZZANINE.            CT"
"APPL-2016-0005      ","Appeal - Appeal","Void","","07/15/2016","","","Plan","ASHBURN VA 20147","061253203000","PROFFER APPEAL - QUANTUM PARK LLC : Mark Looney of Cooley LLP is representing Quantum Park LLC in regards to the appellant disagreeing with the County's June 17, 2016 on 22001 Loudoun County Parkway, Ashburn, VA 20147, PIN # 061-25-3203-0001,    determination regarding the substantial conformance of Appellant's    proposed data center development with the Concept Development Plan andassociated proffer conditions of zoning map amendment ZMAP-1998-0003  dated June 17, 2016."
"APPL-2016-0004      ","Appeal - Appeal","Void","","07/15/2016","","","Plan","ASHBURN VA 20147","061253203000","BZA APPEAL-QUANTUM PARK LLC : Mark Looney of Cooley LLP is representing Quantum Park LLC in regards to the appellant disagreeing with the County's June 17, 2016 on 22001 Loudoun County Parkway, Ashburn, VA 20147, PIN # 061-25-3203-0001,    determination regarding the substantial conformance of Appellant's    proposed data center development with the Concept Development Plan andassociated proffer conditions of zoning map amendment ZMAP-1998-0003  dated June 17, 2016."
"STMP-2016-0003      ","Engineering Plan","Approved","KINCORA PROJECT","08/31/2016","","","Plan","21350 PACIFIC BLVD STERLING VA 20166","042296582000","KINCORA CYRUSONE LB Q PH 1 : REQUEST APPROVAL OF A MODIFIED PROCESS SITE PLAN (STMP)  FOR A THREE  HUNDRED                                                               EIGHTY-SEVEN THOUSAND FOUR HUNDRED THIRTY (387,430) SQUARE FOOT DATA  CENTER, TWO HUNDRED TWELVE THOUSAND TWO HUNDRED FORTY (212,240) SQUAREFOOT STORAGE FACILITY AND FIFTY-SIX THOUSAND EIGHT HUNDRED FIFTY      (56,850) SQUARE FOOT OFFICE, IN THE PLANNED DEVELOPMENT-MIXED USE     BUSINESS (PDMUB) AND PLANNED-DEVELOPMENT-INDUSTRIAL PARK (PDIP) ZONINGDISTRICTS.                                                            KI"
"STPL-2008-0017      ","Engineering Plan","Void","","03/12/2008","","","Plan","","061373570000","ASHBURN CORPORATE CENTER : REQUEST APPROVAL OF A SITE PLAN OF A 4-STORY OFFICE BUILDING WITH THE ASSOCIATED PARKING AND UTILITIES.                                     er"
"LEGI-2023-0048","Legislative Land Development Application","Approved","","10/31/2022","","","Plan","19817 BELMONT RIDGE RD ASHBURN VA 20147","114355868000","BELMONT INNOVATION CAMPUS - ZMAP-2022-0021:  A Zoning Map Amendment to rezone 84.52 acres from A-3 and PD-GI to    PD-IP.       
SPEX-2022-0042:  A Special Exception to increase FAR in the PD-IP zoning district to   1.0.                                                                  
SPMI-2023-0013:  A Minor Special Exception to allow for increased data center          development potential on the Property                         
ZMOD-2022-0077:  A Zoning Modification to reduce required setbacks pursuant to Section 5-1400 along Gloucester Pkwy and Russell Branch Pkwy."
"ZCOR-2000-0229      ","Zoning Correspondence - Determinations & Verifications (ZCOR)","Completed","","08/11/2000","","","Plan","","","SOUTH RIDING, DATA CENTERS IN PD-DI : Bill Keefe, Reed Smith, Hazel & Thomas LLP requested that we          clarify our previous determination dated July 6, 2000 regarding       ""Data/Information                                                     Technology Center"" in the PD-GI Land Bays U & V of South Riding. He   wants to know if                                                      the use would be allowed by Special exception.                        His letter indicates that the office by SPEX use in PD-GI is          grandfathered under Section 1-                                        103, however that section only covers PD-H districts. The PD-GI       district is under the 1993                                            ZO and an stand alone office is neither permitted nor permissible,    therefore the ""most                                                   similar to"" Data Center"" use would also not be permitted or           permissible                                                           Section 4-600 allows 49 percent of a Flex industrial building to be   non-accessory office,                                                 therefore, the ""most similar to"" Data Center could occupy that 49     percent.                                                              1993 ZO: 6-1209                                                       1972 ZO: 540                                                          ZMAP-1991-0005"
"PMTG-2026-0033","Legislative Land Development Premeeting","Completed","","02/11/2026","","","Plan","44211  MERCURE CIR  STERLING VA 20166","091493983000","44211 MERCURE CIRCLE: To discuss a Minor Special Exception to modify Section 4.06.02.D.11.a.2 to utilize the existing retaining wall shown on the site plan to satisfy the 6foot berm height requirement and to adjust the buffer widths along the eastern and western boundaries to establish a data center on a 5.489-acre parcel at 44211 Mercure Circle (PIN: 091-49-3983) in the General Industry (GI) Zoning District."
"CPAP-2007-0118      ","Engineering Plan","Void","LOUDOUN STATION PROJECT","04/14/2008","","","Plan","22017 SHELLHORN RD ASHBURN VA 20148","089362659000","LOUDOUN STATION PUBLIC ROAD EXT. : REQUEST APPROVAL OF CONSTRUCTION PLANS AND PROFILES FOR EXTENSION TO  PUBLIC ROADWAYS - LOUDOUN STATION BOULEVARD, WEST LOUDOUN GATEWAY     DRIVE AND DEVIN SHAFRON ROAD.                                         er"
"ZMAP-2023-0005      ","Zoning Map Amendment - ZCASE","Approved","ARCOLA CENTER PROJECT","07/10/2023","","","Plan","","162151929000","See LEGI-2023-0071 for all documents, timelines and workflow - ARCOLA GROVE REZONING : A Zoning Map Amendment to rezone approximately 30 acres to build a    Utility Transmission Substation and data center. Four of the parcels  comprising the property are zoned Planned Development-Industrial Park (PD-IP) under the Revised 1993 Loudoun County Zoning Ordinance. The   other two parcels comprising the remainder of the property are zoned  Rural Commercial (RC). the entire Property to the PD-IP."
"ZCOR-2017-0108      ","Zoning Correspondence - Determinations & Verifications (ZCOR)","Completed","","05/18/2017","","","Plan","21580 BEAUMEADE CIR ASHBURN VA 20147","060196618000","21550 & 21580 BEAUMEADE CIRCLE PROFFER : Molly M. Novotny of Cooley is requesting a Proffer determination on   21550 and 21580 Beaumeade Circle, PIN # 060-10-1428 and PIN #         060-19-6618 regarding if the property can be developed at up to a 0.6 FAR for any and all permitted by-right PD-IP uses including a data    center, does CDP show building and parking setbacks and development   shall be in substantial conformance with Sheet 4 and any pending      zoning violations."
"SPAM-2014-0029      ","Engineering Plan Revision","Approved","","03/18/2014","","","Plan","22755 RELOCATION DR STERLING VA 20166","045175529000","PROLOGIS PARK GATEWAY, PH IV, BLDG 10/11 : REQUEST APPROVAL OF A SITE PLAN AMENDMENT (SPAM) OF THE PREVIOUSLY    APPROVED SITE PLAN (STMP-2013-0004) FOR REVISIONS TO PROVIDE EMERGENCYPOWER TO BUILDING ELEVEN (11), ADDITIONAL WATER SERVICE LINE AND      SANITARY SEWER LATERAL.  IN ADDITION CONCRETE PADS AND DUCT BANK ARE  PLACED IN THE REAR OF THE BUILDING ELEVEN (11) AND THE TENANT ONLY    REQUIRED TWO (2) LOADING SPACES FOR THIS DATA CENTER IN A INDUSTRIAL  ZONING DISTRIST.                                                      SMK"
"LEGI-2024-0032","Legislative Land Development Application","Withdrawn","","07/26/2024","","","Plan","22714  GLENN DR  STERLING VA 20164","033274247000","TRANSDULLES CENTER: A Zoning Conversion in the Route 28 Tax District to convert the subject parcels to the Industrial Park (IP) Zoning District to allow all permitted IP uses, including data centers, a Special Exception to allow data center development up to a 1.0 floor area ratio (FAR), a Special Exception to permit the development of a Utility Major (Substation) use, and a Minor Special Exception to permit the development of an Energy Storage Facility, Utility Scale."
"ZCOR-2000-0310      ","Zoning Correspondence - Determinations & Verifications (ZCOR)","Completed","","11/06/2000","","","Plan","1506 MORAN RD STERLING VA 20166","045458629000","PIN: 045-45-8629 : Hankins and Anderson, on behalf of ServerVault, requested permission  to temporarily park                                                   a flat-bed trailer to store UPS batteries used for backup power for a data center in a PD-GI                                                district. The trailer is to be used only until the construction of thepermanent structure is                                                completed. Therefore, there is no zoning issue concerning the         temporary storage. Permits is                                         allowing the temporary storage for a period not to exceed six months. 1972 ZO: 723                                                          LCTM: /94///8/////4/"
"ZCOR-2024-0055","Zoning Correspondence - Determinations & Verifications (ZCOR)","Completed","","02/22/2024","","","Plan","","161264481000","Provide written confirmation of zoning for the Property being sure to identify the zoning classification and use, providing copies of any approved and validly outstanding zoning entitlements, confirm that the Property is in compliance with zoning, identify the side, front and rear setbacks and density, together with the parking space requirements for the Property, identify violations of zoning ordinances, if any, and include copies of the relevant zoning ordinances.  Please also confirm that a data center is allowed as a permitted use under the Propertys zoning classification."
"ZCOR-2024-0052","Zoning Correspondence - Determinations & Verifications (ZCOR)","Completed","","02/22/2024","","","Plan","23844  BELMONT RIDGE RD  ASHBURN VA 20148","161253540000","Provide written confirmation of zoning for the Property being sure to identify the zoning classification and use, providing copies of any approved and validly outstanding zoning entitlements, confirm that the Property is in compliance with zoning, identify the side, front and rear setbacks and density, together with the parking space requirements for the Property, identify violations of zoning ordinances, if any, and include copies of the relevant zoning ordinances.  Please also confirm that a data center is allowed as a permitted use under the Propertys zoning classification."
"ZCOR-2024-0054","Zoning Correspondence - Determinations & Verifications (ZCOR)","Completed","","02/22/2024","","","Plan","","202104192000","Provide written confirmation of zoning for the Property being sure to identify the zoning classification and use, providing copies of any approved and validly outstanding zoning entitlements, confirm that the Property is in compliance with zoning, identify the side, front and rear setbacks and density, together with the parking space requirements for the Property, identify violations of zoning ordinances, if any, and include copies of the relevant zoning ordinances.  Please also confirm that a data center is allowed as a permitted use under the Propertys zoning classification."
"ZCOR-2024-0053","Zoning Correspondence - Determinations & Verifications (ZCOR)","Completed","","02/22/2024","","","Plan","23896  BELMONT RIDGE RD  ASHBURN VA 20148","202206213000","Provide written confirmation of zoning for the Property being sure to identify the zoning classification and use, providing copies of any approved and validly outstanding zoning entitlements, confirm that the Property is in compliance with zoning, identify the side, front and rear setbacks and density, together with the parking space requirements for the Property, identify violations of zoning ordinances, if any, and include copies of the relevant zoning ordinances.  Please also confirm that a data center is allowed as a permitted use under the Propertys zoning classification."
"SPEX-2026-0031","Special Exception","In Review","","05/11/2026","","","Plan","22532  EVERGREEN MILLS RD  LEESBURG VA 20175","241270467000","SEE LEGI-2024-0074 FOR DOCUMENTS, TIMELINE AND WORKFLOW. SPRING VALLEY TECHNOLOGY PARK: 4.06.02.D.2 Separation from Residential. Ground mounted Data Center Mechanical Equipment must be separated from adjacent property that has existing residential development, an approved CDP or plat or plan showing residential development, or Zoning District permitting residential uses, by a principal building, or is otherwise not permitted adjacent to property with existing residential development, an approved CDP or plat or plan showing residential development, or Zoning District permitting residential uses"
"ZCOR-2022-0098      ","Zoning Correspondence - Determinations & Verifications (ZCOR)","Completed","","03/31/2022","","","Plan","19540 COMPASS CREEK PKWY LEESBURG VA 20175","235297431000","19540 COMPASS CREEK PKWY DETER: Rich Brittingham of Dewberry is requesting a determination letter on 19540 Compass Creek Parkway PIN: 235-29-7431 regarding zoning classification and if the following is a permitted use: construction of a 4th data center.

6/6/2022
answer to your inquiry is that the proposed mechanical equipment on the south side of IAD04 is located in a manner found to have no adverse impact on adjacent roads and properties and would not require a solid fence, wall, or panel so long as development occurs in accordance with the Conditions"
"ZCOR-2026-0246","Zoning Correspondence - Determinations & Verifications (ZCOR)","In Review","","08/14/2026","","","Plan","45415  LEESBURG PIKE  STERLING VA 20166","039370350000","Dr. Nathan B. Wangusi is requsting a zoning determination for PINs: 039-47-4460,
039-37-0350, 039-46-6559, 039-45-6733, 039-26-3557, 039-16-8997, 039-17-4565, 057-40-9553, if the following is an allowable use: data center as a  by-right use, without an approved SPEX.

Request for Written Zoning Determination and Objection to By-Right Processing of Site Plan
Application EPLAN-2026-0110 (Bridgefield Tech Center); Tax PINs 039366681, 039474460,
039370350, 039466559, 039456733, 039263557, 039168997, 039174565, 057409553; Broad Run
Election District"
"PMTG-2025-0158","Site Plan Premeeting","Completed","","07/23/2025","","","Plan","22425  SOUS VIDE LN  STERLING VA 20166","045465016000","SPAM revision to EPLAN-2023-0087. Revisions are related to moving a retaining wall on site for constructability and cost."
"ZCOR-2024-0226","Zoning Correspondence - Determinations & Verifications (ZCOR)","Approved","","05/31/2024","","","Plan","","","John Lightle of Urban Ltd is requesting a buffer yard, interior parking lot landscaping modification request for Vantage VA-16 Data Center - EPLAN-2023-0132.

6/24/2024
Based on the Applicants justification and the existing conditions of the subject property, the request to modify the required screening for utility equipment is hereby granted due to space limitations and the location of existing easements. A note must be included on at least one of the landscaping and buffer sheets of the approved plan set of EPLAN-2023-0132 indicating the application number and approval date of this buffer modification."
"ZCOR-2019-0103      ","Zoning Correspondence - Determinations & Verifications (ZCOR)","Withdrawn","","05/20/2019","","","Plan","21821 UUNET DR ASHBURN VA 20147","088101859000","CENTURION AT QUANTUM PARK PROF : Ryan G. David of Urban is requesting a Proffer letter on 21890, 21861 and 21821 Uunet Drive, Ashburn, VA, PIN # 061-35-5894, 088-20-9173,   088-20-5761 and 088-10-1859, STMP-2018-0012 Subject to ZCPA-2017-0009.Aligned Energy Data Centers Ashburnn LLC has posted bond and received site plan approval and commenced construction on two data center      buildings and mechanical yards. They are seeking determination under  Proffer B.3(ii), to allow reforestation plantings be deferrred to     occupancy Building #2 and allow occupancy of  Building #1, guard      booths and associated mechanical yards."
"LEGI-2025-0034","Legislative Land Development Application","In Review","","09/10/2025","","","Plan","45195 BUSINESS CT STERLING VA 20166","046386144000","LOUDOUN BUSINESS PARK

CMPT-2026-0010: A Commission Permit to permit a public utility.

CMPT-2025-0008: A Commission Permit to permit a public utility.

SPEX-2025-0061: A Special Exception to permit a data center in the Industrial Park (IP) Zoning District.

SPEX-2025-0072: A Special Exception to permit up to 0.8 floor area ratio (FAR) of data centers uses.

SPEX-2025-0073: A Special Exception to permit a utility substation in the IP Zoning District (Landbay A).

SPEX-2025-0097: A Special Exception to permit a utility substation in the IP Zoning District (Landbay C)."
"PMTG-2025-0112","Site Plan Premeeting","Completed","","05/20/2025","","","Plan","44254  IMPORT PLZ  ASHBURN VA 20147","062159785000","Site Plan pre-meeting to  meet with Proffer Management staff discuss screening wall or landscape buffer to address site line issues of mechanical equipment identified with Proffer Bond Release Inspections."
"ZCOR-2024-0388","Zoning Correspondence - Determinations & Verifications (ZCOR)","Approved","","12/06/2024","","","Plan","45335  VINTAGE PARK PLZ  STERLING VA 20166","046402834000","Anna Kaye of Venable LLP is requesting a zoning verification for 45335 Vintage Park Plaza - PIN: 046-40-2834.

1/29/2025
IP - industrial park

SPEX-1984-0043, Gateway North Partnership, approved April 15, 1984, subject to Conditions of Approval. 

SPFF-1986-0052, Vintage Park, approved September 14, 1987. 

SPAM-2011-0073, REI Systems At One Vintage Park, approved March 7, 2012. 

Pursuant to Table 3.02.05-1 of the zoning ordinance, ""office"" is permitted or permitted by special exception and is subject to the Use-Specific Standards Section 4.04.17. 

Pursuant to Table 3.02.05-1 of the zoning ordinance, ""data center"" is permitted and subject to the Use-Specific Standards Section 4.06.02."
"ZCOR-2023-0087      ","Zoning Correspondence - Determinations & Verifications (ZCOR)","Completed","","04/04/2023","","","Plan","","202188046000","PIN: 202-18-8046 VERIF : Jenna Lee of Troutman Pepper requested a verification letter for      PIN: 202-18-8046.                                                     1. The zoning classification applicable to the property;              2. Confirmation of any proffers or development conditions applicable  to the property;                                                      3. Confirmation that there are no zoning enforcement actions          outstanding with respect to the property; and                         4. Confirmation that data centers are permitted by-right under the    applicable zoning regulations.                                        Data Center is a permitted use in the PD-IP district pursuant to      4-503(TT) and Section 5-664, with further conditions within the       Proffer Statement for ZMAP-2018-0015 and Conditions of Approval for   SPEX-2018-0037 & SPEX-2018-0038."
"ZCOR-2023-0089      ","Zoning Correspondence - Determinations & Verifications (ZCOR)","Completed","","04/04/2023","","","Plan","","202190181000","PIN: 202-19-0181 VERIF : Jenna Lee of Troutman Pepper requested a verification for PIN:        202-19-0181.                                                          1. The zoning classification applicable to the property;              2. Confirmation of any proffers or development conditions applicable  to the property;                                                      3. Confirmation that there are no zoning enforcement actions          outstanding with respect to                                           the property; and                                                     4. Confirmation that data centers are permitted by-right under the    applicable zoning                                                     regulations.                                                          Data Center is a permitted use in the PD-IP district pursuant to      4-503(TT) and Section 5-664, with further conditions within the       Proffer Statement for ZMAP-2018-0015 and Conditions of Approval for   SPEX-2018-0037 & SPEX-2018-0038 ."
"PBOND-2023-0043","Performance Bond","Active Bond","","09/13/2023","","","Plan","22365  GLENN DR  STERLING VA 20164","032155119000","Vantage VA22 (Fast Track): PPA for the approved bond amount of $6,000 associated with SPAM-2023-0037."
"ZCOR-2000-0104      ","Zoning Correspondence - Determinations & Verifications (ZCOR)","Completed","","03/24/2000","","","Plan","42867 JOHN MOSBY WAY CHANTILLY VA 20152","164296606000","SOUTH RIDING, LAND BAYS H, U & V : Developer's requested a written determination that ""Information       Technology Centers"" as referred to in ZA's 2-14-00 memo would be      allowed in the PD-GI (1993 ZO) Land bays U & Vas well as in PDH-4     (1972 ZO) Land bay H. Proffer 3.2 states that uses are restricted to  those listed in Table 2 and a ""data center or information technology  center"" is not listed. ZA's memo of 2-14-00 does not list PD-GI under the 1993 ZO as allowing the data center or information technology     center"" use.                                                          Therefore, the use is not allowed in the PD-GI areas (Land Bays U, Ul,V & school) of                                                        South Riding. PDH-4 area (Land Bay H) administrated as PD-OP, lists   ""office and other accessory uses"" in the Development Summary, and     therefore in accordance with the 2/14/00 ZA memo, would be allowed in the PD-OP district under the 1972 ZO.                                 1993 ZO: 6-1209                                                       1972 ZO: 540                                                          ZMAP 1991-0005                                                        SPEX 1992-0010                                                        SPEX 1992-0011                                                        ZCPA 1994-0006                                                        LCTM(s) 106, parcel 2; 101, parcel 56; 101, parcel 59; 101, parcels   78, 80 (as subdivided) and 106, parcel 58 (as subdivided) ZCPA        1995-0006                                                             PIN: 206-20-4705; 165-45-7756; 164-29-6606;                           and those created by the subdivision of LCTM 101, parcels 78, 80 and  LCTM 106, parcel 58"