Case Number,Type,Status,Project Name,Issued Date,Applied Date,Expiration Date,Finalized Date,Module Name,Address,Main Parcel,Description
"AMUSEC-2023-008659","Amusement Device - Construction","Void","","","10/04/2023","","","Permit","41975  LOUDOUN CENTER PL  LEESBURG VA 20175","191169866000","test LF files"
"B00036580500","Building Commercial - Tenant Fit-Up","Finaled","","09/25/2001","08/24/2001","","05/03/2006","Permit","22995 WILDER CT STERLING VA 20166","046368231000","TENANT FIT-UP ENTIRE BUILDING"
"B00112490100","Building Commercial - Tenant Fit-Up","Finaled","","05/19/2010","05/11/2010","","04/20/2011","Permit","22995 WILDER CT STERLING VA 20166","046368231000","TENANT FIT UP/NEW DATA CENTER"
"B00157090100","Building Commercial - Alteration","Finaled","","09/08/2010","08/31/2010","","12/01/2010","Permit","22001 LOUDOUN COUNTY PKWY ASHBURN VA 20147","061253412000","INTERIOR REMODEL"
"B00168120100","Building Commercial - Tenant Fit-Up","Finaled","","10/19/2010","10/01/2010","","12/13/2010","Permit","43915 DEVIN SHAFRON DR Unit: # 165 ASHBURN VA 20147","089382215000","FUTURE TENANT FIT UP"
"B00168130100","Building Commercial - Tenant Fit-Up","Finaled","","10/19/2010","10/01/2010","","11/22/2010","Permit","43915 DEVIN SHAFRON DR Unit: # 105 ASHBURN VA 20147","089382215000","FUTURE TENANT FIT UP"
"B00168340100","Building Commercial - Tenant Fit-Up","Finaled","","10/19/2010","10/04/2010","","12/13/2010","Permit","43915 DEVIN SHAFRON DR Unit: # 103 ASHBURN VA 20147","089382215000","FUTURE TENANT FIT UP"
"B00225670100","Building Commercial - Tenant Fit-Up","Finaled","","03/10/2020","02/13/2020","","01/29/2021","Permit","21741 RED RUM DR Unit: 120 ASHBURN VA 20147","088392214000","TENANT FIT UP"
"B00225730100","Building (Commercial) - Other - Legacy","Finaled","","03/10/2020","02/13/2020","","04/01/2021","Permit","21741 RED RUM DR Unit: 120 ASHBURN VA 20147","088392214000","MECHANICAL YARD"
"B00227720100","Building Commercial - New Construction","Finaled","","03/17/2020","02/18/2020","","10/22/2021","Permit","19515 COMPASS CREEK PKWY LEESBURG VA 20175","235297431000","NEW DATA CENTER"
"B00256750100","Building Commercial - Tenant Fit-Up","Finaled","","05/14/2020","04/06/2020","","12/23/2020","Permit","45200 VANTAGE DATA PLZ STERLING VA 20166","044288975001","TENANT FIT UP"
"B00263150100","Building Commercial - Addition","Finaled","","05/04/2020","04/20/2020","","12/06/2021","Permit","19515 COMPASS CREEK PKWY LEESBURG VA 20175","235297431000","ADDITION TO EXISTING DATA CENTER"
"B00263240100","Building Commercial - New Construction","Finaled","","08/24/2020","04/20/2020","","03/01/2022","Permit","19525 COMPASS CREEK PKWY LEESBURG VA 20175","235297431000","NEW DATA CENTER"
"B00278220100","Building Commercial - Tenant Fit-Up","Finaled","","06/02/2020","05/15/2020","","01/21/2021","Permit","21890 UUNET DR ASHBURN VA 20147","061355894000","TENANT FIT UP"
"B00289640100","Building Commercial - New Construction","Finaled","","06/25/2020","06/04/2020","","09/20/2021","Permit","21955 LOUDOUN COUNTY PKWY ASHBURN VA 20147","061177666001","NEW DATA CENTER"
"B00313090100","Building Commercial - New Construction","Finaled","","07/22/2020","07/07/2020","","05/17/2021","Permit","22291 SHELLHORN RD ASHBURN VA 20147","089100937000","NEW DATA CENTER"
"B00365540100","Building Commercial - Tenant Fit-Up","Finaled","","10/05/2021","09/16/2020","","06/21/2022","Permit","21195 ATLANTIC BLVD STERLING VA 20166","029151809000","TENANT FIT UP / PHASE 2"
"B00371820100","Building Commercial - Alteration","Finaled","","11/04/2020","09/24/2020","","08/25/2021","Permit","22916 INTERNATIONAL DR STERLING VA 20166","034365461000","REPAIRS TO EXISTING DATA CENTER"
"B00371910100","Building Commercial - Alteration","Finaled","","11/04/2020","09/24/2020","","08/25/2021","Permit","22916 INTERNATIONAL DR STERLING VA 20166","034365461000","REPAIRS TO EXISTING DATA CENTER"
"B00371950100","Building Commercial - Alteration","Issued","","11/22/2021","09/24/2020","","","Permit","STERLING VA 20166","045159083000","EXISTING MECH. COOLING AT ELEC. ROOMS"
"B00424980100","Building Commercial - Alteration","Issued","","02/11/2021","12/15/2020","","","Permit","22916 INTERNATIONAL DR STERLING VA 20166","034365461000","REPAIRS TO EXISTING DATA CENTER"
"B10004570100","Building Commercial - New Construction","Finaled","","10/31/2000","02/08/2000","","07/03/2001","Permit","20071 MEDALIST DR ASHBURN VA 20147","113198478000","RECREATION CENTER   LAND BAY G"
"B10219880100","Building Commercial - Alteration","Finaled","LOUDOUN STATION PROJECT","10/11/2011","09/29/2011","","04/18/2012","Permit","43790 DEVIN SHAFRON DR Unit: 101 ASHBURN VA 20147","089374763001","DATA CENTER"
"B10275570100","Building Commercial - New Construction","Finaled","ARCOLA CENTER PROJECT","03/19/2021","02/09/2021","","07/22/2022","Permit","24550 HOWLING ROOSTER LN STERLING VA 20166","162176713000","DATA CENTER"
"B10275570200","Building Commercial - New Construction","Finaled","ARCOLA CENTER PROJECT","04/15/2022","03/30/2022","","09/19/2022","Permit","24550 HOWLING ROOSTER LN STERLING VA 20166","162176713000","DATA CENTER"
"B10289640100","Building Commercial - Alteration","Issued","","03/23/2021","03/01/2021","","","Permit","44760 GIGABIT PLZ ASHBURN VA 20147","088407447000","HOT AISLE CONTAINMENT"
"B10294130100","Building Commercial - Tenant Fit-Up","Finaled","","03/22/2021","03/08/2021","","04/14/2021","Permit","21745 RED RUM DR Unit: 242 ASHBURN VA 20147","088392214000","TENANT FIT UP"
"B10336730100","Building Commercial - Tenant Fit-Up","Finaled","","05/20/2021","05/03/2021","","05/24/2022","Permit","21745 RED RUM DR Unit: 140 ASHBURN VA 20147","088392214000","TENANT FIT UP/FUTURE TENANT"
"B10344790100","Building Commercial - Tenant Fit-Up","Issued","","05/21/2021","05/12/2021","07/08/2024","","Permit","44760 GIGABIT PLZ ASHBURN VA 20147","088407447000","TENANT IMPROVEMENTS"
"B10353600100","Building Commercial - New Construction","Finaled","","08/05/2021","05/24/2021","","10/18/2022","Permit","45070 VANTAGE DATA PLZ STERLING VA 20166","044381108001","NEW DATA CENTER"
"B10360310100","Building Commercial - Miscellaneous Structure","Cancelled","","06/28/2021","06/02/2021","","","Permit","44761 GIGABIT PLZ ASHBURN VA 20147","088407447000","SIGN / DIRECTIONAL /FREESTANDING"
"B10372220100","Building Commercial - Alteration","Finaled","","07/14/2021","06/21/2021","","08/24/2022","Permit","21745 RED RUM DR Unit: 110 ASHBURN VA 20147","088392214000","NEW DATA HALL"
"B10376230100","Building Commercial - New Construction","Finaled","ARCOLA CENTER PROJECT","07/16/2021","06/24/2021","","07/28/2022","Permit","24550 HOWLING ROOSTER LN STERLING VA 20166","162176713000","NEW CONSTRUCTION / EQUIPMENT YARD"
"B10394840100","Building Commercial - New Construction","Not Required","","","07/20/2021","","","Permit","41840 GROWTH MINDSET LN ALDIE VA 20105","203354208000","NEW CONST./FOUNDATION ONLY"
"B10394840200","Building Commercial - New Construction","Issued Certificate of Occupancy","","10/12/2021","08/04/2021","07/30/2024","01/31/2024","Permit","41840 GROWTH MINDSET LN ALDIE VA 20105","203354208000","NEW CONST./CORE & SHELL"
"B10394900100","Building Commercial - Miscellaneous Structure","Finaled","","09/10/2021","07/20/2021","03/26/2024","01/24/2025","Permit","41840 GROWTH MINDSET LN ALDIE VA 20105","203354208000","RETAINING WALL"
"B10399400100","Building Commercial - New Construction","Issued Certificate of Occupancy","","06/29/2022","07/27/2021","11/17/2025","05/21/2025","Permit","44631 WAXPOOL RD ASHBURN VA 20147","061285496000","NEW DATA CENTER"
"B10411920100","Building Commercial - Miscellaneous Structure","Finaled","","08/18/2021","08/13/2021","","09/10/2021","Permit","44761 GIGABIT PLZ ASHBURN VA 20147","088407447000","SIGN / DIRECTIONAL /FREESTANDING"
"B10415820100","Building Commercial - New Construction","Issued Certificate of Occupancy","","03/02/2022","08/19/2021","09/03/2024","04/05/2024","Permit","44495 GIGABIT PLZ ASHBURN VA 20147","088407447000","NEW DATA CENTER"
"B10415920100","Building Commercial - New Construction","Issued Certificate of Occupancy","","08/31/2022","08/19/2021","05/07/2024","11/15/2023","Permit","21529 BEAUMEADE CIR ASHBURN VA 20147","042152579000","DATA CENTER"
"B10428470100","Building Commercial - Alteration","Finaled","","09/23/2021","09/07/2021","","11/01/2021","Permit","45194 VANTAGE DATA PLZ STERLING VA 20166","044288975002","HOT AISLE CONTAINMENT"
"B10441240100","Building Commercial - Alteration","Finaled","","10/05/2021","09/28/2021","","11/16/2021","Permit","45194 VANTAGE DATA PLZ STERLING VA 20166","044288975002","HOT AISLE CONTAINMENT"
"B10463800100","Building Commercial - New Construction","Finaled","","01/20/2022","10/28/2021","","01/05/2023","Permit","21630 RED RUM DR ASHBURN VA 20147","088481748000","NEW DATA CENTER"
"B10483660100","Building Commercial - Tenant Fit-Up","Finaled","","12/20/2021","11/30/2021","","03/09/2022","Permit","44761 GIGABIT PLZ ASHBURN VA 20147","088407447000","TENANT FIT UP"
"B10495230100","Building Commercial - New Construction","Issued Certificate of Occupancy","","03/21/2022","12/16/2021","06/10/2024","12/19/2023","Permit","44740 PERFORMANCE CIR ASHBURN VA 20147","060209652000","DATA CENTER"
"B20269930100","Building Commercial - Alteration","Finaled","","01/13/2012","01/06/2012","","03/30/2012","Permit","43831 DEVIN SHAFRON DR ASHBURN VA 20147","089372808000","HOT AISLE CURTAINS IN DATA CENTER"
"B20269950100","Building Commercial - Alteration","Finaled","","01/13/2012","01/06/2012","","03/15/2012","Permit","STERLING VA 20166","045159083000","HOT AISLE CURTAINS IN DATA CENTER"
"B20281070100","Building Commercial - Tenant Fit-Up","Finaled","","02/15/2012","02/02/2012","","05/16/2012","Permit","45360 SEVERN WAY W STERLING VA 20166","042200988000","TENANT FIT UP/OFFICE RENOVATION"
"B20340660100","Building Commercial - New Construction","Finaled","","06/29/2012","05/29/2012","","03/27/2013","Permit","43940 DIGITAL LOUDOUN PLZ ASHBURN VA 20147","089291706000","NEW DATA CENTER"
"B20394550100","Building Commercial - Tenant Fit-Up","Finaled","","10/17/2012","09/13/2012","","07/30/2015","Permit","44664 GUILFORD DR Unit: # 141 ASHBURN VA 20147","060298548000","TENANT FIT UP"
"B20394560100","Building Commercial - Addition","Finaled","","10/17/2012","09/13/2012","","07/30/2015","Permit","44664 GUILFORD DR Unit: # 141 ASHBURN VA 20147","060298548000","EXPANSION"
"B20448700100","Building Commercial - New Construction","Issued Certificate of Occupancy","","04/11/2022","01/14/2022","04/14/2025","10/16/2024","Permit","45130 VANTAGE DATA PLZ STERLING VA 20166","044381108002","DATA CENTER"
"B20448810100","Building Commercial - Tenant Fit-Up","Finaled","","02/16/2022","01/14/2022","","01/24/2023","Permit","45070 VANTAGE DATA PLZ STERLING VA 20166","044381108001","TENANT FIT UP"
"B20456920100","Building Commercial - New Construction","Finaled","","03/09/2022","01/27/2022","","01/27/2023","Permit","44675 QUALITY TECH LN STERLING VA 20166","063498140000","NEW DATA CENTER"
"B20502130100","Building Commercial - Alteration","Cancelled","","04/25/2022","03/30/2022","","","Permit","43915 DEVIN SHAFRON DR Unit: # 120 ASHBURN VA 20147","089382215000","DATA CENTER RENOVATIONS"
"B20539370100","Building Commercial - Alteration","Finaled","","10/31/2022","05/18/2022","02/08/2027","08/11/2026","Permit","21715 FILIGREE CT ASHBURN VA 20147","061483407000","DATA CENTER RENOVATION"
"B20563590100","Building Commercial - Tenant Fit-Up","Issued Certificate of Occupancy","","08/10/2022","06/22/2022","03/25/2024","10/26/2023","Permit","21745 RED RUM DR Unit: 130 ASHBURN VA 20147","088392214000","TENANT FIT UP"
"B20564260100","Building Commercial - New Construction","Issued Certificate of Occupancy","","08/15/2022","06/23/2022","05/06/2025","09/24/2025","Permit","43920 LONE CEDAR LN CHANTILLY VA 20152","096183926000","NEW SHELL AND T L"
"B20579100100","Building Commercial - New Construction","Finaled","","10/13/2022","07/14/2022","09/17/2025","05/16/2024","Permit","22715 RELOCATION DR STERLING VA 20166","045279612000","NEW CONSTRUCTION. revisions. electronic copy"
"B20582330100","Building Commercial - Tenant Fit-Up","Issued Certificate of Occupancy","","08/03/2022","07/19/2022","08/28/2024","03/20/2024","Permit","21745 RED RUM DR Unit: 120 ASHBURN VA 20147","088392214000","TENANT FIT UP"
"B20586540100","Building Commercial - Alteration","Finaled","","08/29/2022","07/25/2022","04/29/2024","07/13/2023","Permit","45905 MARIES RD STERLING VA 20166","030296913000","INTERIOR DATA HALL - DH20"
"B20600690100","Building Commercial - New Construction","Issued Certificate of Occupancy","","10/13/2022","08/12/2022","05/14/2025","10/22/2024","Permit","24171 YOUNGWOOD LN ALDIE VA 20105","203371445000","NEW CONSTUCTION / DATA CENTER"
"B20616170100","Building Commercial - Tenant Fit-Up","Issued Certificate of Occupancy","","09/14/2023","09/07/2022","04/27/2026","11/03/2025","Permit","41679 INCLUSION LN LEESBURG VA 20175","235297431000","FIT UP / COLO 4"
"B20619100100","Building Commercial - Tenant Fit-Up","Issued Certificate of Occupancy","","05/24/2023","09/12/2022","10/13/2026","04/16/2026","Permit","24224 QUAIL RIDGE LN ALDIE VA 20105","246200886000","TENANT FIT UP /PHASE 2"
"B20654800100","Building Commercial - New Construction","Issued Certificate of Occupancy","","03/10/2023","11/04/2022","10/23/2024","04/30/2024","Permit","22588 RELOCATION DR STERLING VA 20166","045399350000","NEW CONSTRUCTION / SHELL"
"B20655910100","Building Commercial - New Construction","Issued","","05/25/2023","11/07/2022","12/14/2026","","Permit","24234 QUAIL RIDGE LN ALDIE VA 20105","246203645000","DATA CENTER SHELL"
"B20656720100","Building Commercial - New Construction","Issued","","05/25/2023","11/09/2022","01/11/2027","","Permit","24214 QUAIL RIDGE LN ALDIE VA 20105","246203645000","DATA CENTER SHELL"
"B20683790100","Building Commercial - New Construction","Issued Certificate of Occupancy","","04/11/2023","12/28/2022","10/22/2024","04/26/2024","Permit","22435 GLENN DR STERLING VA 20164","032155119000","NEW DATA CENTER"
"B30061720100","Building Commercial - Alteration","Finaled","UNIVERSITY CENTER PROJECT","02/04/2003","01/28/2003","","01/21/2004","Permit","44983 KNOLL SQ ASHBURN VA 20147","039168997000","INTERIOR RENOVATION TO DATA CENTER"
"B30278430100","Building Commercial - Tenant Fit-Up","Finaled","","02/08/2013","01/23/2013","","08/07/2013","Permit","STERLING VA 20166","042295813000","TENANT FIT UP/DATA CENTER"
"B30295890100","Building Commercial - New Construction","Finaled","","03/21/2013","02/21/2013","","02/28/2014","Permit","43940 DIGITAL LOUDOUN PLZ ASHBURN VA 20147","089291706000","DATA CENTER/ADDITION"
"B30339440100","Building Commercial - New Construction","Finaled","","05/16/2013","04/30/2013","","02/03/2014","Permit","21271 SMITH SWITCH RD ASHBURN VA 20147","060485060000","SHELL BLD/DATA CENTER W/CORE WORK"
"B30344710100","Building Commercial - New Construction","Finaled","","06/07/2013","05/07/2013","","07/21/2014","Permit","21625 GRESHAM DR ASHBURN VA 20147","061467942000","DATA CENTER"
"B30422750100","Building Commercial - New Construction","Finaled","","10/22/2013","09/20/2013","","08/26/2014","Permit","44060 DIGITAL LOUDOUN PLZ ASHBURN VA 20147","089291706000","DATA CENTER"
"B30437060100","Building Commercial - Alteration","Finaled","","10/24/2013","10/18/2013","","04/23/2014","Permit","21110 RIDGETOP CIR STERLING VA 20166","030399036000","RENOVATION"
"B30475780100","Building Commercial - Tenant Fit-Up","Issued Certificate of Occupancy","","03/10/2023","01/04/2023","10/23/2024","04/30/2024","Permit","22588 RELOCATION DR STERLING VA 20166","045399350000","TENANT FIT UP"
"B30479000100","Building Commercial - Tenant Fit-Up","Finaled","","03/16/2023","01/11/2023","","05/09/2023","Permit","22175 BEAUMEADE CIR ASHBURN VA 20147","061298643000","TENANT FIT UP / SEE NARRATIVE"
"B30479070100","Building Commercial - Tenant Fit-Up","Issued Certificate of Occupancy","","03/16/2023","01/11/2023","05/13/2024","11/15/2023","Permit","22175 BEAUMEADE CIR ASHBURN VA 20147","061298643000","TENANT FIT UP / SEE NARRATIVE"
"B30479610100","Building Commercial - Alteration","Issued","","01/24/2023","01/12/2023","07/24/2023","","Permit","44761 GIGABIT PLZ ASHBURN VA 20147","088407447000","HOT AISLE CONTAINMENT"
"B30500150100","Building Commercial - Alteration","Finaled","","03/10/2023","02/14/2023","11/13/2024","05/17/2024","Permit","22588 RELOCATION DR STERLING VA 20166","045399350000","DATA HALL FIT OUT"
"B30531920100","Building Commercial - New Construction","Issued Certificate of Occupancy","","05/26/2023","04/03/2023","09/08/2026","05/01/2026","Permit","21800 BEAUMEADE CIR ASHBURN VA 20147","061307718000","NEW DATA CENTER"
"B30532660100","Building Commercial - New Construction","Issued Certificate of Occupancy","","04/05/2023","04/04/2023","06/10/2024","12/19/2023","Permit","44740 PERFORMANCE CIR ASHBURN VA 20147","060209652000","DATA CENTER"
"B30565920100","Building Commercial - Tenant Fit-Up","Issued Certificate of Occupancy","","08/28/2023","05/23/2023","09/09/2024","03/29/2024","Permit","42310 THUNDERBALL DR LEESBURG VA 20175","194102562000","EXISTING TENANT / INTERIOR ALT."
"B30570710100","Building Commercial - New Construction","Issued Certificate of Occupancy","","07/10/2023","06/01/2023","08/13/2025","02/18/2025","Permit","22365 GLENN DR STERLING VA 20164","032155119000","NEW CONSTRUCTION / DATA CENTER"
"B30595980100","Building Commercial - New Construction","Issued Certificate of Occupancy","","11/17/2023","07/11/2023","01/06/2027","07/10/2026","Permit","43301 DATA DR ASHBURN VA 20147","113272390000","NEW CONSTRUCTION. electronic copy"
"B40276870100","Building Commercial - New Construction","Cancelled","","","01/27/2014","","","Permit","22745 RELOCATION DR STERLING VA 20166","045175529000","NEW DATA CENTER"
"B40278990100","Building Commercial - Tenant Fit-Up","Finaled","","02/18/2014","01/30/2014","","06/19/2014","Permit","43940 DIGITAL LOUDOUN PLZ ASHBURN VA 20147","089291706000","TENANT FIT UP/DATA CENTER"
"B40279470100","Building Commercial - Tenant Fit-Up","Finaled","","06/03/2014","01/31/2014","","10/09/2014","Permit","STERLING VA 20166","045391908000","TENANT FIT UP/DATA CENTER/PHASE I"
"B40285230100","Building Commercial - Tenant Fit-Up","Finaled","","06/03/2014","02/12/2014","","10/09/2014","Permit","STERLING VA 20166","045391908000","TENANT FIT UP/DATA CENTER/PHASE II"
"B40285240100","Building Commercial - Tenant Fit-Up","Finaled","","06/03/2014","02/12/2014","","10/22/2014","Permit","STERLING VA 20166","045391908000","TENANT FIT UP/DATA CENTER/PHASE III"
"B40285250100","Building Commercial - Tenant Fit-Up","Finaled","","06/03/2014","02/12/2014","","10/22/2014","Permit","STERLING VA 20166","045391908000","TENANT FIT UP/DATA CENTER/PHASE IV"
"B40316450100","Building Commercial - New Construction","Finaled","","05/15/2014","04/14/2014","","04/21/2015","Permit","21111 RIDGETOP CIR STERLING VA 20166","030392674000","DATA CENTER"
"B40429010100","Building Commercial - New Construction","Finaled","","02/03/2015","10/28/2014","","01/31/2018","Permit","ASHBURN VA 20147","060386530000","DATA CENTER"
"B40455430100","Building Commercial - Addition","Finaled","","02/03/2015","12/22/2014","","01/31/2018","Permit","ASHBURN VA 20147","060386530000","ADDITION"
"B50370260100","Building Commercial - Alteration","Cancelled","","","05/15/2015","","","Permit","21625 GRESHAM DR ASHBURN VA 20147","061467942000","DATA CENTER WORK"
"B50389010100","Building Commercial - Repair","Expired","","06/18/2015","06/15/2015","","","Permit","ASHBURN VA 20147","060298548000","RE-ROOF"
"B50419470100","Building Commercial - Demolition","Finaled","","08/13/2015","08/07/2015","","09/02/2016","Permit","21800 BEAUMEADE CIR ASHBURN VA 20147","061307718000","DEMO / INTERIOR"
"B50449830100","Building Commercial - New Construction","Finaled","","10/15/2015","10/06/2015","","06/14/2016","Permit","44862 INTERCONNECTION PL ASHBURN VA 20147","060307119000","NEW WAREHOUSE/DATA CENTER"
"B50453140100","Building Commercial - New Construction","Finaled","","12/04/2015","10/14/2015","","08/16/2016","Permit","44858 INTERCONNECTION PL ASHBURN VA 20147","060307119000","NEW WAREHOUSE/DATA CENTER"
"B50456040100","Building Commercial - New Construction","Finaled","","12/08/2015","10/20/2015","","03/22/2017","Permit","42949 FADELEY LN STERLING VA 20166","162392026000","DATA CENTER"
"B50485160100","Building Commercial - Tenant Fit-Up","Finaled","","12/31/2015","12/15/2015","","03/24/2016","Permit","21625 GRESHAM DR ASHBURN VA 20147","061467942000","TENANT FIT UP"
"B60098680100","Building Commercial - Tenant Fit-Up","Finaled","","08/30/2006","03/07/2006","","02/09/2007","Permit","21571 BEAUMEADE CIR ASHBURN VA 20147","060202337000","ALTERATIONS/EXISTING TENANT"
"B60258250100","Building Commercial - New Construction","Finaled","","03/16/2016","02/05/2016","","12/22/2016","Permit","43780 DIGITAL LOUDOUN PLZ ASHBURN VA 20147","089291706000","SHELL DATA CENTER/NO INTERIOR WALLS/CORE"
"B60271020100","Building Commercial - New Construction","Finaled","","04/08/2016","03/03/2016","","09/29/2016","Permit","44854 INTERCONNECTION PL ASHBURN VA 20147","060307119000","DATA CENTER"
"B60283300100","Building Commercial - New Construction","Finaled","","06/21/2016","03/23/2016","","04/21/2017","Permit","21745 SIR TIMOTHY DR ASHBURN VA 20147","061361948000","DATA CENTER"
"B60293770100","Building Commercial - New Construction","Finaled","","07/13/2016","04/08/2016","","08/25/2017","Permit","44790 PERFORMANCE CIR ASHBURN VA 20147","060209652000","DATA CENTER"
"B60370360100","Building Commercial - Tenant Fit-Up","Finaled","","09/26/2016","08/09/2016","","01/04/2017","Permit","22811 INTERNATIONAL DR STERLING VA 20166","034462865000","TENANT FIT UP / DATA CENTER"
"B60389740100","Building Commercial - Change of Use","Finaled","","02/16/2017","09/09/2016","","07/25/2017","Permit","21631 RED RUM DR Unit: # 100 ASHBURN VA 20147","088381788000","CHANGE OF USE/DATA CENTER"
"B60404370100","Building Commercial - Alteration","Issued","","10/13/2016","10/03/2016","","","Permit","22080 PACIFIC BLVD STERLING VA 20166","044261032000","REPLACE ROOF"
"B60426820100","Building Commercial - New Construction","Finaled","KINCORA PROJECT","12/06/2016","11/16/2016","","08/25/2017","Permit","21350 PACIFIC BLVD STERLING VA 20166","042394385001","DATA CENTER"
"B60430220100","Building Commercial - New Construction","Finaled","","01/13/2017","11/22/2016","","11/14/2017","Permit","45900 PATHFINDER PLZ STERLING VA 20164","033201325000","NEW SHELL BLD / WARM LIT"
"B60448860100","Building Commercial - Tenant Fit-Up","Finaled","","01/26/2017","12/28/2016","","09/11/2017","Permit","22080 PACIFIC BLVD STERLING VA 20166","044261032000","TENANT FIT UP"
"B70062791300","Building Commercial - New Construction","Finaled","","01/19/2000","12/09/1999","","07/14/2000","Permit","21830 UUNET DR ASHBURN VA 20147","088200644000","NEW BLDG - DATA CENTER"
"B70126130100","Building Commercial - New Construction","Finaled","COMMONWEALTH CENTER PROJECT","08/03/2007","05/01/2007","","10/28/2008","Permit","45005 RUSSELL BRANCH PKWY ASHBURN VA 20147","040464286000","DATA CENTER"
"B70236240100","Building Commercial - New Construction","Finaled","","03/13/2008","12/21/2007","","07/30/2009","Permit","44521 HASTINGS DR ASHBURN VA 20147","060170268000","NEW DATA CENTER"
"B70245830100","Building Commercial - New Construction","Finaled","","01/27/2017","01/20/2017","","01/23/2018","Permit","44245 GIGABIT PLZ ASHBURN VA 20147","088407447000","DATA CENTER"
"B70247020100","Building Commercial - Tenant Fit-Up","Finaled","","02/03/2017","01/23/2017","","10/27/2017","Permit","22811 INTERNATIONAL DR STERLING VA 20166","034462865000","FUTURE TENANT FIT UP/DATA CENTER"
"B70251370100","Building Commercial - Addition","Finaled","","03/15/2017","01/30/2017","","09/29/2017","Permit","44274 ROUND TABLE PLZ ASHBURN VA 20147","062462761000","SHELL ADDITION TO EXISTING DATA CENTER"
"B70253660100","Building Commercial - Alteration","Finaled","","02/23/2017","02/01/2017","","01/26/2018","Permit","22080 PACIFIC BLVD STERLING VA 20166","044261032000","RENOVATION TO DATA CENTER"
"B70253710100","Building Commercial - Tenant Fit-Up","Finaled","","02/09/2017","02/01/2017","","06/05/2017","Permit","43780 DIGITAL LOUDOUN PLZ ASHBURN VA 20147","089291706000","TENANT FIT UP TO DATA CENTER"
"B70262950100","Building Commercial - Alteration","Finaled","","03/21/2017","02/17/2017","","12/15/2017","Permit","44245 GIGABIT PLZ ASHBURN VA 20147","088407447000","PHASE I / DATA CENTER"
"B70267480100","Building Commercial - New Construction","Finaled","","06/28/2017","02/27/2017","","03/08/2018","Permit","42948 FADELEY LN STERLING VA 20166","162392026000","BUILDING 2 / DATA CENTER"
"B70270010100","Building Commercial - Tenant Fit-Up","Finaled","KINCORA PROJECT","04/20/2017","03/01/2017","","08/28/2017","Permit","21350 PACIFIC BLVD STERLING VA 20166","042394385001","TENANT FIT UP / DATA CENTER"
"B70277170100","Building Commercial - Alteration","Finaled","","07/05/2017","03/13/2017","","12/15/2017","Permit","44245 GIGABIT PLZ ASHBURN VA 20147","088407447000","PHASE 1 INTER TFU / DATA CENTER"
"B70278910100","Building Commercial - New Construction","Finaled","","06/21/2017","03/16/2017","","04/19/2018","Permit","21744 SIR TIMOTHY DR ASHBURN VA 20147","061268762000","DATA CENTER"
"B70305410100","Building Commercial - Tenant Fit-Up","Cancelled","","","04/20/2017","","","Permit","22080 PACIFIC BLVD STERLING VA 20166","044261032000","TENANT FIT UP"
"B70306650100","Building Commercial - New Construction","Finaled","","08/29/2017","04/21/2017","","09/04/2019","Permit","22271 BRODERICK DR STERLING VA 20166","044152877000","DATA CENTER/SHELL & CORE WORK"
"B70314280100","Building Commercial - Tenant Fit-Up","Cancelled","","12/19/2017","05/02/2017","","","Permit","42948 FADELEY LN STERLING VA 20166","162392026000","TENANT FIT UP / OFFICE IN DATA CENTER"
"B70314360100","Building Commercial - Tenant Fit-Up","Cancelled","","12/19/2017","05/02/2017","","","Permit","42948 FADELEY LN STERLING VA 20166","162392026000","TENANT FIT UP / PHASE 2 IN DATA CENTER"
"B70314370100","Building Commercial - Tenant Fit-Up","Cancelled","","12/19/2017","05/02/2017","","","Permit","42948 FADELEY LN STERLING VA 20166","162392026000","TENANT FIT UP / PHASE 3 IN DATA CENTER"
"B70314380100","Building Commercial - Tenant Fit-Up","Cancelled","","12/19/2017","05/02/2017","","","Permit","42948 FADELEY LN STERLING VA 20166","162392026000","TENANT FIT UP / PHASE 4 IN DATA CENTER"
"B70314390100","Building Commercial - Tenant Fit-Up","Cancelled","","12/19/2017","05/02/2017","","","Permit","42948 FADELEY LN STERLING VA 20166","162392026000","TENANT FIT UP / PHASE 5 IN DATA CENTER"
"B70314400100","Building Commercial - Tenant Fit-Up","Cancelled","","12/19/2017","05/02/2017","","","Permit","42948 FADELEY LN STERLING VA 20166","162392026000","TENANT FIT UP / PHASE 6 IN DATA CENTER"
"B70314410100","Building Commercial - Tenant Fit-Up","Cancelled","","12/19/2017","05/02/2017","","","Permit","42948 FADELEY LN STERLING VA 20166","162392026000","TENANT FIT UP / PHASE 7 IN DATA CENTER"
"B70314420100","Building Commercial - Tenant Fit-Up","Cancelled","","12/19/2017","05/02/2017","","","Permit","42948 FADELEY LN STERLING VA 20166","162392026000","TENANT FIT UP / PHASE 8 IN DATA CENTER"
"B70314430100","Building Commercial - Tenant Fit-Up","Cancelled","","12/19/2017","05/02/2017","","","Permit","42948 FADELEY LN STERLING VA 20166","162392026000","TENANT FIT UP / PHASE 9 IN DATA CENTER"
"B70314440100","Building Commercial - Tenant Fit-Up","Cancelled","","12/19/2017","05/02/2017","","","Permit","42948 FADELEY LN STERLING VA 20166","162392026000","TENANT FIT UP / PHASE 10 IN DATA CENTER"
"B70316990100","Building Commercial - Tenant Fit-Up","Cancelled","","12/19/2017","05/04/2017","","","Permit","42948 FADELEY LN STERLING VA 20166","162392026000","TENANT FIT UP/PHASE 1 IN DATA CENTER"
"B70343430100","Building Commercial - Tenant Fit-Up","Finaled","","06/20/2017","06/13/2017","","07/11/2017","Permit","43940 DIGITAL LOUDOUN PLZ ASHBURN VA 20147","089291706000","TENANT FIT UP / DATA CENTER"
"B70385100100","Building Commercial - New Construction","Finaled","","12/08/2017","08/07/2017","","04/05/2019","Permit","25316 PREDICTION LN CHANTILLY VA 20152","097354183000","DATA CENTER /CORE & SHELL"
"B70397670100","Building Commercial - Tenant Fit-Up","Finaled","","09/15/2017","08/29/2017","","01/23/2018","Permit","21741 RED RUM DR Unit: 110 ASHBURN VA 20147","088392214000","TENANT FIT UP"
"B70429780100","Building Commercial - Tenant Fit-Up","Finaled","","11/02/2017","10/19/2017","","05/31/2018","Permit","21741 RED RUM DR Unit: 140 ASHBURN VA 20147","088392214000","TENANT FIT UP"
"B80073235800","Building Commercial - Alteration","Finaled","","11/01/2000","10/26/2000","","08/27/2001","Permit","22001 LOUDOUN COUNTY PKWY Unit: 125 ASHBURN VA 20147","061253412000","BUILDING/D-1/DATA CENTER C"
"B80073235900","Building Commercial - Alteration","Finaled","","11/01/2000","10/26/2000","","08/27/2001","Permit","22001 LOUDOUN COUNTY PKWY Unit: 125 ASHBURN VA 20147","061253412000","BUILDING/D-1/DATA CENTER D"
"B80217700100","Building Commercial - Tenant Fit-Up","Finaled","","01/19/2018","01/03/2018","","09/20/2018","Permit","21744 SIR TIMOTHY DR ASHBURN VA 20147","061268762000","DATA CENTER FIT UP"
"B80220930100","Building Commercial - New Construction","Finaled","","03/29/2018","01/09/2018","","07/09/2019","Permit","24178 UPPER WOODSIDE LN STERLING VA 20166","162392026000","DATA CENTER"
"B80221460100","Building Commercial - New Construction","Finaled","","01/11/2018","01/10/2018","","08/30/2018","Permit","20945 LOUDOUN COUNTY PKWY ASHBURN VA 20147","059309091000","DATA CENTER"
"B80223390100","Building Commercial - New Construction","Finaled","","02/07/2018","01/12/2018","","08/30/2018","Permit","20935 LOUDOUN COUNTY PKWY ASHBURN VA 20147","041352218000","DATA CENTER"
"B80233960100","Building Commercial - Tenant Fit-Up","Cancelled","","02/09/2018","01/31/2018","","","Permit","22080 PACIFIC BLVD STERLING VA 20166","044261032000","EXISTING TENANT ALTERATION"
"B80235230100","Building Commercial - Addition","Finaled","","03/19/2018","02/02/2018","","11/26/2018","Permit","44274 ROUND TABLE PLZ ASHBURN VA 20147","062462761000","ADDITION"
"B80240720100","Building Commercial - Tenant Fit-Up","Finaled","ARCOLA CENTER PROJECT","03/26/2018","02/09/2018","","08/26/2019","Permit","24400 HOWLING ROOSTER LN STERLING VA 20166","162176713000","DATA CENTER W/FULL FIT UP"
"B80245800100","Building Commercial - New Construction","Finaled","","05/07/2018","02/16/2018","","08/08/2019","Permit","21745 RED RUM DR Unit: 110 ASHBURN VA 20147","088392214000","DATA CENTER"
"B80258290100","Building Commercial - New Construction","Finaled","","03/29/2018","03/08/2018","","11/30/2018","Permit","44372 ROUND TABLE PLZ ASHBURN VA 20147","062462761000","DATA CENTER"
"B80268620100","Building Commercial - New Construction","Finaled","","05/03/2018","03/22/2018","","12/12/2019","Permit","21955 LOUDOUN COUNTY PKWY ASHBURN VA 20147","061177666001","NEW DATA CENTER"
"B80270360100","Building Commercial - New Construction","Finaled","","05/23/2018","03/26/2018","","02/28/2019","Permit","45200 VANTAGE DATA PLZ STERLING VA 20166","044288975001","DATA CENTER"
"B80278450100","Building Commercial - New Construction","Finaled","","05/08/2018","04/05/2018","","03/06/2019","Permit","22262 CLOUD PLZ STERLING VA 20166","044282013000","DATA CENTER"
"B80280910100","Building Commercial - New Construction","Finaled","KINCORA PROJECT","04/27/2018","04/10/2018","","02/21/2019","Permit","21350 PACIFIC BLVD STERLING VA 20166","042394385001","DATA CENTER CORE & SHELL"
"B80293260100","Building Commercial - New Construction","Finaled","","11/05/2018","04/27/2018","","10/12/2022","Permit","42310 THUNDERBALL DR LEESBURG VA 20175","194102562000","NEW DATA CENTER"
"B80293260200","Building Commercial - Addition","Finaled","","04/11/2019","03/04/2019","","10/11/2022","Permit","42310 THUNDERBALL DR LEESBURG VA 20175","194102562000","ADDITION TO DATA CENTER"
"B80293260400","Building Commercial - Addition","Finaled","","03/16/2021","02/24/2021","","10/12/2022","Permit","42310 THUNDERBALL DR LEESBURG VA 20175","194102562000","ADDITION"
"B80293260500","Building Commercial - Alteration","Finaled","","03/16/2021","02/24/2021","","10/11/2022","Permit","42310 THUNDERBALL DR LEESBURG VA 20175","194102562000","ALTERATION"
"B80296900100","Building Commercial - New Construction","Finaled","","06/15/2018","05/02/2018","","05/02/2019","Permit","45771 MARIES RD STERLING VA 20166","030382006000","SHELL BUILDING / WARM LIT"
"B80325700100","Building Commercial - Miscellaneous Structure","Finaled","","06/19/2018","06/13/2018","","02/24/2020","Permit","42311 THUNDERBALL DR LEESBURG VA 20175","194102562000","RETAINING WALL"
"B80328620100","Building Commercial - Miscellaneous Structure","Issued","","06/29/2018","06/18/2018","","","Permit","22271 BRODERICK DR STERLING VA 20166","044152877000","FREESTANDING SIGN"
"B80332600100","Building Commercial - Tenant Fit-Up","Finaled","","07/11/2018","06/23/2018","","11/30/2018","Permit","44372 ROUND TABLE PLZ ASHBURN VA 20147","062462761000","TENANT FIT UP"
"B80333910100","Building Commercial - New Construction","Finaled","","07/20/2018","06/26/2018","","09/25/2019","Permit","20491 GOOSE LANDING LN LEESBURG VA 20175","194498227000","DATA CENTER"
"B80353670100","Building Commercial - New Construction","Finaled","","09/21/2018","07/24/2018","","09/05/2019","Permit","44760 GIGABIT PLZ ASHBURN VA 20147","088407447000","DATA CENTER CORE/SHELL/FIT-UP"
"B80357860100","Building Commercial - Tenant Fit-Up","Finaled","","08/07/2018","07/31/2018","","08/24/2018","Permit","44245 GIGABIT PLZ ASHBURN VA 20147","088407447000","TENANT FIT UP"
"B80380440100","Building Commercial - Alteration","Finaled","","10/03/2018","09/07/2018","","04/18/2019","Permit","45905 MARIES RD STERLING VA 20166","030296913000","CHANGE USE TO DATA CENTER"
"B80381160100","Building Commercial - New Construction","Finaled","","11/05/2018","09/09/2018","","06/10/2020","Permit","44780 PERFORMANCE CIR ASHBURN VA 20147","060209652000","NEW DATA CENTER"
"B80399590100","Building Commercial - New Construction","Finaled","","11/30/2018","10/10/2018","","11/05/2019","Permit","21890 UUNET DR ASHBURN VA 20147","061355894000","NEW DATA CENTER"
"B80400830100","Building Commercial - Tenant Fit-Up","Expired","","","10/11/2018","","","Permit","22080 PACIFIC BLVD STERLING VA 20166","044261032000","EXISTING TENANT ALTERATIONS"
"B80405170100","Building Commercial - Tenant Fit-Up","Finaled","","12/05/2018","10/17/2018","","11/13/2019","Permit","45200 VANTAGE DATA PLZ STERLING VA 20166","044288975001","TENANT FIT UP"
"B80432150100","Building Commercial - New Construction","Finaled","","01/09/2019","11/29/2018","","03/20/2020","Permit","44621 WAXPOOL RD ASHBURN VA 20147","061275931000","NEW DATA CENTER"
"B90088420100","Building Commercial - Tenant Fit-Up","Finaled","","03/06/2009","02/24/2009","","06/19/2009","Permit","ASHBURN VA 20147","088381788000","TENANT FIT UP"
"B90186890100","Building Commercial - Alteration","Finaled","","01/09/2019","01/02/2019","","02/04/2019","Permit","44664 GUILFORD DR Unit: # 141 ASHBURN VA 20147","060298548000","PLUMBING MODIFICATIONS"
"B90189110100","Building Commercial - Tenant Fit-Up","Finaled","","02/04/2019","01/06/2019","","07/15/2020","Permit","45200 VANTAGE DATA PLZ STERLING VA 20166","044288975001","TENANT FIT UP"
"B90196330100","Building Commercial - New Construction","Finaled","","02/14/2019","01/18/2019","","12/15/2020","Permit","44761 GIGABIT PLZ ASHBURN VA 20147","088407447000","NEW DATA CENTER / SHELL & CORE"
"B90233000100","Building Commercial - New Construction","Cancelled","KINCORA PROJECT","","03/21/2019","","","Permit","21350 PACIFIC BLVD STERLING VA 20166","042394385001","DATA CENTER / PHASE 3"
"B90234860001","Building Commercial - Miscellaneous Structure","Cancelled","","","03/25/2019","","","Permit","21191 ATLANTIC BLVD STERLING VA 20166","029151809000","NEW COLD SHELL BUILDING"
"B90237820100","Building Commercial - Demolition","Cancelled","","","03/26/2019","","","Permit","22080 PACIFIC BLVD STERLING VA 20166","044261032000","INTERIOR DEMO"
"B90275380100","Building Commercial - New Construction","Finaled","","06/12/2019","05/20/2019","","07/20/2021","Permit","20481 GOOSE LANDING LN LEESBURG VA 20175","194498227000","DATA CENTER"
"B90319710100","Building Commercial - New Construction","Finaled","KINCORA PROJECT","11/18/2019","07/20/2019","","12/10/2020","Permit","21340 PACIFIC BLVD STERLING VA 20166","042394385003","DATA CENTER / CORE & SHELL"
"B90333960100","Building Commercial - Tenant Fit-Up","Finaled","","08/29/2019","08/08/2019","","12/27/2019","Permit","22080 PACIFIC BLVD STERLING VA 20166","044261032000","TENANT FIT UP"
"B90344910001","Building Commercial - Miscellaneous Structure","Finaled","","10/23/2019","08/28/2019","","01/23/2020","Permit","44274 ROUND TABLE PLZ ASHBURN VA 20147","062462761000","MONUMENT SIGN"
"B90355570100","Building Commercial - Tenant Fit-Up","Finaled","","09/17/2019","09/10/2019","","04/14/2021","Permit","21745 RED RUM DR Unit: 210 ASHBURN VA 20147","088392214000","TENANT FIT UP"
"B90369130100","Building Commercial - Tenant Fit-Up","Finaled","","10/23/2019","10/01/2019","","12/27/2019","Permit","22080 PACIFIC BLVD STERLING VA 20166","044261032000","TENANT FIT UP"
"B90377630100","Building Commercial - New Construction","Finaled","","11/05/2019","10/16/2019","","11/02/2020","Permit","22175 BEAUMEADE CIR ASHBURN VA 20147","061298643000","NEW DATA CENTER"
"B90385080100","Building Commercial - Miscellaneous Structure","Finaled","","11/05/2019","10/24/2019","","01/17/2020","Permit","22262 CLOUD PLZ STERLING VA 20166","044282013000","CANOPY"
"BLDC-2023-000270","Building Commercial - New Construction","Issued Certificate of Occupancy","","10/17/2023","08/15/2023","04/14/2026","10/20/2025","Permit","41835 DULLES WEST BLVD ALDIE VA 20105","203371445000","The proposed building is to be occupied by Yondr for the purposes of data storage and support office use."
"BLDC-2023-000531","Building Commercial - Alteration","Issued","","10/04/2023","08/16/2023","05/06/2024","","Permit","22630 DULLES SUMMIT CT Unit: 100 STERLING VA 20166","045159083000","Install new cable tray and supports"
"BLDC-2023-000682","Building Commercial - Alteration","Finaled","","10/04/2023","08/16/2023","07/22/2024","01/23/2024","Permit","44495  GIGABIT PLZ  ASHBURN VA 20147","088407447000","Hot-Aisle-Containment"
"BLDC-2023-000770","Building Commercial - Alteration","Finaled","","09/25/2023","08/17/2023","09/03/2024","03/06/2024","Permit","19525 COMPASS CREEK PKWY LEESBURG VA 20175","235297431000","interior remodel"
"BLDC-2023-000949","Building Commercial - Alteration","Issued","","09/28/2023","08/17/2023","06/04/2024","","Permit","42949  FADELEY LN  STERLING VA 20166","162392026000","iad 62 wind brace remediations"
"BLDC-2023-000959","Building Commercial - Alteration","Cancelled","","","08/17/2023","","","Permit","45220 PROLOGIS PLZ Unit: 110 STERLING VA 20166","045391908000","IAD 51 STAIR TOWER MODIFICATIONS"
"BLDC-2023-000961","Building Commercial - Alteration","Cancelled","","","08/17/2023","","","Permit","45220 PROLOGIS PLZ Unit: 110 STERLING VA 20166","045391908000","IAD 51 NITROGEN VENTILATION PROJECT"
"BLDC-2023-000964","Building Commercial - Alteration","Cancelled","","","08/17/2023","","","Permit","22630 DULLES SUMMIT CT Unit: 100 STERLING VA 20166","045159083000","IAD 12 NITROGEN VENTILATON"
"BLDC-2023-001022","Building Commercial - Alteration","Issued","","10/04/2023","08/18/2023","04/01/2024","","Permit","21821  UUNET DR  ASHBURN VA 20147","088101859000","IAD 02 SITE SECURITY UPGRADES"
"BLDC-2023-001236","Building Commercial - Alteration","Finaled","","10/02/2023","08/21/2023","10/30/2024","05/03/2024","Permit","42948  FADELEY LN  STERLING VA 20166","162392026000","Electrical equipment and busway upgrades, along with some minor mechanical upgrades, and related structural supports."
"BLDC-2023-001583","Building Commercial - Alteration","Issued","","10/19/2023","08/22/2023","06/03/2024","","Permit","22291 SHELLHORN RD ASHBURN VA 20147","089100937000","Installation of (9) Hot Aisle Containment Systems Approx. 4' x 38'"
"BLDC-2023-002051","Building Commercial - Alteration","Finaled","","10/04/2023","08/24/2023","07/22/2024","01/24/2024","Permit","44245  GIGABIT PLZ  ASHBURN VA 20147","088407447000","Interior alteration to accommodate new office space."
"BLDC-2023-002066","Building Commercial - Alteration","Issued","","10/03/2023","08/24/2023","06/18/2024","","Permit","43290  OLD OX RD  STERLING VA 20166","124369522000","sterling 9 bulletin 01 customer fitout"
"BLDC-2023-002911","Building Commercial - Alteration","Issued Certificate of Occupancy","","10/17/2023","08/30/2023","10/16/2024","04/17/2024","Permit","43704  EFFICIENCY DR  STERLING VA 20166","092192834000","Suite 110
Data Hall fit-out in an existing data center"
"BLDC-2023-003154","Building Commercial - Alteration","Issued Certificate of Occupancy","","10/17/2023","09/01/2023","12/09/2024","06/10/2024","Permit","43704  EFFICIENCY DR  STERLING VA 20166","092192834000","Suite 210

Data Hall fit out in an existing data center."
"BLDC-2023-003868","Building Commercial - Occupancy Only","Issued","","11/08/2023","09/07/2023","05/06/2024","","Permit","22648  GLENN DR  Unit: 102 STERLING VA 20164","033268087032","Office/Computer repair"
"BLDC-2023-004081","Building Commercial - Alteration","Finaled","","09/25/2023","09/08/2023","01/06/2025","07/09/2024","Permit","21890  UUNET DR  ASHBURN VA 20147","061355894000","temp generator addition"
"BLDC-2023-004503","Building Commercial - New Construction","Issued","","01/03/2024","09/11/2023","02/09/2026","06/17/2026","Permit","20575  CELTIC PARK DR  LEESBURG VA 20175","193180871000","Building 1 of 2 on campus. Revision.  Electronic copy 
CURRENT: CORE/SHELL 3 STORY FLEX WAREHOUSE AND COMMERCIAL OFFICE
FUTURE PURPOSE OF SPACE: 3 STORY SINGLE TENANT COMPUTER DATA CENTER
Associated grading permit: (County #X20231280001)"
"BLDC-2023-004504","Building Commercial - New Construction","Issued","","01/03/2024","09/11/2023","01/27/2026","","Permit","20335 CELTIC PARK DR LEESBURG VA 20175","193274995000","Building 2 of 2 on campus. revisions. electronic copy 
CURRENT: CORE/SHELL 3 STORY FLEX WAREHOUSE AND COMMERCIAL OFFICE
FUTURE PURPOSE OF SPACE: 3 STORY SINGLE TENANT COMPUTER DATA CENTER
Associated grading permit: (County #X20231280001)"
"BLDC-2023-005071","Building Commercial - Tenant Fit-Up","Issued Certificate of Occupancy","","12/14/2023","09/14/2023","01/13/2025","07/16/2024","Permit","21821  UUNET DR  ASHBURN VA 20147","088101859000","PROJECT ELYSIUM;  ALIGNED OFFICE FITOUT"
"BLDC-2023-005086","Building Commercial - Alteration","Finaled","","11/27/2023","09/14/2023","11/25/2024","05/28/2024","Permit","43774  CLUBBER LN  CHANTILLY VA 20152","097354183000","Remove and relocate interior walls to allow for future equipment."
"BLDC-2023-005522","Building Commercial - New Construction","Cancelled","","","09/16/2023","","","Permit","22271  SHELLHORN RD  ASHBURN VA 20147","089104437000","25,000 SF of tenant build out for data center space"
"BLDC-2023-005660","Building Commercial - Alteration","Finaled","","10/16/2023","09/17/2023","12/26/2024","06/28/2024","Permit","22271  SHELLHORN RD  ASHBURN VA 20147","089104437000","25000 SF data hall fitout"
"BLDC-2023-005806","Building Commercial - Alteration","Finaled","","11/02/2023","09/18/2023","07/31/2024","02/02/2024","Permit","21630  RED RUM DR  ASHBURN VA 20147","088481748000","Interior alterations for hot isle containment and Vesda modifications"
"BLDC-2023-005961","Building Commercial - New Construction","Issued Certificate of Occupancy","","05/29/2024","09/19/2023","05/20/2026","04/25/2024","Permit","22165  BEAUMEADE CIR  ASHBURN VA 20147","061301740000","New construction of a 250,000 SF, 4-story, precast data center with 8 data halls. Phase 1 will consist of a customer care area and 4 data halls with the the associated structural, mechanical, electrical, and plumbing work that is necessary to support the build-out."
"BLDC-2023-006144","Building Commercial - Alteration","Cancelled","","","09/20/2023","","","Permit","24171  YOUNGWOOD LN  ALDIE VA 20105","203371445000","Commercial Retaining wall"
"BLDC-2023-006388","Building Commercial - Miscellaneous Structure","Finaled","","10/26/2023","09/21/2023","12/24/2025","06/28/2025","Permit","24171  YOUNGWOOD LN  ALDIE VA 20105","203371445000","Commercial Retaining wall"
"BLDC-2023-006471","Building Commercial - Alteration","Finaled","","11/02/2023","09/21/2023","07/31/2024","02/02/2024","Permit","21630  RED RUM DR  ASHBURN VA 20147","088481748000","Interior alterations for hot isle containment and Vesda modifications"
"BLDC-2023-006507","Building Commercial - Alteration","Finaled","","11/08/2023","09/22/2023","11/25/2024","05/28/2024","Permit","25311  PREDICTION LN  CHANTILLY VA 20152","097354183000","Remove and relocate interior walls to allow for future equipment."
"BLDC-2023-006639","Building Commercial - New Construction","Issued","","11/22/2023","09/22/2023","05/20/2024","","Permit","21300  BEAUMEADE CIR  ASHBURN VA 20147","061303369000","Building Permit for Guard Shack"
"BLDC-2023-006663","Building Commercial - Tenant Fit-Up","Issued","","08/06/2024","09/22/2023","12/14/2026","","Permit","22210 LOUDOUN COUNTY PKWY ASHBURN VA 20147","062256361000",""
"BLDC-2023-006747","Building Commercial - Alteration","Finaled","","10/24/2023","09/23/2023","05/14/2025","04/05/2024","Permit","21890  UUNET DR  ASHBURN VA 20147","061355894000","PHASE 2"
"BLDC-2023-008323","Building Commercial - Alteration","Issued","","04/02/2024","10/02/2023","04/13/2026","","Permit","22745  RELOCATION DR  STERLING VA 20166","045175529000","Replacement of existing, end-of-life exterior water storage tanks with new water storage tanks and redundant water pumping equipment in new enclosure at existing data center."
"BLDC-2023-008325","Building Commercial - Alteration","Issued","","04/02/2024","10/02/2023","04/13/2026","","Permit","22755  RELOCATION DR  STERLING VA 20166","045175529000","Replacement of existing, end-of-life exterior water storage tanks with new water storage tanks and redundant water pumping equipment in new enclosure at existing data center."
"BLDC-2023-008520","Building Commercial - Alteration","Issued","","05/02/2024","10/03/2023","10/29/2024","","Permit","42949  FADELEY LN  STERLING VA 20166","162392026000","AWS Webservices has tasked ENERCON Services to do the following modifications to three of their sites: IAD 062, 068, and 081. 

The following is a high level design overview of the scope of the project.

Mechanical:
1.	Replace existing UV skids in mechanical rooms with new chlorination (oxidant generator) skids. Skids include hydrogen ventilation to the outside.
2.	Minor process piping modification for skid installation.
3.	Heat trace outdoor storage tank piping. Provide heat trace panels and one control panel per site.

Electrical:
1.	Install new power circuits from existing panel to power the heat trace panels and heat trace control panel.
2.	Install new power circuits from existing panel for the new chlorination skids per site.

Structural:
1.	Mount new heat trace panels and heat trace control panels.
2.	Support the minor processing pipe for skid connection."
"BLDC-2023-008524","Building Commercial - Alteration","Issued","","03/20/2024","10/03/2023","09/16/2024","","Permit","42948  FADELEY LN  STERLING VA 20166","162392026000","AWS Webservices has tasked ENERCON Services to do the following modifications to three of their sites: IAD 062, 068, and 081. 

The following is a high level design overview of the scope of the project.

Mechanical:
1.	Replace existing UV skids in mechanical rooms with new chlorination (oxidant generator) skids. Skids include hydrogen ventilation to the outside.
2.	Minor process piping modification for skid installation.
3.	Heat trace outdoor storage tank piping. Provide heat trace panels and one control panel per site.

Electrical:
1.	Install new power circuits from existing panel to power the heat trace panels and heat trace control panel.
2.	Install new power circuits from existing panel for the new chlorination skids per site.

Structural:
1.	Mount new heat trace panels and heat trace control panels.
2.	Support the minor processing pipe for skid connection."
"BLDC-2023-008526","Building Commercial - Alteration","Issued","","01/18/2024","10/03/2023","07/16/2024","","Permit","24178  UPPER WOODSIDE LN  STERLING VA 20166","162392026000","AWS Webservices has tasked ENERCON Services to do the following modifications to three of their sites: IAD 062, 068, and 081. 

The following is a high level design overview of the scope of the project.

Mechanical:
1.	Replace existing UV skids in mechanical rooms with new chlorination (oxidant generator) skids. Skids include hydrogen ventilation to the outside.
2.	Minor process piping modification for skid installation.
3.	Heat trace outdoor storage tank piping. Provide heat trace panels and one control panel per site.

Electrical:
1.	Install new power circuits from existing panel to power the heat trace panels and heat trace control panel.
2.	Install new power circuits from existing panel for the new chlorination skids per site.

Structural:
1.	Mount new heat trace panels and heat trace control panels.
2.	Support the minor processing pipe for skid connection."
"BLDC-2023-008975","Building Commercial - New Construction","Cancelled","","","10/05/2023","","","Permit","","061285496000","CloudHQ LC3 Data Center Drawings Revised / CANCELLED NEEDS TO UPLOAD REVISION TO B10399400100
Resubmission of LC3 TI Permit:  
Original Issue for Permit Set: 8/10/22 
New Issue for Permit Set: 9/12/23"
"BLDC-2023-009037","Building Commercial - Alteration","Issued","","05/28/2024","10/05/2023","11/24/2024","","Permit","45771  MARIES RD  STERLING VA 20166","030382006000","IAD 116 CABLE TRAY"
"BLDC-2023-009038","Building Commercial - Alteration","Issued","","05/02/2024","10/05/2023","10/29/2024","","Permit","45761  MARIES RD  STERLING VA 20166","030382006000","IAD 117 CABLE TRAY"
"BLDC-2023-009365","Building Commercial - New Construction","Issued Certificate of Occupancy","","04/03/2024","10/09/2023","09/01/2026","04/29/2026","Permit","22665 DULLES SUMMIT CT STERLING VA 20166","045252512000","Construction of new 2 story data center."
"BLDC-2023-009491","Building Commercial - Alteration","Finaled","","11/08/2023","10/10/2023","11/25/2024","05/28/2024","Permit","43736  CLUBBER LN  CHANTILLY VA 20152","097354183000","Remove and relocate interior walls to allow for future equipment."
"BLDC-2023-009540","Building Commercial - Alteration","Finaled","","11/03/2023","10/10/2023","06/18/2025","12/20/2024","Permit","42948  FADELEY LN  STERLING VA 20166","162392026000","Electrical equipment and busway upgrades in existing 1-story data center building."
"BLDC-2023-009634","Building Commercial - Alteration","Issued","","11/16/2023","10/10/2023","05/14/2024","","Permit","45110  LOUDOUN DOWNS LN  STERLING VA 20166","045282657000","Installation of new ductwork into existing Elec Rm for additional ventilation."
"BLDC-2023-009639","Building Commercial - Alteration","Issued","","11/16/2023","10/10/2023","05/14/2024","","Permit","45111  LOUDOUN DOWNS LN  STERLING VA 20166","045282657000","Installation of new ductwork into existing Elec Rm for additional ventilation."
"BLDC-2023-009725","Building Commercial - Tenant Fit-Up","Cancelled","","","10/11/2023","","","Permit","44495  GIGABIT PLZ  ASHBURN VA 20147","088407447000","Low Voltage Electrical.  Supply and install 12 cameras and replace 4 card readers with bio readers. / Cancelled needs to apply for electrical"
"BLDC-2023-009789","Building Commercial - Alteration","Fees Due","","","10/11/2023","","","Permit","44540  ROUND TABLE PLZ  ASHBURN VA 20147","062462761000","Hot Aisle Containment"
"BLDC-2023-009979","Building Commercial - Alteration","Finaled","","12/08/2023","10/12/2023","09/23/2024","03/25/2024","Permit","22435  GLENN DR  STERLING VA 20164","032155119000","Installation of Hot Aisle Containment System"
"BLDC-2023-010922","Building Commercial - Alteration","Finaled","","07/31/2024","10/18/2023","04/08/2026","10/10/2025","Permit","22916  INTERNATIONAL DR  STERLING VA 20166","034365461000","WMW EVERYWHERE AND ERE"
"BLDC-2023-010937","Building Commercial - Alteration","Issued","","10/30/2023","10/18/2023","04/29/2024","","Permit","45110  LOUDOUN DOWNS LN  STERLING VA 20166","045282657000","iad 88 air handler undeferral"
"BLDC-2023-010943","Building Commercial - Alteration","Issued","","10/24/2023","10/18/2023","04/22/2024","","Permit","45111  LOUDOUN DOWNS LN  STERLING VA 20166","045282657000","iad 89 air handler undeferral"
"BLDC-2023-010944","Building Commercial - Alteration","Finaled","","03/29/2024","10/18/2023","12/14/2026","06/16/2026","Permit","21271  SMITH SWITCH RD  ASHBURN VA 20147","060485060000","iad 50 rack installation"
"BLDC-2023-010945","Building Commercial - Alteration","Issued","","03/29/2024","10/18/2023","09/25/2024","","Permit","45220 PROLOGIS PLZ Unit: 110 STERLING VA 20166","045391908000","iad 51 rack installation"
"BLDC-2023-010946","Building Commercial - Alteration","Issued","","03/29/2024","10/18/2023","09/25/2024","","Permit","45210 PROLOGIS PLZ Unit: 115 STERLING VA 20166","045391908000","iad 56 rack installation"
"BLDC-2023-010947","Building Commercial - Alteration","Finaled","","03/27/2024","10/18/2023","02/09/2027","08/13/2026","Permit","22755  RELOCATION DR  STERLING VA 20166","045175529000","iad 57 rack installation"
"BLDC-2023-010948","Building Commercial - Alteration","Issued","","04/25/2024","10/18/2023","12/14/2026","","Permit","21267  SMITH SWITCH RD  ASHBURN VA 20147","060485060000","iad 60 rack installation"
"BLDC-2023-010951","Building Commercial - Alteration","Finaled","","03/29/2024","10/18/2023","12/21/2026","06/22/2026","Permit","25316  PREDICTION LN  CHANTILLY VA 20152","097354183000","iad 65 rack installation"
"BLDC-2023-010952","Building Commercial - Alteration","Issued","","10/24/2023","10/18/2023","02/08/2027","","Permit","22945  INTERNATIONAL DR  STERLING VA 20166","034357851000","iad 144 rack installation"
"BLDC-2023-010953","Building Commercial - Alteration","Issued","","03/29/2024","10/18/2023","09/25/2024","","Permit","25430  SUTTON BAY PLZ  CHANTILLY VA 20152","097398776000","iad 150 rack installation"
"BLDC-2023-011100","Building Commercial - Alteration","Issued Certificate of Occupancy","","11/22/2023","10/19/2023","09/17/2024","11/09/2023","Permit","22271  SHELLHORN RD  ASHBURN VA 20147","089104437000","Renovation of an open office space"
"BLDC-2023-011624","Building Commercial - Alteration","Finaled","","11/16/2023","10/24/2023","11/25/2024","05/28/2024","Permit","43701  CLUBBER LN  CHANTILLY VA 20152","097354183000","Remove and relocate interior walls to allow for future equipment."
"BLDC-2023-011736","Building Commercial - Alteration","Finaled","","11/09/2023","10/24/2023","02/09/2026","08/11/2025","Permit","45110  LOUDOUN DOWNS LN  STERLING VA 20166","045282657000","iad 88 wmw and ere"
"BLDC-2023-011789","Building Commercial - Alteration","Cancelled","","","10/24/2023","","","Permit","20575  CELTIC PARK DR  LEESBURG VA 20175","193180871000","Building 1 of 2 on the campus, interior fit out
EXISTING FUNCTION: CORE/SHELL 3 STORY FLEX WAREHOUSE AND COMMERCIAL OFFICE
PURPOSE OF ALTERATION: 3 STORY SINGLE TENANT COMPUTER DATA CENTER
Associated grading permit: (County #X20231280001)"
"BLDC-2023-011793","Building Commercial - Alteration","Cancelled","","","10/24/2023","","","Permit","20335  CELTIC PARK DR  LEESBURG VA 20175","193180871000","Building 2 of 2 on the campus, interior fit out
EXISTING FUNCTION: CORE/SHELL 3 STORY FLEX WAREHOUSE AND COMMERCIAL OFFICE
PURPOSE OF ALTERATION: 3 STORY SINGLE TENANT COMPUTER DATA CENTER
Associated grading permit: (County #X20231280001)"
"BLDC-2023-012293","Building Commercial - Alteration","Issued Certificate of Occupancy","","12/05/2023","10/26/2023","11/18/2025","05/22/2025","Permit","24400  HOWLING ROOSTER LN  STERLING VA 20166","162176713000","Fitout of existing warehouse space with server equipment, including power and HVAC distribution."
"BLDC-2023-012580","Building Commercial - Alteration","Issued","","12/15/2023","10/30/2023","07/01/2024","","Permit","22271  BRODERICK DR  STERLING VA 20166","044152877000","The submission of this Permit Application will be for the remove/replacement of existing doors and frames in our third (3rd) floor datahalls.  

This work will entail the removal of existing doors and frames and replacing them with new doors and frames."
"BLDC-2023-013662","Building Commercial - Alteration","Expired","","11/12/2023","11/03/2023","05/10/2024","","Permit","44495  GIGABIT PLZ  ASHBURN VA 20147","088407447000","The proposed scope is for the client fit out of the Vault 2.1 space inside of previously constructed NTT VA6 facility. The client fit out of Vault 2.1 space is previously permitted under B30610240100 but is intended to be separated into a standalone permit with this new permit. The client fit out of the Vault 2.1 space will be removed from the aforementioned existing T.I. permit B30610240100."
"BLDC-2023-014221","Building Commercial - Sales Trailer","Not Required","","","11/06/2023","","","Permit","","194498227000","24x 60 temp construction trailer for WT"
"BLDC-2023-014291","Building Commercial - Alteration","Issued","","12/20/2023","11/06/2023","06/17/2024","","Permit","44761  GIGABIT PLZ  ASHBURN VA 20147","088407447000","Hot Aisle Containment installation"
"BLDC-2023-014466","Building Commercial - Alteration","Finaled","","04/01/2024","11/07/2023","02/03/2027","08/07/2026","Permit","45360 W SEVERN WAY  STERLING VA 20166","042200988000","IAD 10 RACK INSTALLATIONS"
"BLDC-2023-014467","Building Commercial - Alteration","Issued","","04/01/2024","11/07/2023","09/28/2024","","Permit","43790 DEVIN SHAFRON DR Unit: 101 ASHBURN VA 20147","089374763001","IAD 13 RACK INSTALLATIONS"
"BLDC-2023-014468","Building Commercial - Alteration","Finaled","","03/29/2024","11/07/2023","12/14/2026","06/16/2026","Permit","21263  SMITH SWITCH RD  ASHBURN VA 20147","060485060000","IAD 71 RACK INSTALLATION"
"BLDC-2023-014472","Building Commercial - Alteration","Issued","","03/29/2024","11/07/2023","09/25/2024","","Permit","22916  INTERNATIONAL DR  STERLING VA 20166","034365461000","IAD 145 RACK INSTALLATIONS"
"BLDC-2023-014487","Building Commercial - Alteration","Finaled","","11/17/2023","11/07/2023","10/30/2024","05/03/2024","Permit","44740  PERFORMANCE CIR  ASHBURN VA 20147","060209652000","DC16 PHASE 2.1 FITOUT"
"BLDC-2023-014604","Building Commercial - Alteration","Finaled","","12/05/2023","11/08/2023","11/25/2024","05/28/2024","Permit","25316  PREDICTION LN  CHANTILLY VA 20152","097354183000","Remove and relocate interior walls to allow for future equipment."
"BLDC-2023-015067","Building Commercial - Demolition","Finaled","","12/06/2023","11/09/2023","06/03/2024","05/09/2024","Permit","45580  TERMINAL DR  STERLING VA 20166","033165945000","Interior demo only permit"
"BLDC-2023-015742","Building Commercial - Alteration","Finaled","","12/20/2023","11/14/2023","07/30/2024","02/01/2024","Permit","43290  OLD OX RD  STERLING VA 20166","124369522000","New secure client cage and 2 exit signs."
"BLDC-2023-015745","Building Commercial - Alteration","Finaled","","12/18/2023","11/14/2023","09/03/2024","03/05/2024","Permit","21111  RIDGETOP CIR  STERLING VA 20166","030392674000","Constructing (4) small offices"
"BLDC-2023-016048","Building Commercial - Tenant Fit-Up","Issued Certificate of Occupancy","","05/24/2024","11/15/2023","04/06/2026","10/08/2025","Permit","22275  LOCKRIDGE RD  STERLING VA 20166","062279710000","THE PROPOSED PROJECT IS A 3-STORY, SINGLE TENANT, PHASED INTERIOR BUILD-OUT OF AN EXISTING SHELL BUILDING FOR
USE AS A DATA CENTER - WHICH WILL HOUSE COMPUTERS, RELATED INFRASTRUCTURE, ADMINISTRATIVE/OFFICE AREAS, AND
DATA HALL WITH ASSOCIATED AIR HANDLING & ELECTRICAL EQUIPMENT IN PHASE 1. SUBSEQUENT DATA HALL AREA(S) WITH
ASSOCIATED AIR HANDLING & ELECTRICAL EQUIPMENT ROOMS SHALL BE CONTRUCTED IN SUCCESSIVE PHASES (REFER TO
ARCHITECT'S PHASING PLAN). PARTIAL/TEMPORARY OCCUPANCY WITH ASSOCIATED INSPECTIONS SHALL BE MADE AT THE
COMPLETION OF EACH PHASE, FOLLOWED BY FINAL INSPECTIONS AT THE END OF THE LAST PHASE TO ACCOMMODATE
TENANT OCCUPANCY OF THE ENTIRE BUILDING INTERIOR.
THE DRAWINGS, IN CONCERT WITH THE SPECIFICATIONS, COMPRISE THE CONTRACT DOCUMENTS OUTLINING THE DESIGN
INTENT AND PROJECT SCOPE, AND MAY BE SUPPLEMENTED BY FURTHER INFORMATION ISSUED BY ARCHITECT.
THE BUILDING'S AUTOMATIC DRY-PIPE SPRINKLER SYSTEM SHALL BE OPERATIONAL BEFORE OCCUPANCY OCCURS."
"BLDC-2023-016150","Building Commercial - Alteration","Issued","","01/18/2024","11/15/2023","07/16/2024","","Permit","24178  UPPER WOODSIDE LN  STERLING VA 20166","162392026000","IAD 81 SECONDARY DRAINAGE REMEDIATION"
"BLDC-2023-016518","Building Commercial - New Construction","Issued","","11/15/2024","11/17/2023","01/26/2027","04/04/2024","Permit","43975  LIGHT SPEED PLZ STERLING VA 20166","122208248000","2 STORY SINGLE TENANT COMPUTER DATA CENTER Associated grading permit: (County #X20222730001) BUILDING A . ISSUED FULL BUILDING APPROVAL"
"BLDC-2023-017003","Building Commercial - Alteration","Finaled","","01/29/2024","11/21/2023","11/12/2024","05/16/2024","Permit","22435  GLENN DR  STERLING VA 20164","032155119000","Installation of Hot-Aisle-Containment"
"BLDC-2023-017006","Building Commercial - Alteration","Finaled","","02/09/2024","11/21/2023","12/18/2024","06/21/2024","Permit","22271  SHELLHORN RD  ASHBURN VA 20147","089104437000","Installation of (16) Hot Aisle Containment Systems"
"BLDC-2023-017320","Building Commercial - Alteration","Issued","","12/28/2023","11/22/2023","06/25/2024","","Permit","43736  CLUBBER LN  CHANTILLY VA 20152","097354183000","ELECTRICAL ROOM UNDEFERRAL"
"BLDC-2023-017617","Building Commercial - Alteration","Finaled","","02/14/2024","11/28/2023","08/11/2025","11/18/2024","Permit","44820  PRENTICE DR  STERLING VA 20166","044370416000","Tenant Fit-Out/Data Hall in an existing Data Center Core and Shell."
"BLDC-2023-017645","Building Commercial - Alteration","Finaled","","04/02/2024","11/28/2023","05/26/2025","12/10/2024","Permit","44820  PRENTICE DR  STERLING VA 20166","044370416000","Tenant Fit-Out/Data Hall"
"BLDC-2023-017683","Building Commercial - Alteration","Cancelled","","","11/28/2023","","","Permit","21700 ATLANTIC BLVD Unit: 100 STERLING VA 20166","031356086000","meant to set up elec permit/slb"
"BLDC-2023-017709","Building Commercial - Alteration","Finaled","","02/07/2024","11/28/2023","11/06/2024","05/09/2024","Permit","45580  TERMINAL DR  STERLING VA 20166","033165945000","WARNER BROS TOC EXPANSION"
"BLDC-2023-017876","Building Commercial - New Construction","Issued Certificate of Occupancy","","10/15/2024","11/29/2023","01/05/2026","07/08/2025","Permit","21625 RED RUM DR Unit: 100 ASHBURN VA 20147","088381788000","Data Center"
"BLDC-2023-018105","Building Commercial - Alteration","Finaled","","03/11/2024","11/29/2023","08/11/2025","02/10/2025","Permit","45210  PROLOGIS PLZ  STERLING VA 20166","045391908000","MAKEUP WATER SYSTEM UPGRADES"
"BLDC-2023-018612","Building Commercial - New Construction","Issued","","06/07/2024","12/04/2023","02/03/2027","","Permit","21735  RED RUM DR  ASHBURN VA 20147","088392214000","Construction of a three story Data Center on an existing campus."
"BLDC-2023-019773","Building Commercial - Alteration","Finaled","","02/05/2024","12/11/2023","12/09/2024","06/10/2024","Permit","43290  OLD OX RD  STERLING VA 20166","124369522000","we are constructing a single office on the 2nd floor"
"BLDC-2023-020043","Building Commercial - Alteration","In Review","","01/25/2024","12/12/2023","07/23/2024","","Permit","44862  INTERCONNECTION PL  ASHBURN VA 20147","060307119000","IAD 78 ERUD"
"BLDC-2023-020047","Building Commercial - Alteration","Finaled","","02/02/2024","12/12/2023","10/21/2024","04/23/2024","Permit","44245  GIGABIT PLZ  ASHBURN VA 20147","088407447000","Interior alteration"
"BLDC-2023-020055","Building Commercial - Alteration","Issued","","01/29/2024","12/12/2023","07/27/2024","","Permit","44858  INTERCONNECTION PL  ASHBURN VA 20147","060307119000","IAD 79 ERUD"
"BLDC-2023-020077","Building Commercial - Alteration","Issued","","01/29/2024","12/12/2023","07/27/2024","","Permit","44854  INTERCONNECTION PL  ASHBURN VA 20147","060307119000","IAD 80 ERUD"
"BLDC-2023-021248","Building Commercial - Demolition","Finaled","","06/12/2024","12/19/2023","12/09/2024","06/13/2024","Permit","21625  RED RUM DR  ASHBURN VA 20147","088381788000","Demolition of an existing building. Used to be Gold's Gym. electronic copy"
"BLDC-2023-021576","Building Commercial - Alteration","Issued","","02/16/2024","12/21/2023","08/14/2024","","Permit","21310  BEAUMEADE CIR  ASHBURN VA 20147","061303369000","Removal of an existing non load bearing wall to increase the size of the room for future equipment."
"BLDC-2024-000479","Building Commercial - New Construction","In Review","","05/16/2024","01/04/2024","12/31/2026","","Permit","42010  GROWTH MINDSET LN  ALDIE VA 20105","203354208000","Buiding permit for Core and Shell buildout of the IAD13 Data Center."
"BLDC-2024-000500","Building Commercial - New Construction","In Review","","06/25/2024","01/04/2024","12/31/2026","","Permit","42031  GROWTH MINDSET LN  ALDIE VA 20105","203354208000","Building permit for core and shell buildout of the IAD12 Data Center"
"BLDC-2024-000861","Building Commercial - New Construction","Issued","","08/27/2024","01/05/2024","10/05/2026","","Permit","41785  INCLUSION LN  LEESBURG VA 20175","235297431000","Data Center - Core and Shell"
"BLDC-2024-001178","Building Commercial - Alteration","Finaled","","02/28/2024","01/08/2024","02/03/2025","08/06/2024","Permit","22291  SHELLHORN RD  ASHBURN VA 20147","089100937000","Replacement of lighting inverter in electric room"
"BLDC-2024-001396","Building Commercial - New Construction","Issued","","08/27/2024","01/10/2024","10/05/2026","","Permit","41785  INCLUSION LN  LEESBURG VA 20175","235297431000","Data Center - Administrative office fit-out"
"BLDC-2024-001400","Building Commercial - New Construction","Issued","","08/27/2024","01/10/2024","10/05/2026","","Permit","41785  INCLUSION LN  LEESBURG VA 20175","235297431000","Data Center - Data Hall fit-out"
"BLDC-2024-001409","Building Commercial - New Construction","Issued Certificate of Occupancy","","08/27/2024","01/10/2024","01/04/2027","07/09/2026","Permit","41785  INCLUSION LN  LEESBURG VA 20175","235297431000","Data Center - Data Hall fit-out"
"BLDC-2024-001417","Building Commercial - New Construction","Finaled","","08/27/2024","01/10/2024","10/19/2026","04/23/2026","Permit","41785  INCLUSION LN  LEESBURG VA 20175","235297431000","Data Center - Data Hall fit-out"
"BLDC-2024-001425","Building Commercial - New Construction","Issued","","08/27/2024","01/10/2024","11/17/2026","","Permit","41785  INCLUSION LN  LEESBURG VA 20175","235297431000","Data Center - Data Hall fit-out"
"BLDC-2024-001431","Building Commercial - New Construction","Issued","","08/27/2024","01/10/2024","02/16/2027","08/21/2026","Permit","41785  INCLUSION LN  LEESBURG VA 20175","235297431000","Data Center - Data Hall fit-out"
"BLDC-2024-001645","Building Commercial - Alteration","Cancelled","","02/13/2024","01/11/2024","08/11/2024","","Permit","19540  COMPASS CREEK PKWY  LEESBURG VA 20175","235297431000","X-archive room where electrical and mechanical equipment is housed such as CRAC units"
"BLDC-2024-002341","Building Commercial - Alteration","Finaled","","02/27/2024","01/17/2024","12/29/2025","06/30/2025","Permit","45305 W SEVERN WAY  STERLING VA 20166","042197707000","Installation of new mechanical units in existing data center, along with energization of existing upblast fans on roof."
"BLDC-2024-002684","Building Commercial - Alteration","Finaled","","04/08/2024","01/18/2024","06/09/2025","12/11/2024","Permit","45200 VANTAGE DATA PLZ STERLING VA 20166","044288975001","Construction of 64 canopies.  Construction includes installation of galvanized structural steel canopies on top of the 2nd floor level of an existing equipment mezzanines. The canopies are designed to purely divert hot air from the adjacent equipment and are not designed and/or intended for any form of occupancy.  Each canopy will be designed to include access doors and perforated steel panels on both ends.  A single gutter will be incorporated to divert water towards the downspout installed in the spline of each canopy."
"BLDC-2024-002849","Building Commercial - New Construction","Cancelled","","","01/20/2024","","","Permit","24171  YOUNGWOOD LN  ALDIE VA 20105","203371445000","YONDR NOV1B;  FOOTINGS AND FOUNDATIONS ONLY SUBMISSION. 

ONLY HAVE CONDITIONAL SITE APPROVAL SO ONLY LOOKING FOR FOOTINGS FOUNDATIONS PACKAGE CURRENTLY"
"BLDC-2024-002958","Building Commercial - Alteration","Issued","","07/24/2024","01/22/2024","03/15/2027","","Permit","42031  GROWTH MINDSET LN  ALDIE VA 20105","203354208000","Building permit for the Administrative office fit-out"
"BLDC-2024-002963","Building Commercial - Alteration","Issued","","12/05/2024","01/22/2024","12/31/2026","","Permit","42031  GROWTH MINDSET LN  ALDIE VA 20105","203354208000","Building permit for Colo 1 build-out"
"BLDC-2024-002965","Building Commercial - Alteration","Issued","","12/05/2024","01/22/2024","12/31/2026","","Permit","42031  GROWTH MINDSET LN  ALDIE VA 20105","203354208000","Building permit for Colo 2 fit-out"
"BLDC-2024-002968","Building Commercial - Alteration","Issued","","11/20/2024","01/22/2024","12/31/2026","","Permit","42031  GROWTH MINDSET LN  ALDIE VA 20105","203354208000","Fit-out of Colo 3 data center"
"BLDC-2024-002972","Building Commercial - Alteration","Issued","","12/05/2024","01/22/2024","12/31/2026","","Permit","42031  GROWTH MINDSET LN  ALDIE VA 20105","203354208000","Fit-out of Colo 4 data center"
"BLDC-2024-002978","Building Commercial - Alteration","Issued","","12/05/2024","01/22/2024","12/31/2026","","Permit","42031  GROWTH MINDSET LN  ALDIE VA 20105","203354208000","Fit-out of Colo 5 data center"
"BLDC-2024-002980","Building Commercial - Alteration","Issued","","06/25/2024","01/22/2024","03/16/2027","","Permit","42010  GROWTH MINDSET LN  ALDIE VA 20105","203354208000","Building permit for the Administrative office fit-out for IAD13"
"BLDC-2024-002982","Building Commercial - Alteration","Issued","","11/20/2024","01/22/2024","03/03/2027","","Permit","42010  GROWTH MINDSET LN  ALDIE VA 20105","203354208000","Fit-out of Colo 1 data center"
"BLDC-2024-002983","Building Commercial - Alteration","Issued","","11/20/2024","01/22/2024","02/16/2027","","Permit","42010  GROWTH MINDSET LN  ALDIE VA 20105","203354208000","Fit-out of Colo 2 data center"
"BLDC-2024-002986","Building Commercial - Alteration","Issued","","11/20/2024","01/22/2024","02/08/2027","","Permit","42010  GROWTH MINDSET LN  ALDIE VA 20105","203354208000","Fit-out of Colo 3 data center"
"BLDC-2024-002989","Building Commercial - Alteration","Issued","","11/20/2024","01/22/2024","03/01/2027","","Permit","42010  GROWTH MINDSET LN  ALDIE VA 20105","203354208000","Fit-out of Colo 4 data center"
"BLDC-2024-003556","Building Commercial - Alteration","Cancelled","","04/03/2024","01/25/2024","09/30/2024","","Permit","44761 GIGABIT PLZ ASHBURN VA 20147","088407447000","Hot Aisle Containment"
"BLDC-2024-004670","Building Commercial - Tenant Fit-Up","Issued Certificate of Occupancy","","04/02/2024","01/31/2024","02/23/2026","08/27/2025","Permit","44621  WAXPOOL RD  ASHBURN VA 20147","061275931000","Tenant Improvement - Phase 7"
"BLDC-2024-004677","Building Commercial - Tenant Fit-Up","Issued Certificate of Occupancy","","04/02/2024","01/31/2024","03/10/2026","09/11/2025","Permit","44621  WAXPOOL RD  ASHBURN VA 20147","061275931000","Tenant Improvement - Phase 8"
"BLDC-2024-004679","Building Commercial - Tenant Fit-Up","Issued Certificate of Occupancy","","04/02/2024","01/31/2024","04/27/2026","10/28/2025","Permit","44621  WAXPOOL RD  ASHBURN VA 20147","061275931000","Tenant Improvement - Phase 9"
"BLDC-2024-004682","Building Commercial - Tenant Fit-Up","Issued Certificate of Occupancy","","04/02/2024","01/31/2024","05/13/2026","11/17/2025","Permit","44621  WAXPOOL RD  ASHBURN VA 20147","061275931000","Tenant Improvement - Phase 10"
"BLDC-2024-004692","Building Commercial - Alteration","Issued Certificate of Occupancy","","04/02/2024","01/31/2024","06/17/2026","12/18/2025","Permit","44621  WAXPOOL RD  ASHBURN VA 20147","061275931000","Tenant Improvement - Phase 11"
"BLDC-2024-004695","Building Commercial - Tenant Fit-Up","Issued Certificate of Occupancy","","04/02/2024","01/31/2024","07/27/2026","01/28/2026","Permit","44621  WAXPOOL RD  ASHBURN VA 20147","061275931000","Tenant Improvement - Phase 12"
"BLDC-2024-004747","Building Commercial - Tenant Fit-Up","Issued Certificate of Occupancy","","03/20/2024","01/31/2024","09/30/2025","05/16/2025","Permit","45130 VANTAGE DATA PLZ STERLING VA 20166","044381108002","This application is for the phase 3 building permit for 45130 Vantage Data Plaza"
"BLDC-2024-007427","Building Commercial - Alteration","Issued","","05/15/2024","02/07/2024","11/11/2024","","Permit","22630  DULLES SUMMIT CT  STERLING VA 20166","045159083000","IAD 12 CHILLER REPLACEMENT"
"BLDC-2024-007436","Building Commercial - Tenant Fit-Up","Issued Certificate of Occupancy","","02/14/2024","02/07/2024","04/23/2025","10/25/2024","Permit","22760  PACIFIC BLVD  STERLING VA 20166","045195615000","CREATING A BUILDING PERMIT FOR BREAKOUT OF ROMP 1 FOR OCCUPANCY PURPOSE; 

ALL READY ALL PAID FOR AND REVIEWED UNDER B20590530100"
"BLDC-2024-007438","Building Commercial - Tenant Fit-Up","Issued Certificate of Occupancy","","02/14/2024","02/07/2024","04/23/2025","10/25/2024","Permit","22760  PACIFIC BLVD  STERLING VA 20166","045195615000","CREATING A BUILDING PERMIT FOR BREAKOUT OF ROMP 6 FOR OCCUPANCY PURPOSE; 

ALL READY ALL PAID FOR AND REVIEWED UNDER B20590530100"
"BLDC-2024-007687","Building Commercial - Tenant Fit-Up","Issued Certificate of Occupancy","","06/12/2024","02/08/2024","10/20/2025","07/09/2024","Permit","44740  PERFORMANCE CIR  ASHBURN VA 20147","060209652000","DC16-P1;  PHASE 1. Data hall fit up. electronic copy"
"BLDC-2024-007689","Building Commercial - Tenant Fit-Up","Issued Certificate of Occupancy","","06/12/2024","02/08/2024","12/22/2025","07/09/2024","Permit","44740  PERFORMANCE CIR  ASHBURN VA 20147","060209652000","DC16-2;  PHASE 2. electronic copy"
"BLDC-2024-008284","Building Commercial - Tenant Fit-Up","Cancelled","","","02/12/2024","","","Permit","20575  CELTIC PARK DR  LEESBURG VA 20175","193276668000","Architectural and Structural Tenant Fit-Up Sets"
"BLDC-2024-008314","Building Commercial - Tenant Fit-Up","Cancelled","","","02/12/2024","","","Permit","20575  CELTIC PARK DR  LEESBURG VA 20175","193276668000","Architectural and Structural Tenant Fit-Up Sets"
"BLDC-2024-008383","Building Commercial - Alteration","Finaled","","07/25/2024","02/13/2024","06/16/2026","06/07/2024","Permit","43915  DEVIN SHAFRON DR  ASHBURN VA 20147","089382215000","Cold Aisle containment through UL approved Aisle top panels. No change to occupancy or egress. No change to fire protection coverage.  electronic copy"
"BLDC-2024-008905","Building Commercial - New Construction","Issued Certificate of Occupancy","","09/17/2024","02/15/2024","03/08/2027","06/24/2026","Permit","20480  GOOSE LANDING LN  LEESBURG VA 20175","194498227000","CORE / SHELL, FULL APPROVAL SPP3A"
"BLDC-2024-008914","Building Commercial - New Construction","Issued Certificate of Occupancy","","08/27/2024","02/15/2024","12/28/2026","04/16/2026","Permit","24555 HOWLING ROOSTER LN STERLING VA 20166","162176713000","FAST TRACK;  NEW DATA CENTER ARA3A;  SUBMISSION FOR FOOTINGS AND FOUNDATIONS TO BE RELEASED UPON CONDITIONAL SITE PLAN APPROVALS;"
"BLDC-2024-008915","Building Commercial - Alteration","Fees Due","","","02/15/2024","","","Permit","43790  DEVIN SHAFRON DR  ASHBURN VA 20147","089374763000","Reclaimed / Industrial water system retrofit including in-line installation and tank, pump replacement."
"BLDC-2024-008959","Building Commercial - Demolition","Issued","","02/22/2024","02/15/2024","08/20/2024","02/22/2024","Permit","22675  DULLES SUMMIT CT  STERLING VA 20166","045252512000","Demolish 1-story building and foundations."
"BLDC-2024-009263","Building Commercial - Tenant Fit-Up","Cancelled","","","02/17/2024","","","Permit","45200 VANTAGE DATA PLZ STERLING VA 20166","044288975001","New tenant in existing tenant space.
Some new partitions, millwork, doors, and finishes. Mechanical, and electrical work"
"BLDC-2024-009397","Building Commercial - Alteration","Issued","","05/06/2024","02/19/2024","11/02/2024","","Permit","22631  DULLES SUMMIT CT  STERLING VA 20166","045358110000","IAD 15 IW SYSTEM UPGRADES"
"BLDC-2024-009571","Building Commercial - Tenant Fit-Up","Issued Certificate of Occupancy","","07/02/2024","02/20/2024","03/10/2025","04/26/2024","Permit","21350  PACIFIC BLVD  STERLING VA 20166","042394385000","Building a small office to include (2) deck to deck walls, ceiling and bulkhead. electronic copy-revisions"
"BLDC-2024-009635","Building Commercial - Miscellaneous Structure","Cancelled","","","02/20/2024","","","Permit","24171  YOUNGWOOD LN  ALDIE VA 20105","203371445000","MONUMENT SIGN FOR YONDR;"
"BLDC-2024-010069","Building Commercial - Alteration","Finaled","","05/15/2024","02/22/2024","03/23/2026","09/23/2025","Permit","45580  TERMINAL DR  STERLING VA 20166","033165945000","RTU REPLACEMENT"
"BLDC-2024-010183","Building Commercial - Tenant Fit-Up","Issued Certificate of Occupancy","","07/03/2024","02/22/2024","07/02/2025","03/14/2025","Permit","22435  GLENN DR  STERLING VA 20164","032155119000","Customer Office Fit-out"
"BLDC-2024-010494","Building Commercial - Miscellaneous Structure","Finaled","","06/11/2024","02/23/2024","04/28/2026","10/30/2025","Permit","43240  DATA DR  ASHBURN VA 20147","113372932000","SEGMENTAL ADP RETAINING WALL #4 APPROXIMATE MAX HEIGHT 5 FT. LOCATED NEAR WEST CORNER OF BLDG VA32 43321 DATA DRIVE"
"BLDC-2024-010681","Building Commercial - Miscellaneous Structure","In Review","","","02/26/2024","","","Permit","22210  LOUDOUN COUNTY PKWY  ASHBURN VA 20147","062256361000","Site Tent - Breakroom"
"BLDC-2024-010722","Building Commercial - New Construction","Issued Certificate of Occupancy","","07/01/2024","02/26/2024","02/01/2027","08/11/2026","Permit","45210 VANTAGE DATA PLZ STERLING VA 20166","044292829000","*FAST TRACK****
NEW DATA CENTER
VA 15"
"BLDC-2024-011250","Building Commercial - Alteration","Finaled","","06/27/2024","02/28/2024","01/22/2025","07/26/2024","Permit","43290  OLD OX RD  STERLING VA 20166","124369522000","Installation of new customer cage and egress."
"BLDC-2024-011260","Building Commercial - New Construction","Issued Certificate of Occupancy","","07/02/2024","02/28/2024","12/24/2025","07/02/2025","Permit","19265  COMPASS CREEK PKWY SE LEESBURG VA 20175","234382603000","*FAST TRACK*Stack NVA06A CORE/SHELL AND OFFICE / FULL CONSTRUCTION
NEW DATA CENTET SUBMISSION
STACK NVA 06A"
"BLDC-2024-011290","Building Commercial - Alteration","Issued","","07/29/2024","02/28/2024","01/25/2025","","Permit","44642  GUILFORD DR  Unit: 107 ASHBURN VA 20147","060296480017","Removal of ceiling height partitions and old carpeting and interior glass. Pour new 9"" concrete slab with #5 Rebar mat embeds for new generator. Occupancy added because Occupancy not received with Tenant Fit Up in 2022."
"BLDC-2024-011778","Building Commercial - New Construction","Void","","","02/29/2024","","","Permit","516 E MARKET ST  LEESBURG VA 20176","188262207000","test- setup in prod in error."
"BLDC-2024-012234","Building Commercial - Tenant Fit-Up","In Review","","","03/04/2024","","","Permit","20575  CELTIC PARK DR  LEESBURG VA 20175","193276668000","Data Center Architectural and Structural Tenant Fit- Up Sets. electronic copy"
"BLDC-2024-012237","Building Commercial - Tenant Fit-Up","Cancelled","","","03/04/2024","","06/12/2024","Permit","20335  CELTIC PARK DR  LEESBURG VA 20175","193274995000","Architectural and Structural Tenant Fit-Up Sets. electronic copy"
"BLDC-2024-012425","Building Commercial - Alteration","Finaled","","06/26/2024","03/05/2024","03/19/2025","04/01/2024","Permit","43831  DEVIN SHAFRON DR  ASHBURN VA 20147","089372808000","Installation of (1) Energy Recovery Ventilator. Includes electrical, mechanical, roofing and building automation"
"BLDC-2024-013383","Building Commercial - Miscellaneous Structure","Issued","","04/02/2024","03/09/2024","09/29/2024","03/27/2024","Permit","22435  GLENN DR  STERLING VA 20164","032155119000","Install 1 non-illuminated directional sign. electronic copy"
"BLDC-2024-013605","Building Commercial - Alteration","Finaled","","06/03/2024","03/11/2024","01/13/2025","07/16/2024","Permit","21571  BEAUMEADE CIR  ASHBURN VA 20147","060202337000","EVOQUE BLD B MODIFICATIONS"
"BLDC-2024-013729","Building Commercial - Alteration","Finaled","","07/11/2024","03/12/2024","05/05/2025","11/06/2024","Permit","22365  GLENN DR  STERLING VA 20164","032155119000","Installation of Hot Aisle Containment System"
"BLDC-2024-014071","Building Commercial - Alteration","Finaled","","06/27/2024","03/13/2024","10/14/2026","04/17/2026","Permit","45110  LOUDOUN DOWNS LN  STERLING VA 20166","045282657000","IAD 88 ERUD"
"BLDC-2024-014079","Building Commercial - Alteration","Finaled","","06/27/2024","03/13/2024","10/14/2026","04/17/2026","Permit","45111  LOUDOUN DOWNS LN  STERLING VA 20166","045282657000","IAD 89 ERUD"
"BLDC-2024-014350","Building Commercial - Alteration","Cancelled","","","03/14/2024","","","Permit","45200  VANTAGE DATA PLZ  STERLING VA 20166","044288975000","SYSTEMS FURNITURE"
"BLDC-2024-014502","Building Commercial - Alteration","Finaled","","06/27/2024","03/14/2024","01/22/2025","07/26/2024","Permit","22271  SHELLHORN RD  ASHBURN VA 20147","089104437000","Installation of 12 Hot Aisle Containment Systems"
"BLDC-2024-014688","Building Commercial - New Construction","Issued","","07/24/2024","03/15/2024","01/04/2027","07/08/2024","Permit","19265  COMPASS CREEK PKWY SE LEESBURG VA 20175","234382603000","FAST TRACK;  COMPASS CREEK NVA06

PHASE 1 BUILDING PERMIT. 
PLANS ALL REVIEWED UNDER 
BLDC-2024-011260"
"BLDC-2024-014690","Building Commercial - New Construction","Issued","","07/24/2024","03/15/2024","06/10/2025","","Permit","19265  COMPASS CREEK PKWY SE LEESBURG VA 20175","234382603000","FAST TRACK;  COMPASS CREEK NVA06

PHASE  2 BUILDING PERMIT. 
PLANS ALL REVIEWED UNDER 
BLDC-2024-011260"
"BLDC-2024-014693","Building Commercial - New Construction","Issued","","07/24/2024","03/15/2024","11/30/2026","","Permit","19265  COMPASS CREEK PKWY SE LEESBURG VA 20175","234382603000","FAST TRACK;  COMPASS CREEK NVA06

PHASE 3 BUILDING PERMIT. 
PLANS ALL REVIEWED UNDER 
BLDC-2024-011260"
"BLDC-2024-014696","Building Commercial - New Construction","Issued","","07/23/2024","03/15/2024","02/02/2027","","Permit","19265 COMPASS CREEK PKWY LEESBURG VA 20175","234371847001","FAST TRACK;  COMPASS CREEK NVA06

PHASE 4 BUILDING PERMIT. 
PLANS ALL REVIEWED UNDER 
BLDC-2024-011260"
"BLDC-2024-014817","Building Commercial - Miscellaneous Structure","Finaled","","07/30/2024","03/15/2024","02/09/2026","04/05/2024","Permit","43240  DATA DR  ASHBURN VA 20147","113372932000","VANTAGE VA3 RW #1. retaining wall. electronic copy"
"BLDC-2024-015157","Building Commercial - Alteration","Finaled","","07/08/2024","03/18/2024","04/16/2025","10/18/2024","Permit","22271  BRODERICK DR  STERLING VA 20166","044152877000","Renovation of an existing office space to add (4) new offices, break area and conference room."
"BLDC-2024-015164","Building Commercial - New Construction","Fees Paid","","07/02/2024","03/18/2024","02/22/2027","09/04/2026","Permit","22285 LOCKRIDGE RD STERLING VA 20166","062275493000","data center shell building"
"BLDC-2024-015388","Building Commercial - Miscellaneous Structure","Finaled","","07/26/2024","03/19/2024","05/13/2025","11/14/2024","Permit","22275  LOCKRIDGE RD  STERLING VA 20166","062279710000","Installation of 1 retaining wall - WALL 4"
"BLDC-2024-015417","Building Commercial - Alteration","Finaled","","06/25/2024","03/19/2024","07/30/2025","01/31/2025","Permit","19525 COMPASS CREEK PKWY LEESBURG VA 20175","235297431000","INTERIOR REMODEL - X-ARCHIVE ROOM
S-1 IAD01-2"
"BLDC-2024-015570","Building Commercial - Alteration","Issued","","07/10/2024","03/20/2024","01/06/2025","","Permit","45210  VANTAGE DATA PLZ  STERLING VA 20166","","***FAST TRACK*** Phase 2
VA15 PHASE 2"
"BLDC-2024-015999","Building Commercial - Alteration","Finaled","","07/30/2025","03/22/2024","03/16/2027","09/17/2026","Permit","22651  DULLES SUMMIT CT  STERLING VA 20166","045254455000","IAD 16 RACK INSTALLATIONS"
"BLDC-2024-016001","Building Commercial - Alteration","Issued","","06/11/2024","03/22/2024","02/16/2027","","Permit","42948  FADELEY LN  STERLING VA 20166","162392026000","IAD 68 RACK INSTALLATIONS"
"BLDC-2024-016003","Building Commercial - Alteration","Issued","","07/03/2024","03/22/2024","12/30/2024","","Permit","22520  RANDOLPH DR  STERLING VA 20166","045352692000","IAD 76 RACK INSTALLATIONS"
"BLDC-2024-016004","Building Commercial - Alteration","Finaled","","07/03/2024","03/22/2024","12/21/2026","06/23/2026","Permit","44862  INTERCONNECTION PL  ASHBURN VA 20147","060307119000","IAD 78 RACK INSTALLATIONS"
"BLDC-2024-016006","Building Commercial - Alteration","Finaled","","07/03/2024","03/22/2024","12/21/2026","06/23/2026","Permit","44858  INTERCONNECTION PL  ASHBURN VA 20147","060307119000","IAD 79 RACK INSTALLATIONS"
"BLDC-2024-016008","Building Commercial - Alteration","Issued","","06/12/2024","03/22/2024","12/09/2024","","Permit","24178  UPPER WOODSIDE LN  STERLING VA 20166","162392026000","IAD 81 RACK INSTALLATIONS"
"BLDC-2024-016010","Building Commercial - Alteration","Finaled","","07/05/2024","03/22/2024","02/02/2027","08/06/2026","Permit","45305 W SEVERN WAY  STERLING VA 20166","042197707000","IAD 99 RACK INSTALLATIONS"
"BLDC-2024-016011","Building Commercial - Alteration","Finaled","","06/11/2024","03/22/2024","03/01/2027","09/01/2026","Permit","20935  LOUDOUN COUNTY PKWY  ASHBURN VA 20147","041352218000","IAD 115 RACK INSTALLATIONS"
"BLDC-2024-016158","Building Commercial - Alteration","Finaled","","07/03/2024","03/25/2024","07/30/2025","02/03/2025","Permit","22365  GLENN DR  STERLING VA 20164","032155119000","Installation of Hot Aisle Containment System"
"BLDC-2024-016464","Building Commercial - Occupancy Only","Finaled","","07/14/2024","03/26/2024","03/10/2025","09/11/2024","Permit","46175  WESTLAKE DR  Unit: 300 STERLING VA 20165","019265390011","Intellectual Point is a leading IT training, consulting and workforce development company. Our courses are designed with an emphasis on learning-by-doing to prepare busy professionals with the skills and certifications needed to be successful in the IT industry.

Our areas of expertise include Cyber Security & Cloud Computing; Networking, Wireless, and Data Center; Big Data, IoT & Data Science; Project Management, Agile, DevOps & ITSM; Artificial Intelligence & Machine Learning; Deep Learning & Cognitive Computing"
"BLDC-2024-016917","Building Commercial - Tenant Fit-Up","Issued","","05/14/2024","03/27/2024","01/22/2025","","Permit","21745 RED RUM DR Unit: 115 ASHBURN VA 20147","088392214000","Project is for tenant fit out of an existing 3,185 sqft storage space in Building B of the Sabey Data Center Campus.  Space will house 2 new offices, 1 open office, 1 conference room and 2 tenant storage spaces."
"BLDC-2024-017202","Building Commercial - Alteration","Finaled","","06/08/2024","03/29/2024","01/28/2025","08/01/2024","Permit","21630 RED RUM DR ASHBURN VA 20147","088481748000","construction for new offices inside existing tenant space, Databank"
"BLDC-2024-017294","Building Commercial - New Construction","Issued Certificate of Occupancy","","04/09/2024","03/29/2024","06/16/2025","12/17/2024","Permit","22760  PACIFIC BLVD  STERLING VA 20166","045195615000","CREATING A BUILDING PERMIT TO BREAKOUT ROMP (PHASE) 2 FOR
OCCUPANCY PURPOSES; TRADES TO FOLLOW ONCE APPROVED;
ENTIRE BUILDING PAID FOR AND APPROVED UNDER B20590530100"
"BLDC-2024-017296","Building Commercial - New Construction","Issued Certificate of Occupancy","","04/11/2024","03/29/2024","07/16/2025","01/21/2025","Permit","22760  PACIFIC BLVD  STERLING VA 20166","045195615000","CREATING A BUILDING PERMIT TO BREAKOUT ROMP 7 (PHASE 7)  FOR
OCCUPANCY PURPOSES; TRADES TO FOLLOW ONCE APPROVED;
ENTIRE BUILDING PAID FOR AND APPROVED UNDER B20590530100"
"BLDC-2024-018852","Building Commercial - Alteration","Finaled","","06/26/2024","04/08/2024","03/19/2025","09/20/2024","Permit","43831  DEVIN SHAFRON DR  ASHBURN VA 20147","089372808000","Adding (2) Energy Recovery Units to the roof above the main electrical room. Electrical and Ductwork to support installation"
"BLDC-2024-018951","Building Commercial - Alteration","Issued Certificate of Occupancy","","07/11/2024","04/08/2024","02/11/2025","08/14/2024","Permit","43704  EFFICIENCY DR  STERLING VA 20166","092192834000","IAD44 PBB Office Fit-Out"
"BLDC-2024-018986","Building Commercial - Alteration","Issued","","07/03/2024","04/08/2024","12/30/2024","","Permit","44760 GIGABIT PLZ ASHBURN VA 20147","088407447000","Hot Aisle Containment"
"BLDC-2024-021194","Building Commercial - Alteration","Finaled","","07/16/2024","04/15/2024","04/07/2025","05/03/2024","Permit","22271  SHELLHORN RD  ASHBURN VA 20147","089104437000","500KW to HSE. alterations. electronic copy"
"BLDC-2024-023059","Building Commercial - Miscellaneous Structure","Finaled","","09/10/2024","04/22/2024","05/13/2025","05/07/2024","Permit","44780  PERFORMANCE CIR  ASHBURN VA 20147","060209652000","freestanding sign 1 2024-023039"
"BLDC-2024-023062","Building Commercial - Miscellaneous Structure","Finaled","","05/07/2024","04/22/2024","05/12/2025","05/07/2024","Permit","44780  PERFORMANCE CIR  ASHBURN VA 20147","060209652000","freestanding sign 2"
"BLDC-2024-023063","Building Commercial - Miscellaneous Structure","Finaled","","05/07/2024","04/22/2024","05/12/2025","05/07/2024","Permit","44780  PERFORMANCE CIR  ASHBURN VA 20147","060209652000","freestanding sign 3"
"BLDC-2024-023065","Building Commercial - Miscellaneous Structure","Finaled","","05/07/2024","04/22/2024","05/12/2025","11/13/2024","Permit","44780  PERFORMANCE CIR  ASHBURN VA 20147","060209652000","freestanding sign 4"
"BLDC-2024-023070","Building Commercial - Miscellaneous Structure","Finaled","","05/07/2024","04/22/2024","05/12/2025","05/07/2024","Permit","44780  PERFORMANCE CIR  ASHBURN VA 20147","060209652000","freestanding sign 5"
"BLDC-2024-023159","Building Commercial - Alteration","Finaled","","05/19/2024","04/23/2024","03/31/2025","05/19/2024","Permit","45130 VANTAGE DATA PLZ STERLING VA 20166","044381108002","Installation of Hot Aisle Containment (Level 3)"
"BLDC-2024-023933","Building Commercial - Tenant Fit-Up","Issued Certificate of Occupancy","","09/17/2024","04/27/2024","09/29/2025","04/01/2025","Permit","44820  PRENTICE DR  STERLING VA 20166","044370416000","Suite 105 Tenant/Data Hall Fit-out. electronic copy"
"BLDC-2024-023934","Building Commercial - Tenant Fit-Up","Issued Certificate of Occupancy","","09/17/2024","04/27/2024","10/20/2025","04/22/2025","Permit","44820  PRENTICE DR  STERLING VA 20166","044370416000","Suite 205 Tenant/Data Hall Fit-out"
"BLDC-2024-024044","Building Commercial - Alteration","Issued","","07/11/2024","04/29/2024","11/10/2025","","Permit","42949  FADELEY LN  STERLING VA 20166","162392026000","IAD 62 ERUD"
"BLDC-2024-024108","Building Commercial - Alteration","Finaled","","07/15/2024","04/29/2024","02/24/2025","08/27/2024","Permit","21630  RED RUM DR  ASHBURN VA 20147","088481748000","interior alteration for hot aisle containment and VESDA modifications.  Suite 230. electronic copy"
"BLDC-2024-024303","Building Commercial - Alteration","Finaled","","07/11/2024","04/30/2024","07/06/2026","01/05/2026","Permit","45130 VANTAGE DATA PLZ STERLING VA 20166","044381108002","Installation of Hot-Aisle-Containment on Level 2"
"BLDC-2024-024307","Building Commercial - Alteration","Finaled","","07/03/2024","04/30/2024","08/10/2026","05/07/2024","Permit","45130 VANTAGE DATA PLZ STERLING VA 20166","044381108002","Installation of Hot-Aisle-Containment on Level 1. Electronic Copy"
"BLDC-2024-024658","Building Commercial - Alteration","Issued","","07/22/2024","05/02/2024","01/18/2025","","Permit","43290  OLD OX RD  STERLING VA 20166","124369522000","Installation of secure customer cage and new egress paths."
"BLDC-2024-025026","Building Commercial - New Construction","In Review","","","05/03/2024","","","Permit","44675  GIGABIT PLZ  ASHBURN VA 20147","088407447000","Guardbooth for Data Center Campus"
"BLDC-2024-025389","Building Commercial - Miscellaneous Structure","Finaled","","06/06/2024","05/06/2024","04/08/2025","06/06/2024","Permit","44274  ROUND TABLE PLZ  ASHBURN VA 20147","062462761000","REPLACE EXISTING MONUMENT SIGN AND USE EXISTING FOUNDATION"
"BLDC-2024-025405","Building Commercial - Alteration","Finaled","","06/06/2024","05/06/2024","04/08/2025","06/06/2024","Permit","44274  ROUND TABLE PLZ  ASHBURN VA 20147","062462761000","REPLACE EXISTING DIRECTIONAL SIGN
B1-S003 ON DRAWINGS
2'6"" X 4.5"" X 7' OAH = 20.13
SINGLE SIDED
ILLUMINATED"
"BLDC-2024-025410","Building Commercial - Miscellaneous Structure","Finaled","","06/06/2024","05/06/2024","04/08/2025","06/06/2024","Permit","44274  ROUND TABLE PLZ  ASHBURN VA 20147","062462761000","REMOVE AND REPLACE DIRECTIONAL SIGN (LABELED B1-S004 ON DRAWINGS); SINGLE SIDED; ILLUMINATED; 
2'6"" X 4.5"" X 7' OAH = 20.13 SF"
"BLDC-2024-025419","Building Commercial - Miscellaneous Structure","Finaled","","06/06/2024","05/06/2024","04/08/2025","06/06/2024","Permit","44751  ROUND TABLE PLZ  ASHBURN VA 20147","062493798000","REMOVE AND REPLACE DIRECTIONAL (GROUND MOUNTED LABELED B1- S005 ON DRAWINGS)
SINGLE SIDED
ILLUMINATED
2'6"" X 4.5"" X 7' OAH = 20.13 SF"
"BLDC-2024-026920","Building Commercial - Tenant Fit-Up","Issued Certificate of Occupancy","","07/24/2024","05/15/2024","09/09/2025","03/14/2025","Permit","44874  MORAN RD  STERLING VA 20166","045458114000","Data Hall Fit Out"
"BLDC-2024-029343","Building Commercial - Miscellaneous Structure","Issued","","02/27/2025","05/24/2024","08/26/2025","","Permit","44030  LIGHT SPEED PLZ STERLING VA 20166","122208248000","To construct 1 commercial segmental retaining wall"
"BLDC-2024-029394","Building Commercial - New Construction","Issued Certificate of Occupancy","","12/27/2024","05/24/2024","11/24/2026","05/29/2026","Permit","21265  ASHBURN CROSSING DR  ASHBURN VA 20147","060404355000","Construction of a 89,721 sqft. flex building shell."
"BLDC-2024-031304","Building Commercial - New Construction","Issued","","05/06/2025","06/05/2024","03/10/2027","","Permit","42090 REEDS FARM LN ALDIE VA 20105","203170856000","Three story data center that includes both core & shell and tenant fit-up.  The tenant fit-up is broken into office + 18 phases and we would like each phase to have a separate permit.  We are initially submitting Architectural and Structural drawing sets for review with the remainder of the discipline sets to be submitted once the Architectural and Structural sets are approved."
"BLDC-2024-031739","Building Commercial - New Construction","Issued Certificate of Occupancy","","09/05/2024","06/07/2024","09/29/2025","04/04/2025","Permit","22760  PACIFIC BLVD  STERLING VA 20166","045195615000","*FAST TRACK*

IAD 214 GUARD SHACK"
"BLDC-2024-031751","Building Commercial - Alteration","Issued","","07/11/2024","06/07/2024","01/07/2025","","Permit","22520  RANDOLPH DR  STERLING VA 20166","045352692000","IAD 76 ERE"
"BLDC-2024-032297","Building Commercial - Miscellaneous Structure","Issued","","01/30/2025","06/11/2024","07/29/2025","","Permit","24331  HOWLING ROOSTER LN  STERLING VA 20166","162176713000","*FAAST TRACK*

ARA3A DATA CENTER PERUN
(EQUIPMENT YARD)"
"BLDC-2024-032400","Building Commercial - New Construction","Issued","","11/25/2024","06/11/2024","02/10/2027","","Permit","19275  COMPASS CREEK PKWY SE LEESBURG VA 20175","234382603000","*FAST TRACK*

NEW DATA CENTER; 
STACK NVA06 BLD B 
CORE/SHELL ADMIIN"
"BLDC-2024-032415","Building Commercial - New Construction","Issued","","11/26/2024","06/11/2024","02/10/2027","","Permit","19275  COMPASS CREEK PKWY SE LEESBURG VA 20175","234382603000","*FAST TRACK*

STACK NVA06 BLD B 
PHASE 1
ALL FEES/ PLANS REVIEWED APPROVED UNDER CORE SHELL/ BLDC-2024-032400"
"BLDC-2024-032424","Building Commercial - New Construction","Issued","","11/26/2024","06/11/2024","01/18/2027","","Permit","19275  COMPASS CREEK PKWY SE LEESBURG VA 20175","234382603000","*FAST TRACK*

STACK NVA06 BLD B 
PHASE 2
ALL FEES/ PLANS REVIEWED APPROVED UNDER CORE SHELL/ BLDC-2024-032400.
Revised- 6/04/26. Electronic Copy"
"BLDC-2024-032576","Building Commercial - Alteration","Finaled","","08/19/2024","06/12/2024","05/06/2025","11/07/2024","Permit","44760  GIGABIT PLZ  ASHBURN VA 20147","088407447000","Interior alteration"
"BLDC-2024-032857","Building Commercial - Alteration","In Review","","","06/13/2024","","","Permit","23031  LADBROOK DR  STERLING VA 20166","091273119000","*INTERIOR DEMO ONLY* 

RAYTHEON BILD 19 DEMO PERMIT"
"BLDC-2024-033352","Building Commercial - Alteration","Issued","","01/19/2025","06/18/2024","11/05/2025","","Permit","43736  CLUBBER LN  CHANTILLY VA 20152","097354183000","Electrical equipment and busway upgrades, along with some related mechanical upgrades. electronic copy"
"BLDC-2024-033413","Building Commercial - Alteration","Issued","","08/22/2024","06/18/2024","02/18/2025","","Permit","43736  CLUBBER LN  CHANTILLY VA 20152","097354183000","IAD 61 RTU REPLACEMENT. Electronic Copy"
"BLDC-2024-034378","Building Commercial - Miscellaneous Structure","Issued","","07/16/2024","06/24/2024","01/12/2025","07/12/2024","Permit","22760 PACIFIC BLVD STERLING VA 20166","045195615000","Monument sign. Electronic copy"
"BLDC-2024-035070","Building Commercial - Addition","Issued","","11/13/2025","06/28/2024","02/01/2027","","Permit","22715  RELOCATION DR  STERLING VA 20166","045279612000","This application for permit includes the interior build out of the existing phase 1 building, including the west data halls on levels 01-03, and the east data halls on levels 01-04.  Additionally the scope includes a new 2-story precast concrete structure at the south end of the existing building and the interior build out of 2 data halls in the south building addition."
"BLDC-2024-035560","Building Commercial - Alteration","Finaled","","11/20/2024","07/02/2024","12/14/2026","06/09/2026","Permit","20575  CELTIC PARK DR  LEESBURG VA 20175","193276668000","Data Center Architectural and Structural Tenant Fit-Out for the Office Phase. Parent permit + 13 mass approvals. (replacing BLDC-2024-012234(cancelled) as parent). electronic copy. "
"BLDC-2024-035564","Building Commercial - Alteration","Issued","","11/20/2024","07/02/2024","12/07/2026","06/09/2026","Permit","20575  CELTIC PARK DR  LEESBURG VA 20175","193276668000","Data Center Architectural and Structural Tenant Fit-Out for the Phase 1"
"BLDC-2024-035567","Building Commercial - Alteration","Finaled","","11/20/2024","07/02/2024","12/15/2026","06/18/2026","Permit","20575  CELTIC PARK DR  LEESBURG VA 20175","193276668000","Data Center Architectural and Structural Tenant Fit-Out for Phase 2"
"BLDC-2024-035568","Building Commercial - Alteration","Issued","","11/20/2024","07/02/2024","12/28/2026","06/30/2026","Permit","20575  CELTIC PARK DR  LEESBURG VA 20175","193276668000","Data Center Architectural and Structural Tenant Fit-Out for Phase 3"
"BLDC-2024-035570","Building Commercial - Alteration","Issued","","11/20/2024","07/02/2024","01/04/2027","","Permit","20575  CELTIC PARK DR  LEESBURG VA 20175","193276668000","Data Center Architectural and Structural Tenant Fit-Out for Phase 4"
"BLDC-2024-035573","Building Commercial - Alteration","Issued","","11/20/2024","07/02/2024","10/28/2026","","Permit","20575  CELTIC PARK DR  LEESBURG VA 20175","193276668000","Data Center Architectural and Structural Tenant Fit-Out for Phase 5"
"BLDC-2024-035576","Building Commercial - Alteration","Issued","","11/20/2024","07/02/2024","01/27/2027","","Permit","20575  CELTIC PARK DR  LEESBURG VA 20175","193276668000","Data Center Architectural and Structural Tenant Fit-Out for Phase 6"
"BLDC-2024-035580","Building Commercial - Alteration","Issued","","11/20/2024","07/02/2024","01/27/2027","","Permit","20575  CELTIC PARK DR  LEESBURG VA 20175","193276668000","Data Center Architectural and Structural Tenant Fit-Out for Phase 7"
"BLDC-2024-035587","Building Commercial - Alteration","Issued","","11/20/2024","07/02/2024","12/08/2026","","Permit","20575  CELTIC PARK DR  LEESBURG VA 20175","193276668000","Data Center Architectural and Structural Tenant Fit-Out for Phase 8"
"BLDC-2024-035592","Building Commercial - Alteration","Issued","","11/20/2024","07/02/2024","01/11/2027","","Permit","20575  CELTIC PARK DR  LEESBURG VA 20175","193276668000","Data Center Architectural and Structural Tenant Fit-Out for Phase 9"
"BLDC-2024-035597","Building Commercial - Alteration","Issued","","11/20/2024","07/02/2024","02/22/2027","","Permit","20575  CELTIC PARK DR  LEESBURG VA 20175","193276668000","Data Center Architectural and Structural Tenant Fit-Out for Phase 10"
"BLDC-2024-035599","Building Commercial - Alteration","Issued","","11/20/2024","07/02/2024","05/19/2025","","Permit","20575  CELTIC PARK DR  LEESBURG VA 20175","193276668000","Data Center Architectural and Structural Tenant Fit-Out for Phase 11"
"BLDC-2024-035602","Building Commercial - Alteration","Issued","","11/20/2024","07/02/2024","08/25/2026","","Permit","20575  CELTIC PARK DR  LEESBURG VA 20175","193276668000","Data Center Architectural and Structural Tenant Fit-Out for Phase 12"
"BLDC-2024-035605","Building Commercial - Tenant Fit-Up","Issued","","11/25/2024","07/02/2024","11/25/2026","06/05/2026","Permit","20335  CELTIC PARK DR  LEESBURG VA 20175","193274995000","Data Center Architectural and Structural Tenant Fit-Out for Office Phase"
"BLDC-2024-035610","Building Commercial - Tenant Fit-Up","Issued","","12/15/2024","07/02/2024","11/25/2026","","Permit","20335  CELTIC PARK DR  LEESBURG VA 20175","193274995000","Data Center Architectural and Structural Tenant Fit-Out for Phase 1"
"BLDC-2024-035612","Building Commercial - Tenant Fit-Up","Issued","","12/15/2024","07/02/2024","12/09/2026","06/12/2026","Permit","20335  CELTIC PARK DR  LEESBURG VA 20175","193274995000","Data Center Architectural and Structural Tenant Fit-Out for Phase 2"
"BLDC-2024-035619","Building Commercial - Tenant Fit-Up","Issued","","12/15/2024","07/02/2024","12/21/2026","","Permit","20335  CELTIC PARK DR  LEESBURG VA 20175","193274995000","Data Center Architectural and Structural Tenant Fit-Out for Phase 3"
"BLDC-2024-035627","Building Commercial - Tenant Fit-Up","Issued","","12/16/2024","07/02/2024","01/04/2027","","Permit","20335  CELTIC PARK DR  LEESBURG VA 20175","193274995000","Data Center Architectural and Structural Tenant Fit-Out for Phase 4"
"BLDC-2024-035647","Building Commercial - Tenant Fit-Up","Issued","","12/16/2024","07/02/2024","01/26/2027","","Permit","20335  CELTIC PARK DR  LEESBURG VA 20175","193274995000","Data Center Architectural and Structural Tenant Fit-Out for Phase 5"
"BLDC-2024-035648","Building Commercial - Tenant Fit-Up","Issued","","12/15/2024","07/02/2024","01/26/2027","","Permit","20335  CELTIC PARK DR  LEESBURG VA 20175","193274995000","Data Center Architectural and Structural Tenant Fit-Out for Phase 6"
"BLDC-2024-035649","Building Commercial - Tenant Fit-Up","Issued","","01/03/2025","07/02/2024","11/30/2026","","Permit","20335  CELTIC PARK DR  LEESBURG VA 20175","193274995000","Data Center Architectural and Structural Tenant Fit-Out for Phase 7"
"BLDC-2024-035650","Building Commercial - Tenant Fit-Up","Issued","","12/21/2024","07/02/2024","12/02/2026","","Permit","20335  CELTIC PARK DR  LEESBURG VA 20175","193274995000","Data Center Architectural and Structural Tenant Fit-Out for Phase 8"
"BLDC-2024-035651","Building Commercial - Tenant Fit-Up","Issued","","12/21/2024","07/02/2024","12/08/2026","","Permit","20335  CELTIC PARK DR  LEESBURG VA 20175","193274995000","Data Center Architectural and Structural Tenant Fit-Out for Phase 9"
"BLDC-2024-035652","Building Commercial - Tenant Fit-Up","Issued","","12/21/2024","07/02/2024","01/04/2027","","Permit","20335  CELTIC PARK DR  LEESBURG VA 20175","193274995000","Data Center Architectural and Structural Tenant Fit-Out for Phase 10"
"BLDC-2024-035653","Building Commercial - Tenant Fit-Up","Issued","","12/17/2024","07/02/2024","01/04/2027","","Permit","20335  CELTIC PARK DR  LEESBURG VA 20175","193274995000","Data Center Architectural and Structural Tenant Fit-Out for Phase 11"
"BLDC-2024-035654","Building Commercial - Tenant Fit-Up","Issued","","02/05/2025","07/02/2024","01/20/2027","","Permit","20335  CELTIC PARK DR  LEESBURG VA 20175","193274995000","Data Center Architectural and Structural Tenant Fit-Out for Phase 12"
"BLDC-2024-035656","Building Commercial - Tenant Fit-Up","Issued","","12/21/2024","07/02/2024","01/20/2027","","Permit","20335  CELTIC PARK DR  LEESBURG VA 20175","193274995000","Data Center Architectural and Structural Tenant Fit-Out for Phase 13"
"BLDC-2024-035657","Building Commercial - Tenant Fit-Up","Issued","","12/21/2024","07/02/2024","02/22/2027","","Permit","20335  CELTIC PARK DR  LEESBURG VA 20175","193274995000","Data Center Architectural and Structural Tenant Fit-Out for Phase 14"
"BLDC-2024-035658","Building Commercial - Tenant Fit-Up","Issued","","12/21/2024","07/02/2024","02/22/2027","","Permit","20335  CELTIC PARK DR  LEESBURG VA 20175","193274995000","Data Center Architectural and Structural Tenant Fit-Out for Phase 15"
"BLDC-2024-035659","Building Commercial - Tenant Fit-Up","Issued","","12/14/2024","07/02/2024","02/22/2027","","Permit","20335  CELTIC PARK DR  LEESBURG VA 20175","193274995000","Data Center Architectural and Structural Tenant Fit-Out for Phase 16. Scanned under BLDC-2024-035660 mass permit. (original parent permit was BLDC-2024-012237). "
"BLDC-2024-035660","Building Commercial - Tenant Fit-Up","Issued","","12/21/2024","07/02/2024","01/18/2027","","Permit","20335  CELTIC PARK DR  LEESBURG VA 20175","193274995000","Data Center Architectural and Structural Tenant Fit-Out for Phase 17. Parent permit + 13 mass approvals. To replace BLDC-2024-012234(cancelled) as parent permit.  electronic copy."
"BLDC-2024-035662","Building Commercial - Tenant Fit-Up","In Review","","11/25/2024","07/02/2024","02/08/2027","","Permit","20335  CELTIC PARK DR  LEESBURG VA 20175","193274995000","Data Center Architectural and Structural Tenant Fit-Out for Phase 18.          Scanned under BLDC-2024-035660 mass permit. (original parent permit was BLDC-2024-012237). "
"BLDC-2024-035964","Building Commercial - Alteration","Issued","","12/11/2025","07/05/2024","09/08/2026","","Permit","20945  LOUDOUN COUNTY PKWY  ASHBURN VA 20147","059309091000","Repair of cracked CMU walls at existing loading dock and replacement of dock seals and bumpers. FIOA exempt. electronic copy"
"BLDC-2024-035982","Building Commercial - Alteration","Issued","","12/11/2025","07/05/2024","09/08/2026","","Permit","20935  LOUDOUN COUNTY PKWY  ASHBURN VA 20147","041352218000","Repair of cracked CMU walls at existing loading dock and replacement of dock seals and bumpers. FIOA exempt. Electronic copy"
"BLDC-2024-036114","Building Commercial - New Construction","On Hold","","","07/08/2024","","","Permit","","202177155000","Two story ground up new data center with exterior equipment yards."
"BLDC-2024-036397","Building Commercial - Miscellaneous Structure","Issued","","07/25/2024","07/09/2024","01/21/2025","07/24/2024","Permit","22365  GLENN DR  STERLING VA 20164","032155119000","Install 1 illuminated monument sign electronic copy"
"BLDC-2024-036515","Building Commercial - Alteration","Cancelled","","","07/10/2024","","","Permit","22435  GLENN DR  STERLING VA 20164","032155119000","Electrical Alterations
47 lights
8 switches
36 receptacles"
"BLDC-2024-037121","Building Commercial - Alteration","Finaled","","09/03/2024","07/12/2024","10/07/2025","04/10/2025","Permit","25311  PREDICTION LN  CHANTILLY VA 20152","097354183000","AHU Sound Mitigation"
"BLDC-2024-037177","Building Commercial - Alteration","Finaled","","09/13/2024","07/12/2024","03/02/2027","09/03/2026","Permit","21745  BEAUMEADE CIR  ASHBURN VA 20147","060189720000","Exterior work includes gen pads and caissons.  Core and shell work includes roof dunnage.  Interior work includes demising walls on the 1st, 2nd and 3rd floor.  On the 3rd floor office space is being modified. Electronic copy "
"BLDC-2024-037521","Building Commercial - Tenant Fit-Up","Issued Certificate of Occupancy","","09/05/2024","07/15/2024","04/07/2026","10/10/2025","Permit","44740  PERFORMANCE CIR  ASHBURN VA 20147","060209652000","*FAST TRACK*

DC16-3 PHASE 3 FITOUT"
"BLDC-2024-037767","Building Commercial - Alteration","Finaled","","12/19/2024","07/16/2024","11/24/2025","05/28/2025","Permit","44372  ROUND TABLE PLZ  ASHBURN VA 20147","062462761000","Installation of (24) Hot Aisle Containment Systems, (96) 400 Amp Busways, 2 Tier Low Voltage Conveyance, Sprinkler Modifications. Electronic copy"
"BLDC-2024-038231","Building Commercial - Alteration","Finaled","","03/10/2025","07/17/2024","02/08/2027","08/12/2026","Permit","20945  LOUDOUN COUNTY PKWY  ASHBURN VA 20147","059309091000","Replacement of all rooftop up-blast exhaust fans utilizing existing roof curbs, along with new interior exhaust fan controls and sound attenuation at existing air handler intakes."
"BLDC-2024-039132","Building Commercial - New Construction","Issued","","01/31/2025","07/22/2024","01/25/2027","","Permit","42376  PATRIOT PARK DR  LEESBURG VA 20175","193281883000","Third building on the campus.  CURRENT: CORE/SHELL 3-STORY FLEX WAREHOUSE AND COMMERICAL OFFICE. FUTURE PURPOSE OF SPACE: 3-STORY SINGLE TENANT COMPUTER DATA CENTER."
"BLDC-2024-039305","Building Commercial - Alteration","Finaled","","08/14/2024","07/22/2024","12/21/2026","06/22/2026","Permit","43701  CLUBBER LN  CHANTILLY VA 20152","097354183000","*FAST TRACK*

IAD 63 RACK INSTALLATIONS"
"BLDC-2024-039309","Building Commercial - Alteration","Finaled","","08/19/2024","07/22/2024","12/21/2026","06/22/2026","Permit","43736  CLUBBER LN  CHANTILLY VA 20152","097354183000","*FAST TRACK*

IAD 61 RACK INSTALLATIONS"
"BLDC-2024-039310","Building Commercial - Alteration","Finaled","","08/19/2024","07/22/2024","10/26/2026","04/27/2026","Permit","45110  LOUDOUN DOWNS LN  STERLING VA 20166","045282657000","*FAST TRACK*

IAD 88 RACK INSTALLATIONS"
"BLDC-2024-039312","Building Commercial - Alteration","Issued","","08/21/2024","07/22/2024","02/16/2027","","Permit","42949  FADELEY LN  STERLING VA 20166","162392026000","*FAST TRACK*. Server racks/battery. Electronic copy. 

IAD 62 RACK INSTALLATIONS"
"BLDC-2024-039313","Building Commercial - Alteration","Issued","","08/19/2024","07/22/2024","02/15/2025","","Permit","45950  PATHFINDER PLZ  STERLING VA 20164","033201325000","*FAST TRACK* Server Rack/battery. Electronic copy 

IAD 92 RACK INSTALLATIONS"
"BLDC-2024-039314","Building Commercial - Alteration","Finaled","","08/20/2024","07/22/2024","10/26/2026","04/27/2026","Permit","45111  LOUDOUN DOWNS LN  STERLING VA 20166","045282657000","*FAST TRACK* Server rack/battery. Electronic copy 

IAD 89 RACK INSTALLATIONS"
"BLDC-2024-039317","Building Commercial - Alteration","Finaled","","08/21/2024","07/22/2024","02/02/2027","08/06/2026","Permit","45295 W SEVERN WAY  STERLING VA 20166","042197707000","*FAST TRACK*

IAD 98 RACK INSTALLATIONS"
"BLDC-2024-039319","Building Commercial - Alteration","Issued","","08/19/2024","07/22/2024","02/15/2025","","Permit","43831  DEVIN SHAFRON DR  ASHBURN VA 20147","089372808000","*FAST TRACK*

IAD 06 RACK INSTALLATIONS"
"BLDC-2024-039320","Building Commercial - Alteration","Finaled","","08/19/2024","07/22/2024","03/16/2027","09/17/2026","Permit","22630  DULLES SUMMIT CT  STERLING VA 20166","045159083000","*FAST TRACK* Server racks/battery. Electronic Copy 

IAD 12 RACK INSTALLATIONS"
"BLDC-2024-039578","Building Commercial - Tenant Fit-Up","Issued Certificate of Occupancy","","09/12/2024","07/23/2024","07/02/2025","08/19/2025","Permit","21580  BEAUMEADE CIR  ASHBURN VA 20147","060196618000","NEW TENANT LAYOUT. electronic copy"
"BLDC-2024-039783","Building Commercial - Tenant Fit-Up","Issued Certificate of Occupancy","","11/13/2024","07/24/2024","04/06/2026","10/08/2025","Permit","22275 LOCKRIDGE RD STERLING VA 20166","062275493003","Phase 1 Broad Run"
"BLDC-2024-039790","Building Commercial - Tenant Fit-Up","Issued Certificate of Occupancy","","11/12/2024","07/24/2024","04/06/2026","10/09/2025","Permit","22275 LOCKRIDGE RD STERLING VA 20166","062275493003","Phase 2 Broad Run"
"BLDC-2024-039794","Building Commercial - Tenant Fit-Up","Issued Certificate of Occupancy","","11/12/2024","07/24/2024","04/15/2026","10/17/2025","Permit","22275 LOCKRIDGE RD STERLING VA 20166","062275493003","Phase 3 Broad Run"
"BLDC-2024-039796","Building Commercial - Tenant Fit-Up","Cancelled","","","07/24/2024","","","Permit","22275 LOCKRIDGE RD STERLING VA 20166","062275493003","Phase 4 Broad Run"
"BLDC-2024-039800","Building Commercial - Tenant Fit-Up","Issued Certificate of Occupancy","","11/12/2024","07/24/2024","06/01/2026","12/01/2025","Permit","22275 LOCKRIDGE RD STERLING VA 20166","062275493003","Phase 4 Broad Run"
"BLDC-2024-039801","Building Commercial - Tenant Fit-Up","Issued Certificate of Occupancy","","11/12/2024","07/24/2024","07/06/2026","01/05/2026","Permit","22275 LOCKRIDGE RD STERLING VA 20166","062275493003","Phase 5 Broad Run"
"BLDC-2024-039802","Building Commercial - Tenant Fit-Up","Issued Certificate of Occupancy","","11/12/2024","07/24/2024","07/21/2026","01/23/2026","Permit","22275 LOCKRIDGE RD STERLING VA 20166","062275493003","Phase 6 Broad Run"
"BLDC-2024-039805","Building Commercial - Tenant Fit-Up","Issued Certificate of Occupancy","","11/12/2024","07/24/2024","11/12/2026","05/15/2026","Permit","22275 LOCKRIDGE RD STERLING VA 20166","062275493003","Phase 7 Broad Run"
"BLDC-2024-039806","Building Commercial - Tenant Fit-Up","Issued Certificate of Occupancy","","11/12/2024","07/24/2024","12/28/2026","06/30/2026","Permit","22275 LOCKRIDGE RD STERLING VA 20166","062275493003","Phase 8 Broad Run"
"BLDC-2024-039809","Building Commercial - Tenant Fit-Up","Issued Certificate of Occupancy","","11/12/2024","07/24/2024","12/07/2026","06/10/2026","Permit","22275 LOCKRIDGE RD STERLING VA 20166","062275493003","Phase 9 Broad Run"
"BLDC-2024-039813","Building Commercial - Tenant Fit-Up","Issued Certificate of Occupancy","","11/12/2024","07/24/2024","02/22/2027","08/26/2026","Permit","22275 LOCKRIDGE RD STERLING VA 20166","062275493003","Phase 10 Broad Run"
"BLDC-2024-039874","Building Commercial - Tenant Fit-Up","Issued","","11/12/2024","07/24/2024","03/16/2027","","Permit","22275 LOCKRIDGE RD STERLING VA 20166","062275493003","Phase 11 Broad Run"
"BLDC-2024-039878","Building Commercial - Tenant Fit-Up","Issued","","11/12/2024","07/24/2024","02/24/2027","","Permit","22275 LOCKRIDGE RD STERLING VA 20166","062275493003","Phase 12 Board Run"
"BLDC-2024-039880","Building Commercial - Tenant Fit-Up","Issued","","11/12/2024","07/24/2024","02/22/2027","","Permit","22275 LOCKRIDGE RD STERLING VA 20166","062275493003","Phase 13 Broad Run"
"BLDC-2024-039882","Building Commercial - Tenant Fit-Up","Issued","","11/12/2024","07/24/2024","02/01/2027","","Permit","22275 LOCKRIDGE RD STERLING VA 20166","062275493003","Phase 14 Broad Run"
"BLDC-2024-039884","Building Commercial - Tenant Fit-Up","Issued","","11/12/2024","07/24/2024","02/01/2027","","Permit","22275 LOCKRIDGE RD STERLING VA 20166","062275493003","Phase 15 Broad Run"
"BLDC-2024-040089","Building Commercial - Alteration","Issued Certificate of Occupancy","","10/15/2024","07/25/2024","10/15/2025","04/17/2025","Permit","43704  EFFICIENCY DR  STERLING VA 20166","092192834000","IAD44 Suite 205. electronic copy"
"BLDC-2024-040092","Building Commercial - Tenant Fit-Up","Issued Certificate of Occupancy","","10/15/2024","07/25/2024","09/22/2025","03/25/2025","Permit","43704  EFFICIENCY DR  STERLING VA 20166","092192834000","IAD44 Suite 105. electronic copy"
"BLDC-2024-040360","Building Commercial - Tenant Fit-Up","Issued","","11/08/2024","07/26/2024","01/12/2026","","Permit","43704  EFFICIENCY DR  STERLING VA 20166","092192834000","Tenant Fit-up Data Hall 115 & 215 hot aisles. Electronic Copy"
"BLDC-2024-040910","Building Commercial - Alteration","Issued","","01/19/2025","07/30/2024","07/18/2025","","Permit","42948  FADELEY LN  STERLING VA 20166","162392026000","New electrical and mechanical equipment fit-out in existing spaces and areas that were previously prepared for the installation of the proposed equipment."
"BLDC-2024-041052","Building Commercial - Tenant Fit-Up","Issued Certificate of Occupancy","","10/25/2024","07/31/2024","11/18/2025","05/23/2025","Permit","44820  PRENTICE DR  STERLING VA 20166","044370416000","110 Tenant Fit-Out/Data Hall in an existing Data Center Core and Shell"
"BLDC-2024-041274","Building Commercial - New Construction","Issued","","01/31/2025","08/01/2024","02/16/2027","","Permit","42590  PATRIOT PARK DR  LEESBURG VA 20175","193178229000","Fourth building on the campus.  CURRENT: CORE/SHELL 3-STORY FLEX WAREHOUSE AND COMMERCIAL OFFICE, FUTURE PURPOSE OF SPACE: 3-STORY SINGLE TENANT COMPUTER DATA CENTER."
"BLDC-2024-041620","Building Commercial - New Construction","Issued","","11/19/2024","08/04/2024","01/18/2027","","Permit","22321  PACIFIC BLVD  STERLING VA 20166","044175589000","VA16 building is to be constructed to operate as a data center facility in Sterling, Virginia."
"BLDC-2024-041861","Building Commercial - Alteration","Finaled","","03/10/2025","08/05/2024","09/06/2025","05/05/2026","Permit","20935  LOUDOUN COUNTY PKWY  ASHBURN VA 20147","041352218000","Replacement of all rooftop up-blast exhaust fans utilizing existing curbs, along with the installation of some new air handlers and partial removal of an interior partition."
"BLDC-2024-042281","Building Commercial - Alteration","Finaled","","10/22/2024","08/07/2024","07/30/2025","01/31/2025","Permit","21630  RED RUM DR  ASHBURN VA 20147","088481748000","Interior alteration to add hot isle containment and Vesda modifications for existing tenant"
"BLDC-2024-042496","Building Commercial - New Construction","Issued","","01/28/2025","08/08/2024","01/11/2027","","Permit","45870  MEMPHIS PLZ  STERLING VA 20166","043175778000","data center complex and associated infrastructure"
"BLDC-2024-042571","Building Commercial - Alteration","Finaled","","12/04/2024","08/08/2024","07/14/2025","01/15/2025","Permit","21625  GRESHAM DR  ASHBURN VA 20147","061467942000","THE SCOPE OF WORK CONSISTS OF INTERIOR ALTERATIONS TO AN EXISTING DATA HALL (CR6) IN THE ASH 6 FACILITY."
"BLDC-2024-044078","Building Commercial - Tenant Fit-Up","Issued","","11/06/2024","08/16/2024","09/23/2026","","Permit","43301 DATA DR ASHBURN VA 20147","113372932000","*FAST TRACK*
VA31 TENANT FIT OUT
ADDRRESS IS
19509 BELMONT RIDGE RD
ASHBURN, VA 20147"
"BLDC-2024-044335","Building Commercial - New Construction","Issued","","04/16/2025","08/19/2024","02/02/2027","","Permit","43715  EFFICIENCY DR  STERLING VA 20166","092192834000","2-Story Data Center Core & Shell. Electronic copy"
"BLDC-2024-044694","Building Commercial - Alteration","Finaled","","10/21/2024","08/21/2024","07/21/2025","01/22/2025","Permit","21571  BEAUMEADE CIR  ASHBURN VA 20147","060202337000","WDC BLD A OCI OFFICE PERMIT"
"BLDC-2024-044695","Building Commercial - Alteration","Finaled","","10/22/2024","08/21/2024","04/30/2025","11/01/2024","Permit","21571  BEAUMEADE CIR  ASHBURN VA 20147","060202337000","WDC BLD A OCI PHASE 2. Electronic copy"
"BLDC-2024-044702","Building Commercial - Tenant Fit-Up","Issued Certificate of Occupancy","","10/11/2024","08/21/2024","01/18/2027","07/20/2026","Permit","21745  BEAUMEADE CIR  ASHBURN VA 20147","060189720000","Scope of work includes the fit out of 2 data halls. One on the 3rd floor and one on the 2nd floor. Scope of work will be drywall partitions, doors frames and hardware, flooring, HVAC, plumbing and electrical.  Setting of OFCI equipment is included. Electronic copy"
"BLDC-2024-044841","Building Commercial - Alteration","Finaled","","10/05/2024","08/22/2024","07/02/2025","01/03/2025","Permit","21745  RED RUM DR  ASHBURN VA 20147","088392214000","Installation of new egress door within the exterior wall of an existing gallery.  The door will not have operable hardware on the exterior. Electronic Copy"
"BLDC-2024-045587","Building Commercial - Miscellaneous Structure","Issued","","10/16/2024","08/27/2024","04/14/2025","","Permit","19661  BELMONT RIDGE RD  ASHBURN VA 20147","114355868000","Construction of the (2) retaining walls associated with the DOMINION ENERGY substation:
Retaining Wall West
Retaining Wall East"
"BLDC-2024-045861","Building Commercial - Miscellaneous Structure","Issued","","10/01/2024","08/29/2024","03/30/2025","","Permit","44631  WAXPOOL RD  ASHBURN VA 20147","061285496000","Retaining wall"
"BLDC-2024-046848","Building Commercial - Tenant Fit-Up","Issued","","02/04/2025","09/05/2024","03/03/2027","","Permit","22715  RELOCATION DR  STERLING VA 20166","045279612000","Interior buildout of partitions and major building systems in existing structure.  West side data halls on levels 01-03.  East side data halls on levels 01-04."
"BLDC-2024-047460","Building Commercial - New Construction","Issued","","05/08/2025","09/09/2024","01/27/2027","","Permit","44395 GIGABIT PLZ ASHBURN VA 20147","061450432000","New Construction - Data Center. Electronic copy 
NTT VA7 is a two-story data center on a 78 acre site. Overall, the facility contains over 268,503.26 SF. 127,700 SF of data hall space and 21,380 SF of office space."
"BLDC-2024-048504","Building Commercial - New Construction","Issued","","09/19/2025","09/16/2024","03/16/2027","","Permit","43649 LIGHT SPEED PLZ STERLING VA 20166","122207249000","2 STORY SINGLE TENANT COMPUTER DATA CENTER *FULL APPROVAL*"
"BLDC-2024-048569","Building Commercial - New Construction","Cancelled","","","09/16/2024","","","Permit","","030292034000","New Construction Data Center.  3 stories with roof chiller platform."
"BLDC-2024-048570","Building Commercial - New Construction","On Hold","","","09/16/2024","","","Permit","","030292034000","New Construction Data Center.  3 stories with roof chiller platform."
"BLDC-2024-048969","Building Commercial - Alteration","Issued","","11/18/2024","09/19/2024","12/07/2026","","Permit","22210  LOUDOUN COUNTY PKWY  ASHBURN VA 20147","062256361000","*FAST TRACK* 

PHASE 2 BUILDING PERMIT 

CREATING PERMITS FOR PHASED OCCUPANCY TURNOVER;

ALL PHASES AND PLANS ALREADY REVIEWED  AND APPROVED AND PAID FOR UNDER BLDC-2023-006663"
"BLDC-2024-048970","Building Commercial - Alteration","Issued","","11/18/2024","09/19/2024","12/07/2026","","Permit","22210  LOUDOUN COUNTY PKWY  ASHBURN VA 20147","062256361000","*FAST TRACK* 

PHASE 3 BUILDING PERMIT 

CREATING PERMITS FOR PHASED OCCUPANCY TURNOVER;

ALL PHASES AND PLANS ALREADY REVIEWED  AND APPROVED AND PAID FOR UNDER BLDC-2023-006663"
"BLDC-2024-048971","Building Commercial - Alteration","Cancelled","","","09/19/2024","","","Permit","22210  LOUDOUN COUNTY PKWY  ASHBURN VA 20147","062256361000","*FAST TRACK* 

PHASE 4 BUILDING PERMIT 

CREATING PERMITS FOR PHASED OCCUPANCY TURNOVER;

ALL PHASES AND PLANS ALREADY REVIEWED  AND APPROVED AND PAID FOR UNDER BLDC-2023-006663"
"BLDC-2024-048972","Building Commercial - Alteration","Cancelled","","","09/19/2024","","","Permit","22210  LOUDOUN COUNTY PKWY  ASHBURN VA 20147","062256361000","*FAST TRACK* 

PHASE 5 BUILDING PERMIT 

CREATING PERMITS FOR PHASED OCCUPANCY TURNOVER;

ALL PHASES AND PLANS ALREADY REVIEWED  AND APPROVED AND PAID FOR UNDER BLDC-2023-006663"
"BLDC-2024-048973","Building Commercial - Alteration","Cancelled","","","09/19/2024","","","Permit","22210  LOUDOUN COUNTY PKWY  ASHBURN VA 20147","062256361000","*FAST TRACK* 

PHASE 6 BUILDING PERMIT 

CREATING PERMITS FOR PHASED OCCUPANCY TURNOVER;

ALL PHASES AND PLANS ALREADY REVIEWED  AND APPROVED AND PAID FOR UNDER BLDC-2023-006663"
"BLDC-2024-048974","Building Commercial - Alteration","Cancelled","","","09/19/2024","","","Permit","22210  LOUDOUN COUNTY PKWY  ASHBURN VA 20147","062256361000","*FAST TRACK* 

PHASE 7 BUILDING PERMIT 

CREATING PERMITS FOR PHASED OCCUPANCY TURNOVER;

ALL PHASES AND PLANS ALREADY REVIEWED  AND APPROVED AND PAID FOR UNDER BLDC-2023-006663"
"BLDC-2024-050129","Building Commercial - Tenant Fit-Up","Issued Certificate of Occupancy","","11/01/2024","09/25/2024","01/20/2027","07/24/2026","Permit","21745  BEAUMEADE CIR  ASHBURN VA 20147","060189720000","Scope of work includes the fit out of 3 data halls on the 3rd floor.  Scope of work will be drywall partitions, doors frames and hardware, flooring, HVAC, plumbing and electrical.  Setting of OFCI equipment is included. Electronic Copy"
"BLDC-2024-050136","Building Commercial - Alteration","Cancelled","","","09/25/2024","","","Permit","21745  BEAUMEADE CIR  ASHBURN VA 20147","060189720000","Scope of work includes the fit out of 3 data halls on the 3rd floor.  Scope of work will be drywall partitions, doors frames and hardware, flooring, HVAC, plumbing and electrical.  Setting of OFCI equipment is included."
"BLDC-2024-050147","Building Commercial - Tenant Fit-Up","Issued Certificate of Occupancy","","11/01/2024","09/25/2024","01/25/2027","07/30/2026","Permit","21745  BEAUMEADE CIR  ASHBURN VA 20147","060189720000","Scope of work includes the fit out of 3 data halls on the 2nd floor.  Scope of work will be drywall partitions, doors frames and hardware, flooring, HVAC, plumbing and electrical.  Setting of OFCI equipment is included."
"BLDC-2024-050230","Building Commercial - Miscellaneous Structure","Issued","","12/02/2024","09/25/2024","05/31/2025","","Permit","45210  VANTAGE DATA PLZ  STERLING VA 20166","044292829000","Retaining wall"
"BLDC-2024-051173","Building Commercial - Alteration","Finaled","","11/13/2024","10/01/2024","04/13/2026","10/14/2025","Permit","43290  OLD OX RD  STERLING VA 20166","124369522000","Constructing a cage for security in an existing data center"
"BLDC-2024-051273","Building Commercial - Miscellaneous Structure","Issued","","11/26/2024","10/02/2024","12/31/2026","","Permit","22280  RANDOLPH DR  STERLING VA 20166","044155625000","Installation of new retaining walls."
"BLDC-2024-052009","Building Commercial - New Construction","In Review","","","10/07/2024","","","Permit","42090  REEDS FARM LN  ALDIE VA 20105","203170856000","Site Security Building"
"BLDC-2024-052045","Building Commercial - Tenant Fit-Up","Issued Certificate of Occupancy","","02/20/2025","10/07/2024","03/25/2026","12/30/2025","Permit","44631  WAXPOOL RD  ASHBURN VA 20147","061285496000","IAD 421 LC3 FITOUT PHASE 1 BUILDING PERMIT "
"BLDC-2024-052814","Building Commercial - New Construction","Issued","","12/04/2024","10/10/2024","01/05/2026","","Permit","25500  MEADOWDALE DR  CHANTILLY VA 20152","096183926000","Guard Booth Shack. electronic copy"
"BLDC-2024-052993","Building Commercial - Alteration","Issued","","07/07/2025","10/11/2024","01/03/2026","","Permit","43790  DEVIN SHAFRON DR  ASHBURN VA 20147","089374763000","IAD 13 DALMATION Structural roof evaluation for alterations to the sprinkler system  . Electronic copy 

FIRE PROTECTION UPGRADES"
"BLDC-2024-053873","Building Commercial - Tenant Fit-Up","Issued","","01/02/2025","10/18/2024","03/16/2027","","Permit","22321  PACIFIC BLVD  STERLING VA 20166","044175589000","Phase 2 tenant buildout (reference permit # BLDC-2024-041620 for Core and shell and partial tenant / yard equipment"
"BLDC-2024-053917","Building Commercial - Alteration","Cancelled","","","10/18/2024","","","Permit","22321  PACIFIC BLVD  STERLING VA 20166","044175589000","Equip yard as part of permit #BLDC-2024-053873"
"BLDC-2024-054702","Building Commercial - Telecommunication","Finaled","","11/04/2024","10/23/2024","10/20/2025","04/22/2025","Permit","40866  BROWNS LN  WATERFORD VA 20197","224252353000","AT&T proposes modifications to an existing tower that will consist of the removal of (6) antennas and (9) RRUs. AT&T will be installing (6) antennas and (9) RRUs. AT&T will upgrade ancillary equipment as needed."
"BLDC-2024-054708","Building Commercial - Tenant Fit-Up","Issued","","06/27/2025","10/23/2024","03/03/2027","","Permit","42090  REEDS FARM LN  ALDIE VA 20105","203170856000","This is a three story data center that includes both core & shell and tenant fit-up.  This is for the office phase."
"BLDC-2024-054713","Building Commercial - Tenant Fit-Up","Issued","","06/27/2025","10/23/2024","03/10/2027","","Permit","42090  REEDS FARM LN  ALDIE VA 20105","203170856000","This is a three story data center that includes both core & shell and tenant fit-up.  This is for the Phase 1.      "
"BLDC-2024-054818","Building Commercial - Tenant Fit-Up","Issued","","06/27/2025","10/24/2024","02/10/2027","","Permit","42090  REEDS FARM LN  ALDIE VA 20105","203170856000","This is a three story data center that includes both core & shell and tenant fit-up.  This is for Phase 2."
"BLDC-2024-054824","Building Commercial - Tenant Fit-Up","Issued","","06/27/2025","10/24/2024","02/22/2027","","Permit","42090  REEDS FARM LN  ALDIE VA 20105","203170856000","This is a three story data center that includes both core & shell and tenant fit-up.  This is for Phase 3."
"BLDC-2024-054843","Building Commercial - Tenant Fit-Up","Issued","","06/27/2025","10/24/2024","03/10/2027","","Permit","42090  REEDS FARM LN  ALDIE VA 20105","203170856000",".  This is a three story data center that includes both core & shell and tenant fit-up.  This is for Phase 4."
"BLDC-2024-054850","Building Commercial - Tenant Fit-Up","Issued","","06/27/2025","10/24/2024","03/10/2027","","Permit","42090  REEDS FARM LN  ALDIE VA 20105","203170856000","This is a three story data center that includes both core & shell and tenant fit-up.  This is for Phase 5."
"BLDC-2024-054853","Building Commercial - Tenant Fit-Up","Issued","","06/27/2025","10/24/2024","03/10/2027","","Permit","42090  REEDS FARM LN  ALDIE VA 20105","203170856000","This is a three story data center that includes both core & shell and tenant fit-up.  This is for Phase 6."
"BLDC-2024-054859","Building Commercial - Tenant Fit-Up","Issued","","06/27/2025","10/24/2024","03/17/2027","","Permit","42090  REEDS FARM LN  ALDIE VA 20105","203170856000","This is a three story data center that includes both core & shell and tenant fit-up.  This is for Phase 7."
"BLDC-2024-054864","Building Commercial - Tenant Fit-Up","Issued","","06/27/2025","10/24/2024","03/17/2027","","Permit","42090  REEDS FARM LN  ALDIE VA 20105","203170856000","This is a three story data center that includes both core & shell and tenant fit-up.  This is for Phase 8."
"BLDC-2024-054868","Building Commercial - Tenant Fit-Up","Issued","","06/27/2025","10/24/2024","03/17/2027","","Permit","42090  REEDS FARM LN  ALDIE VA 20105","203170856000","This is a three story data center that includes both core & shell and tenant fit-up.  This is for Phase 9."
"BLDC-2024-054882","Building Commercial - Tenant Fit-Up","Issued","","06/27/2025","10/24/2024","02/10/2027","","Permit","42090  REEDS FARM LN  ALDIE VA 20105","203170856000","This is a three story data center that includes both core & shell and tenant fit-up.  This is for Phase 10."
"BLDC-2024-054888","Building Commercial - Tenant Fit-Up","Issued","","06/27/2025","10/24/2024","12/24/2027","","Permit","42090  REEDS FARM LN  ALDIE VA 20105","203170856000","This is a three story data center that includes both core & shell and tenant fit-up.  This is for Phase 11."
"BLDC-2024-054893","Building Commercial - Tenant Fit-Up","Issued","","06/27/2025","10/24/2024","12/24/2027","","Permit","42090  REEDS FARM LN  ALDIE VA 20105","203170856000","This is a three story data center that includes both core & shell and tenant fit-up.  This is for Phase 12."
"BLDC-2024-054905","Building Commercial - Tenant Fit-Up","Issued","","06/27/2025","10/24/2024","12/24/2027","","Permit","42090  REEDS FARM LN  ALDIE VA 20105","203170856000","This is a three story data center that includes both core & shell and tenant fit-up.  This is for Phase 13."
"BLDC-2024-054937","Building Commercial - Tenant Fit-Up","Issued","","06/27/2025","10/24/2024","12/24/2027","","Permit","42090  REEDS FARM LN  ALDIE VA 20105","203170856000","This is a three story data center that includes both core & shell and tenant fit-up.  This is for Phase 14."
"BLDC-2024-054946","Building Commercial - Tenant Fit-Up","Issued","","06/27/2025","10/24/2024","12/24/2027","","Permit","42090  REEDS FARM LN  ALDIE VA 20105","203170856000","This is a three story data center that includes both core & shell and tenant fit-up.  This is for Phase 15."
"BLDC-2024-054957","Building Commercial - Tenant Fit-Up","Issued","","06/27/2025","10/24/2024","12/24/2027","","Permit","42090  REEDS FARM LN  ALDIE VA 20105","203170856000","This is a three story data center that includes both core & shell and tenant fit-up.  This is for Phase 16."
"BLDC-2024-054959","Building Commercial - Tenant Fit-Up","Issued","","06/27/2025","10/24/2024","12/24/2027","","Permit","42090  REEDS FARM LN  ALDIE VA 20105","203170856000","This is a three story data center that includes both core & shell and tenant fit-up.  This is for Phase 17."
"BLDC-2024-054963","Building Commercial - Tenant Fit-Up","Issued","","06/27/2025","10/24/2024","12/24/2027","","Permit","42090  REEDS FARM LN  ALDIE VA 20105","203170856000","This is a three story data center that includes both core & shell and tenant fit-up.  This is for Phase 18."
"BLDC-2024-054969","Building Commercial - Alteration","Finaled","","01/24/2025","10/24/2024","11/30/2026","06/01/2026","Permit","22945  INTERNATIONAL DR  STERLING VA 20166","034357851000","IAD 144 ERUD"
"BLDC-2024-055076","Building Commercial - New Construction","Issued","","07/25/2025","10/25/2024","01/11/2027","","Permit","45757  MARIES RD  STERLING VA 20166","030286764000"," White Box Shell. electronic copy"
"BLDC-2024-055591","Building Commercial - New Construction","Issued","","05/07/2025","10/29/2024","02/12/2027","","Permit","22235 Loudoun County Parkway Ashburn VA 20147","089496246000"," A THREE-STORY DATA CENTER BUILDING SHELL."
"BLDC-2024-055894","Building Commercial - New Construction","In Review","","06/17/2025","10/29/2024","03/15/2027","","Permit","44595  LOW LATENCY LN  STERLING VA 20166","063477734000","New construction of a 4-level data center facility.
"
"BLDC-2024-056079","Building Commercial - Tenant Fit-Up","Issued","","05/06/2025","10/30/2024","01/11/2027","","Permit","41835 DULLES WEST BLVD ALDIE VA 20105","203371445000","TENANT FIT UP"
"BLDC-2024-056328","Building Commercial - Alteration","Finaled","","12/18/2024","10/31/2024","10/27/2025","04/30/2025","Permit","22271 SHELLHORN RD ASHBURN VA 20147","089104437000","Office space within new core and shell Data"
"BLDC-2024-056483","Building Commercial - New Construction","Issued","","03/24/2025","11/01/2024","12/21/2026","","Permit","24531 HOWLING ROOSTER LN STERLING VA 20166","162176713000","Single story pre-engineered office building, primary use of building will be open office space, conference rooms, cafeteria and kitchen. Electronic Copy"
"BLDC-2024-056493","Building Commercial - New Construction","Issued","","01/15/2025","11/01/2024","02/03/2027","","Permit","22280  RANDOLPH DR  STERLING VA 20166","044155625000","QTS ASH1-DC2 CORESHELL BUILDING PERMIT; NEW CONSTRUCTION; THIS PERMIT WILL COVER ALL 3 FLOORS BUT WILL HAVE 3 MORE PERMITS FOR OCCUPANCY PURPOSES (1 PER FLOOR). Electronic copy"
"BLDC-2024-056497","Building Commercial - Tenant Fit-Up","Issued Certificate of Occupancy","","01/31/2025","11/01/2024","01/12/2027","07/17/2026","Permit","21745  BEAUMEADE CIR  ASHBURN VA 20147","060189720000","Scope of work includes the fit out of 2 data halls (1301 & 1303) on the 1st floor.  Scope of work will be drywall partitions, doors frames and hardware, 
flooring, HVAC, plumbing and electrical.  Setting of OFCI equipment is included."
"BLDC-2024-056500","Building Commercial - Alteration","Cancelled","","","11/01/2024","","","Permit","22280  RANDOLPH DR  STERLING VA 20166","044155625000","ASH1-DC2 DATA HALL 1100;  PERMIT CREATED FOR PHASED OCCUPANCY; FULL SET OF PLANS WILL BE REVIEWED AND APPROVED UNDER BLDC-2024-056493; ALL FEES PAID UNDER CORESHELL PERMIT"
"BLDC-2024-056501","Building Commercial - Tenant Fit-Up","Issued Certificate of Occupancy","","01/31/2025","11/01/2024","01/12/2027","07/17/2026","Permit","21745  BEAUMEADE CIR  ASHBURN VA 20147","060189720000","Scope of work includes the fit out of 1 data halls (1307) on the 1st floor.  Scope of work will be drywall partitions, doors frames and hardware, 
flooring, HVAC, plumbing and electrical.  Setting of OFCI equipment is included."
"BLDC-2024-056505","Building Commercial - Alteration","Cancelled","","","11/01/2024","","","Permit","22280  RANDOLPH DR  STERLING VA 20166","044155625000","ASH1-DC2 DATA HALL 2100;  PERMIT CREATED FOR PHASED OCCUPANCY; FULL SET OF PLANS WILL BE REVIEWED AND APPROVED UNDER BLDC-2024-056493; ALL FEES PAID UNDER CORESHELL PERMIT"
"BLDC-2024-056509","Building Commercial - Alteration","Cancelled","","","11/01/2024","","","Permit","22280  RANDOLPH DR  STERLING VA 20166","044155625000","ASH1-DC2 DATA HALL 3100;  PERMIT CREATED FOR PHASED OCCUPANCY; FULL SET OF PLANS WILL BE REVIEWED AND APPROVED UNDER BLDC-2024-056493; ALL FEES PAID UNDER CORESHELL PERMIT"
"BLDC-2024-056511","Building Commercial - Tenant Fit-Up","Issued Certificate of Occupancy","","01/31/2025","11/01/2024","02/22/2027","08/25/2026","Permit","21745  BEAUMEADE CIR  ASHBURN VA 20147","060189720000","Scope of work includes the fit out of 2 data halls (1310 & 1313) on the 1st floor.  Scope of work will be drywall partitions, doors frames and hardware, 
flooring, HVAC, plumbing and electrical.  Setting of OFCI equipment is included."
"BLDC-2024-056636","Building Commercial - Miscellaneous Structure","Issued","","01/18/2025","11/04/2024","07/17/2025","","Permit","42376  PATRIOT PARK DR  LEESBURG VA 20175","193281883000","To construct 1 commercial retaining wall named Wall 1 - 362 LF x max height 3' total sqft: 725 (this is associated with 8 additional walls on this site)"
"BLDC-2024-056675","Building Commercial - Miscellaneous Structure","Issued","","01/19/2025","11/04/2024","07/18/2025","","Permit","42376  PATRIOT PARK DR  LEESBURG VA 20175","193281883000","To construct 1 commercial retaining wall named Wall 2A - 293 LF x max height 22' with total sqft: 3,458. This wall is associated with permit BLDC-2024-056636 and 7 other retaining wall permits."
"BLDC-2024-056693","Building Commercial - Miscellaneous Structure","Issued","","01/21/2025","11/04/2024","07/20/2025","","Permit","42376  PATRIOT PARK DR  LEESBURG VA 20175","193281883000","To construct 1 commercial retaining wall named Wall 2 - 824 LF x max height 39' with total sqft: 25,086. This permit is associated with permits BLDC-2024-056636 and BLDC-2024-056675 with 6 more to follow (total of 9 walls)"
"BLDC-2024-056710","Building Commercial - Miscellaneous Structure","Issued","","01/21/2025","11/04/2024","07/20/2025","","Permit","42590  PATRIOT PARK DR  LEESBURG VA 20175","193178229000","To construct 1 commercial retaining wall named Wall 6 - 485 LF x max height 25' total sqft: 8,108. This permit is associated with permits BLDC-2024-056636, BLDC-2024-056693, BLDC-2024-056675. There will be 5 more permits to follow. (9 total)"
"BLDC-2024-056722","Building Commercial - Miscellaneous Structure","Issued","","12/23/2024","11/04/2024","06/21/2025","","Permit","42630  PATRIOT PARK DR  LEESBURG VA 20175","193182817000","To construct 1 commercial retaining wall named Wall 3 - 515 LF x max height 13' total sqft: 3,713. This permit is associated with permits: BLDC-2024-056636, BLDC-2024-056693, BLDC-2024-056675, BLDC-2024-056710 and 4 others. (9 total walls)"
"BLDC-2024-056730","Building Commercial - Miscellaneous Structure","Issued","","12/21/2024","11/04/2024","06/19/2025","","Permit","42630  PATRIOT PARK DR  LEESBURG VA 20175","193182817000","to construct 1 commercial retaining wall named Wall 4 - 451 LF x max height 12' total sqft: 4,092. This permit is associated with permits: BLDC-2024-056636, BLDC-2024-056693, BLDC-2024-056675, BLDC-2024-056710, BLDC-2024-056722 and 3 other permits (9 walls total)"
"BLDC-2024-056743","Building Commercial - Miscellaneous Structure","Issued","","12/21/2024","11/04/2024","06/19/2025","","Permit","42630  PATRIOT PARK DR  LEESBURG VA 20175","193182817000","To construct 1 commercial retaining wall named Wall 5A - 50 LF x max height 6.5' total sqft: 224 associated with permits: BLDC-2024-056636, BLDC-2024-056693, BLDC-2024-056675, BLDC-2024-056710, BLDC-2024-056722, BLDC-2024-056730 and 2 other permits."
"BLDC-2024-056752","Building Commercial - Miscellaneous Structure","Issued","","12/21/2024","11/04/2024","06/19/2025","","Permit","42630  PATRIOT PARK DR  LEESBURG VA 20175","193182817000","To construct 1 commercial retaining wall named Wall 5B - 68 LF x max height 5' total sqft: 212 associated with permits: BLDC-2024-056636, BLDC-2024-056693, BLDC-2024-056675, BLDC-2024-056710, BLDC-2024-056722, BLDC-2024-056730, BLDC-2024-056743 and 1 other permit."
"BLDC-2024-056755","Building Commercial - Miscellaneous Structure","Issued","","12/21/2024","11/04/2024","06/19/2025","","Permit","42630  PATRIOT PARK DR  LEESBURG VA 20175","193182817000","construct 1 commercial retaining wall named Wall 7 - 67 LF x max height 14.5' total sqft: 690 associated with permits: BLDC-2024-056636, BLDC-2024-056693, BLDC-2024-056675, BLDC-2024-056710, BLDC-2024-056722, BLDC-2024-056730, BLDC-2024-056743, BLDC-2024-056752 for a total of 9 walls"
"BLDC-2024-057229","Building Commercial - New Construction","Issued","","05/02/2025","11/06/2024","03/16/2027","","Permit","44710  PERFORMANCE CIR  ASHBURN VA 20147","060209652000","NEW 4-STORY BUILDING CONSISTING OF 12 DATA HALLS, 
MECHANICAL PENTHOUSE, BACKUP GENERATORS, POWER 
EQUIPMENT CENTERS AND ADMINISTRATIVE 
FUNCTIONS. A BRIDGE CONNECTING THE NEW BUILDING 
TO AN EXISTING BUILDING ON CAMPUS AT THE 2ND LEVEL.  
THE SCOPE OF WORK WITHIN THESE DOCUMENTS 
CONSISTS OF ALL ARCHITECTURAL, STRUCTURAL, 
MECHANICAL, ELECTRICAL, AND 
PLUMBING WORK TO SUPPORT THE CONSTRUCTION OF 
THE CORE AND SHELL OF THE BUILDING AND THE TENANT 
BUILD OUT OF THE DATA HALL."
"BLDC-2024-057379","Building Commercial - Alteration","In Review","","09/17/2025","11/06/2024","03/16/2026","","Permit","44595  LOW LATENCY LN  STERLING VA 20166","063477734000","Construction of ""SDC Fitout Scope No.1"" within the new construction of a 4-story data center Core-&-Shell building.
The new construction data center ""Core-&-Shell"" is currently under review by Loudoun County under permit case number BLDC-2024-055894.
Marked-up colored drawings are provided under this permit and similarly under the BLDC-2024-055894 permit to clearly delineate the ""Core-&-Shell"" scopes versus the ""SDC Fitout Scope No.1"" scopes."
"BLDC-2024-057432","Building Commercial - Alteration","Fees Due","","","11/07/2024","","","Permit","21271  SMITH SWITCH RD  ASHBURN VA 20147","060485060000","IAD 50 ERE+WMW UPGRADES"
"BLDC-2024-057612","Building Commercial - Alteration","Issued","","09/22/2025","11/07/2024","03/21/2026","","Permit","43790  DEVIN SHAFRON DR  ASHBURN VA 20147","089374763000","IAD 13 WMWE;"
"BLDC-2024-058387","Building Commercial - Miscellaneous Structure","Issued","","01/07/2025","11/13/2024","07/06/2025","","Permit","23844  BELMONT RIDGE RD  ASHBURN VA 20148","161264481000","Permit for the Construction on a Post and Panel Retaining Wall to Support NOVEC Electrical Substation for Tech Park at Brambleton Data Center Campus"
"BLDC-2024-058762","Building Commercial - Alteration","Issued","","06/09/2025","11/14/2024","12/14/2026","","Permit","45111  LOUDOUN DOWNS LN  STERLING VA 20166","045282657000","Electrical equipment upgrades in existing 1-story data center building, along with related mechanical installations."
"BLDC-2024-059365","Building Commercial - Miscellaneous Structure","Issued","","07/01/2025","11/19/2024","03/24/2026","","Permit","22715  RELOCATION DR  STERLING VA 20166","045279612000","1- internally illuminated entry monument sign 2 sided. Electronic copy "
"BLDC-2024-059440","Building Commercial - Alteration","Issued","","02/20/2025","11/19/2024","08/19/2025","","Permit","22370  KIPPER DR  STERLING VA 20166","044193385000","Installation of additional communications cabling pathways between existing computer rooms in existing data center."
"BLDC-2024-059447","Building Commercial - Alteration","Cancelled","","","11/19/2024","","","Permit","22370  KIPPER DR  STERLING VA 20166","044193385000","Installation of additional data cabling pathways between existing computer rooms in existing data center."
"BLDC-2024-059454","Building Commercial - Alteration","Issued Certificate of Occupancy","","01/17/2025","11/19/2024","01/12/2026","07/16/2025","Permit","44820  PRENTICE DR  STERLING VA 20166","044370416000","210 Tenant Fit-Out/Data Hall in an existing Data Center Core and Shell"
"BLDC-2024-060012","Building Commercial - Alteration","On Hold","","","11/21/2024","","","Permit","22745  RELOCATION DR  STERLING VA 20166","045175529000","IAD 58 ERE;"
"BLDC-2024-060015","Building Commercial - Alteration","Issued","","06/06/2025","11/21/2024","09/23/2026","","Permit","24178  UPPER WOODSIDE LN  STERLING VA 20166","162392026000","IAD 81 ERUD"
"BLDC-2024-060092","Building Commercial - Alteration","Finaled","","01/31/2025","11/22/2024","11/18/2025","05/22/2025","Permit","22125  BRODERICK DR  STERLING VA 20166","044370416000","Suite R108 mechanical equipment upgrade in an existing data hall"
"BLDC-2024-060581","Building Commercial - Tenant Fit-Up","Issued","","05/07/2026","11/26/2024","03/03/2027","","Permit","44710  PERFORMANCE CIR  ASHBURN VA 20147","060209652000","INTERIOR FIT OUT OF 6 DATA HALLS, ON FLOORS 1 AND 2. THE SCOPE OF WORK WITHIN THESE DOCUMENTS CONSISTS OF ALL ARCHITECTURAL, STRUCTURAL, MECHANICAL, ELECTRICAL, AND PLUMBING WORK TO SUPPORT THE CONSTRUCTION OF THE TENANT BUILD OUT OF THE DATA HALLS"
"BLDC-2024-060669","Building Commercial - Alteration","Finaled","","01/22/2025","11/26/2024","03/16/2027","09/17/2026","Permit","22631  DULLES SUMMIT CT  STERLING VA 20166","045358110000","IAD 15 RACK INSTALLATIONS; Electronic Copy"
"BLDC-2024-060672","Building Commercial - Alteration","Finaled","","01/13/2025","11/26/2024","02/03/2027","08/07/2026","Permit","1304  SQUIRE CT  STERLING VA 20166","042295813000","IAD 32 RACK INSTALLATIONS"
"BLDC-2024-060674","Building Commercial - Alteration","Issued","","02/07/2025","11/26/2024","08/06/2025","","Permit","43791  DEVIN SHAFRON DR  ASHBURN VA 20147","089367531000","IAD 54 RACK INSTALLATIONS"
"BLDC-2024-060676","Building Commercial - Alteration","Finaled","","01/13/2025","11/26/2024","12/21/2026","06/23/2026","Permit","44854  INTERCONNECTION PL  ASHBURN VA 20147","060307119000","IAD 80 RACK INSTALLATIONS"
"BLDC-2024-060681","Building Commercial - Alteration","Finaled","","01/08/2025","11/26/2024","03/01/2027","09/01/2026","Permit","20945  LOUDOUN COUNTY PKWY  ASHBURN VA 20147","059309091000","IAD 114 RACK INSTALLATIONS"
"BLDC-2024-060712","Building Commercial - Tenant Fit-Up","Issued Certificate of Occupancy","","02/24/2025","11/26/2024","08/03/2026","03/24/2026","Permit","22665  DULLES SUMMIT CT  STERLING VA 20166","045252512000","IAD 230 TENANT FITOUT  OFFICE AREA CONTRACTOR TBD"
"BLDC-2024-060715","Building Commercial - Tenant Fit-Up","Issued Certificate of Occupancy","","02/20/2025","11/26/2024","08/03/2026","03/24/2026","Permit","22665  DULLES SUMMIT CT  STERLING VA 20166","045252512000","IAD 230 TENANT FITOUT PHASE 1;  PLANS SUBMITTED UNDER OFFICE PERMIT;  BLDC-2024-060712; CONTRACTOR TBD"
"BLDC-2024-060717","Building Commercial - Tenant Fit-Up","Issued Certificate of Occupancy","","02/20/2025","11/26/2024","08/03/2026","03/24/2026","Permit","22665  DULLES SUMMIT CT  STERLING VA 20166","045252512000","IAD 230 TENANT FITOUT PHASE 2;  PLANS SUBMITTED UNDER OFFICE PERMIT;  BLDC-2024-060712; CONTRACTOR TBD"
"BLDC-2024-060719","Building Commercial - Tenant Fit-Up","Issued Certificate of Occupancy","","02/20/2025","11/26/2024","08/24/2026","02/25/2026","Permit","22665  DULLES SUMMIT CT  STERLING VA 20166","045252512000","IAD 230 TENANT FITOUT PHASE 3;  PLANS SUBMITTED UNDER OFFICE PERMIT;  BLDC-2024-060712; CONTRACTOR TBD"
"BLDC-2024-060720","Building Commercial - Tenant Fit-Up","Issued Certificate of Occupancy","","02/20/2025","11/26/2024","09/08/2026","03/16/2026","Permit","22665  DULLES SUMMIT CT  STERLING VA 20166","045252512000","IAD 230 TENANT FITOUT PHASE 4;  PLANS SUBMITTED UNDER OFFICE PERMIT;  BLDC-2024-060712; CONTRACTOR TBD"
"BLDC-2024-060721","Building Commercial - Tenant Fit-Up","Issued Certificate of Occupancy","","02/20/2025","11/26/2024","09/28/2026","03/30/2026","Permit","22665  DULLES SUMMIT CT  STERLING VA 20166","045252512000","IAD 230 TENANT FITOUT PHASE 5;  PLANS SUBMITTED UNDER OFFICE PERMIT;  BLDC-2024-060712; CONTRACTOR TBD"
"BLDC-2024-060722","Building Commercial - Tenant Fit-Up","Issued Certificate of Occupancy","","02/20/2025","11/26/2024","12/21/2026","06/22/2026","Permit","22665  DULLES SUMMIT CT  STERLING VA 20166","045252512000","IAD 230 TENANT FITOUT PHASE 6;  PLANS SUBMITTED UNDER OFFICE PERMIT;  BLDC-2024-060712; CONTRACTOR TBD"
"BLDC-2024-060723","Building Commercial - Tenant Fit-Up","Issued","","02/20/2025","11/26/2024","10/26/2026","","Permit","22665  DULLES SUMMIT CT  STERLING VA 20166","045252512000","IAD 230 TENANT FITOUT PHASE 7;  PLANS SUBMITTED UNDER OFFICE PERMIT;  BLDC-2024-060712; CONTRACTOR TBD"
"BLDC-2024-060725","Building Commercial - Tenant Fit-Up","Issued Certificate of Occupancy","","02/20/2025","11/26/2024","11/10/2026","05/15/2026","Permit","22665  DULLES SUMMIT CT  STERLING VA 20166","045252512000","IAD 230 TENANT FITOUT PHASE 8;  PLANS SUBMITTED UNDER OFFICE PERMIT;  BLDC-2024-060712; CONTRACTOR TBD"
"BLDC-2024-060726","Building Commercial - Tenant Fit-Up","Issued Certificate of Occupancy","","02/20/2025","11/26/2024","12/02/2026","06/05/2026","Permit","22665  DULLES SUMMIT CT  STERLING VA 20166","045252512000","IAD 230 TENANT FITOUT PHASE 9;  PLANS SUBMITTED UNDER OFFICE PERMIT;  BLDC-2024-060712; CONTRACTOR TBD"
"BLDC-2024-060727","Building Commercial - Tenant Fit-Up","Issued Certificate of Occupancy","","02/20/2025","11/26/2024","01/04/2027","07/08/2026","Permit","22665  DULLES SUMMIT CT  STERLING VA 20166","045252512000","IAD 230 TENANT FITOUT PHASE 10;  PLANS SUBMITTED UNDER OFFICE PERMIT;  BLDC-2024-060712; CONTRACTOR TBD"
"BLDC-2024-060730","Building Commercial - Tenant Fit-Up","Issued Certificate of Occupancy","","02/20/2025","11/26/2024","01/25/2027","07/28/2026","Permit","22665  DULLES SUMMIT CT  STERLING VA 20166","045252512000","IAD 230 TENANT FITOUT PHASE 11;  PLANS SUBMITTED UNDER OFFICE PERMIT;  BLDC-2024-060712; CONTRACTOR TBD"
"BLDC-2024-060731","Building Commercial - Tenant Fit-Up","Issued Certificate of Occupancy","","02/20/2025","11/26/2024","03/01/2027","09/02/2026","Permit","22665  DULLES SUMMIT CT  STERLING VA 20166","045252512000","IAD 230 TENANT FITOUT PHASE 12;  PLANS SUBMITTED UNDER OFFICE PERMIT;  BLDC-2024-060712; CONTRACTOR TBD"
"BLDC-2024-060967","Building Commercial - Alteration","Issued","","01/29/2025","12/01/2024","07/28/2025","","Permit","20945  LOUDOUN COUNTY PKWY  ASHBURN VA 20147","059309091000","Parent permit+ #1 all scanned under this permit. Electronic copy  New electrical and mechanical equipment fit-out in existing spaces and areas that were previously prepared for the installation of proposed equipment."
"BLDC-2024-060968","Building Commercial - Alteration","Issued","","01/29/2025","12/01/2024","07/28/2025","","Permit","20945  LOUDOUN COUNTY PKWY  ASHBURN VA 20147","059309091000","Phase 2 of 2:  New electrical and mechanical equipment fit-out in existing spaces and areas that were previously prepared for the installation of proposed equipment."
"BLDC-2024-060972","Building Commercial - Alteration","Issued","","03/11/2025","12/01/2024","09/07/2025","","Permit","45295 W SEVERN WAY  STERLING VA 20166","042197707000","Phase 1 of 2:  new electrical and mechanical equipment fit-out in existing spaces and areas that were previously prepared for the installation of proposed equipment."
"BLDC-2024-060973","Building Commercial - Alteration","Issued","","03/11/2025","12/01/2024","09/07/2025","","Permit","45295 W SEVERN WAY  STERLING VA 20166","042197707000","Phase 2 of 2:  New electrical and mechanical equipment fit-out in existing spaces and areas that were previously prepared for the installation of proposed equipment."
"BLDC-2024-060975","Building Commercial - Alteration","Issued","","03/05/2025","12/01/2024","09/01/2025","","Permit","45305 W SEVERN WAY  STERLING VA 20166","042197707000","Phase 1 of 2:  New electrical and mechanical equipment fit-out in existing spaces and areas that were previously prepared for the installation of proposed equipment."
"BLDC-2024-060976","Building Commercial - Alteration","Issued","","03/05/2025","12/01/2024","09/01/2025","","Permit","45305 W SEVERN WAY  STERLING VA 20166","042197707000","Phase 2 of 2:  New electrical and mechanical equipment fit-out in existing spaces and areas that were previously prepared for the installation of proposed equipment."
"BLDC-2024-060979","Building Commercial - Alteration","Issued","","03/20/2025","12/01/2024","09/16/2025","","Permit","21635  CHARLES VIEW DR  STERLING VA 20166","043482656000","Installation of vehicular security wedge barriers and additional traffic arm, along with related underground power/data conduits and bollards."
"BLDC-2024-061406","Building Commercial - Alteration","Issued Certificate of Occupancy","","01/15/2025","12/03/2024","12/28/2026","06/29/2026","Permit","24555 HOWLING ROOSTER LN STERLING VA 20166","162176713000","ARA3A ZONE 2 PERMIT SUBMISSION; FULL BUILDING APPROVAL, SITE PLAN APPROVALS AND FEES PAID UNDER NEW CONSTRUCTION BLDC-2024-008914"
"BLDC-2024-061815","Building Commercial - Tenant Fit-Up","Issued","","01/30/2025","12/05/2024","07/29/2025","","Permit","21800  BEAUMEADE CIR  ASHBURN VA 20147","061307791000","Fit-Out of the 3rd fl for H5"
"BLDC-2024-061817","Building Commercial - Tenant Fit-Up","Issued Certificate of Occupancy","","01/28/2025","12/05/2024","01/27/2026","08/21/2025","Permit","21800  BEAUMEADE CIR  ASHBURN VA 20147","061307791000","Tenant Fit out for 2nd floor of H5"
"BLDC-2024-062018","Building Commercial - Tenant Fit-Up","Issued Certificate of Occupancy","","02/19/2025","12/06/2024","05/20/2026","02/09/2026","Permit","22271  BRODERICK DR  STERLING VA 20166","044152877000","This permit will be for the renovation of a shell space into a datahall."
"BLDC-2024-062180","Building Commercial - Alteration","Finaled","","01/27/2025","12/09/2024","04/29/2026","10/31/2025","Permit","44480  HASTINGS DR  ASHBURN VA 20147","060178810000","Installation of Cold Aisle Containment with Sub Electrical Permit. electronic copy"
"BLDC-2024-062191","Building Commercial - Miscellaneous Structure","Issued","","01/14/2025","12/09/2024","07/13/2025","","Permit","42831  GRUMPY TOAD PLZ  ASHBURN VA 20148","161253540000","To construct 1 commercial Magnumstone gravity retaining wall named Wall 1. Approximate dimensions: 1,140 LF x Max Height 19 feet total sf of face: 13,236"
"BLDC-2024-062198","Building Commercial - Miscellaneous Structure","Issued","","01/15/2025","12/09/2024","07/14/2025","","Permit","42831  GRUMPY TOAD PLZ  ASHBURN VA 20148","161253540000","To construct 1 commercial Magnumstone gravity retaining wall named Wall 2. Approximate dimensions: 564 LF x Max Height 24 feet total sf of face: 10,136 Note: This is a multi-wall project. Please associate with BLDC-2024-062191. 3 additional wall applications to follow."
"BLDC-2024-062212","Building Commercial - Miscellaneous Structure","Issued","","01/21/2025","12/09/2024","07/20/2025","","Permit","42461  GRUMPY TOAD PLZ  ASHBURN VA 20148","161264481000","To construct 1 commercial Magnumstone gravity retaining wall named Wall 3. Approximate dimensions: 492 LF x Max Height 22 feet total sf of face: 9,732 Note: This is a multi-wall project. Please associate with BLDC-2024-062191 and BLDC-2024-062198. 2 additional wall applications to follow."
"BLDC-2024-062216","Building Commercial - Miscellaneous Structure","Issued","","01/15/2025","12/09/2024","07/14/2025","","Permit","42601  GRUMPY TOAD PLZ  ASHBURN VA 20148","161264481000","To construct 1 commercial Magnumstone gravity retaining wall named Wall 4. Approximate dimensions: 448 LF x Max Height 22 feet total sf of face: 6,620 Note: This is a multi-wall project. Please associate with BLDC-2024-062191, BLDC-2024-062198, BLDC-2024-062212. 1 additional wall application to follow."
"BLDC-2024-062231","Building Commercial - Miscellaneous Structure","Issued","","01/15/2025","12/09/2024","07/14/2025","","Permit","42831  GRUMPY TOAD PLZ  ASHBURN VA 20148","161253540000","To construct 1 commercial Magnumstone gravity retaining wall named Wall 5. Approximate dimensions: 54 LF x Max Height 14 feet total sf of face: 624 Note: This is a multi-wall project. Please associate with BLDC-2024-062191, BLDC-2024-062198, BLDC-2024-062212 and BLDC-2024-062216. 5th wall - last wall in this project."
"BLDC-2024-062567","Building Commercial - Alteration","Issued","","05/08/2025","12/10/2024","11/04/2025","","Permit","22520  RANDOLPH DR  STERLING VA 20166","045352692000","IAD 76 ERUD ROMP 8; CONTRACTORS TBD"
"BLDC-2024-062771","Building Commercial - Miscellaneous Structure","Issued","","03/04/2025","12/11/2024","12/31/2026","","Permit","22280  RANDOLPH DR  STERLING VA 20166","044155625000","TEMPORARY TENT FOR WORKERS TO TAKE LUNCH BREAK"
"BLDC-2024-063154","Building Commercial - Addition","Issued","","01/27/2025","12/13/2024","07/26/2025","","Permit","22271 LOCKRIDGE RD STERLING VA 20166","062275493003","Guard Booth"
"BLDC-2024-063204","Building Commercial - Tenant Fit-Up","Issued","","02/07/2025","12/13/2024","03/09/2027","","Permit","43975  LIGHT SPEED PLZ STERLING VA 20166","122207249000","IAD 180 *OFFICE/ PHASE1* ;  CREATING PERMITS FOR PHASED OCCUPANCY;  THE FULL BUILDING INCLUDING INTERIOR FITOUTS WAS REVIEWED AND PAID FOR AND ISSUED UNDER BLDC-2023-016518"
"BLDC-2024-063205","Building Commercial - Tenant Fit-Up","Issued","","02/07/2025","12/13/2024","01/27/2027","","Permit","43975  LIGHT SPEED PLZ STERLING VA 20166","122207249000","IAD 180 *PHASE 2* ;  CREATING PERMITS FOR PHASED OCCUPANCY;  THE FULL BUILDING INCLUDING INTERIOR FITOUTS WAS REVIEWED AND PAID FOR AND ISSUED UNDER BLDC-2023-016518"
"BLDC-2024-063206","Building Commercial - Tenant Fit-Up","Issued","","02/07/2025","12/13/2024","02/08/2027","","Permit","43975  LIGHT SPEED PLZ STERLING VA 20166","122207249000","IAD 180 *PHASE 3* ;  CREATING PERMITS FOR PHASED OCCUPANCY;  THE FULL BUILDING INCLUDING INTERIOR FITOUTS WAS REVIEWED AND PAID FOR AND ISSUED UNDER BLDC-2023-016518"
"BLDC-2024-063209","Building Commercial - Tenant Fit-Up","Issued","","02/07/2025","12/13/2024","02/08/2027","","Permit","43975  LIGHT SPEED PLZ STERLING VA 20166","122207249000","IAD 180 * PHASE 4* ;  CREATING PERMITS FOR PHASED OCCUPANCY;  THE FULL BUILDING INCLUDING INTERIOR FITOUTS WAS REVIEWED AND PAID FOR AND ISSUED UNDER BLDC-2023-016518"
"BLDC-2024-063210","Building Commercial - Tenant Fit-Up","Issued","","02/08/2025","12/13/2024","03/01/2027","","Permit","43975  LIGHT SPEED PLZ STERLING VA 20166","122207249000","IAD 180 *PHASE 5* ;  CREATING PERMITS FOR PHASED OCCUPANCY;  THE FULL BUILDING INCLUDING INTERIOR FITOUTS WAS REVIEWED AND PAID FOR AND ISSUED UNDER BLDC-2023-016518"
"BLDC-2024-063212","Building Commercial - Tenant Fit-Up","Issued","","02/08/2025","12/13/2024","06/06/2027","","Permit","43975  LIGHT SPEED PLZ STERLING VA 20166","122207249000","IAD 180 *PHASE 6* ;  CREATING PERMITS FOR PHASED OCCUPANCY;  THE FULL BUILDING INCLUDING INTERIOR FITOUTS WAS REVIEWED AND PAID FOR AND ISSUED UNDER BLDC-2023-016518"
"BLDC-2024-063214","Building Commercial - Tenant Fit-Up","Issued","","02/07/2025","12/13/2024","06/06/2027","","Permit","43975  LIGHT SPEED PLZ STERLING VA 20166","122207249000","IAD 180 *PHASE 7* ;  CREATING PERMITS FOR PHASED OCCUPANCY;  THE FULL BUILDING INCLUDING INTERIOR FITOUTS WAS REVIEWED AND PAID FOR AND ISSUED UNDER BLDC-2023-016518"
"BLDC-2024-063216","Building Commercial - Tenant Fit-Up","Issued","","02/07/2025","12/13/2024","06/06/2027","","Permit","43975  LIGHT SPEED PLZ STERLING VA 20166","122207249000","IAD 180 * PHASE 8* ;  CREATING PERMITS FOR PHASED OCCUPANCY;  THE FULL BUILDING INCLUDING INTERIOR FITOUTS WAS REVIEWED AND PAID FOR AND ISSUED UNDER BLDC-2023-016518"
"BLDC-2024-063217","Building Commercial - Tenant Fit-Up","Issued","","02/07/2025","12/13/2024","06/06/2027","","Permit","43975  LIGHT SPEED PLZ STERLING VA 20166","122207249000","IAD 180 * PHASE 9* ;  CREATING PERMITS FOR PHASED OCCUPANCY;  THE FULL BUILDING INCLUDING INTERIOR FITOUTS WAS REVIEWED AND PAID FOR AND ISSUED UNDER BLDC-2023-016518"
"BLDC-2024-063219","Building Commercial - Tenant Fit-Up","Issued","","02/07/2025","12/13/2024","06/06/2027","","Permit","43975  LIGHT SPEED PLZ STERLING VA 20166","122207249000","IAD 180 *PHASE 10* ;  CREATING PERMITS FOR PHASED OCCUPANCY;  THE FULL BUILDING INCLUDING INTERIOR FITOUTS WAS REVIEWED AND PAID FOR AND ISSUED UNDER BLDC-2023-016518"
"BLDC-2024-063220","Building Commercial - Tenant Fit-Up","Issued","","02/07/2025","12/13/2024","06/06/2027","","Permit","43975  LIGHT SPEED PLZ STERLING VA 20166","122207249000","IAD 180 *PHASE 11* ;  CREATING PERMITS FOR PHASED OCCUPANCY;  THE FULL BUILDING INCLUDING INTERIOR FITOUTS WAS REVIEWED AND PAID FOR AND ISSUED UNDER BLDC-2023-016518"
"BLDC-2024-063221","Building Commercial - Tenant Fit-Up","Issued","","02/07/2025","12/13/2024","06/06/2027","","Permit","43975  LIGHT SPEED PLZ STERLING VA 20166","122207249000","IAD 180 * PHASE 12* ;  CREATING PERMITS FOR PHASED OCCUPANCY;  THE FULL BUILDING INCLUDING INTERIOR FITOUTS WAS REVIEWED AND PAID FOR AND ISSUED UNDER BLDC-2023-016518"
"BLDC-2024-063290","Building Commercial - New Construction","Issued","","02/26/2025","12/13/2024","02/08/2027","","Permit","45831  MARIES RD  STERLING VA 20166","030292034000","Core and Shell building with an admin area. Also includes a 3rd floor data center build out which consist of 24 MWs. Electronic copy"
"BLDC-2024-063301","Building Commercial - New Construction","Cancelled","","","12/13/2024","","","Permit","45831  MARIES RD  STERLING VA 20166","030292034000","Foundation for a Core & Shell Building."
"BLDC-2024-063845","Building Commercial - Tenant Fit-Up","Issued","","03/10/2025","12/18/2024","03/15/2027","","Permit","21529  BEAUMEADE CIR  ASHBURN VA 20147","042152579000","Interior datacenter fit-out of 2nd floor data center and corresponding equipment infrastructure on roof and in generator yard areas."
"BLDC-2024-064036","Building Commercial - Tenant Fit-Up","Issued","","03/07/2025","12/18/2024","09/03/2025","","Permit","21625  GRESHAM DR  ASHBURN VA 20147","061467942000","THE SCOPE OF WORK CONSISTS OF INTERIOR ALTERATIONS TO AN EXISTING DATA HALL (CR22) AND STORAGE ROOM (179.1).
SCOPE CONSISTS OF MODIFICATIONS TO ELECTRICAL SYSTEMS, HOT AISLE CONTAINMENT, AND THE BUILD OUT OF A FULL HEIGHT SECURED CAGE AROUND ROWS N-Q IN CR22. AN ADDITIONAL SECURED CAGE WITHIN AN EXISTING STORAGE ROOM 179.1. ELECTRICAL MODIFICATIONS INCLUDE THE REPLACEMENT OF BUSWAY, TAP BOXES AND 
GROUNDING UPDATES FOR 27 RACKS BEING ADDED INTO THE DATA HALL. ARCHITECTURAL SPECIALTIES SCOPE 
INCLUDES MODIFICATIONS TO THE EXISTING UPPER CONTAINMENT AND BLANKING PANELS QUANTITIES TO 
ACCOMODATE THE ADDITIONAL RACKS. EXISTING TEMP/HUMIDITY SENSORS WILL BE UPGRADED.
ARCHITECTURAL WORK IS LIMITED TO INTERIORS ON LEVEL 1."
"BLDC-2024-064454","Building Commercial - Tenant Fit-Up","Issued","","05/30/2025","12/20/2024","03/01/2027","","Permit","22210  LOUDOUN COUNTY PKWY  ASHBURN VA 20147","089208954000","The following permit request is intended for the interior fit-out of the first floor of LC4B (B30602460100) noted on drawing G00-20B.  This permit request is only for architectural and MEP changes to the first floor, which is currently shown as a cold-dark shell on the LC4B permit drawing set."
"BLDC-2024-064764","Building Commercial - Tenant Fit-Up","Issued","","11/03/2025","12/24/2024","03/15/2027","","Permit","22285 LOCKRIDGE RD STERLING VA 20166","062275493002","Tenant Improvement Broad Run // Office Phase - Building 2. Permit Addendum 2 - 02/04/2026 for Interior Renovation Originally Approved on 1/22/25. Electronic Copy"
"BLDC-2024-064767","Building Commercial - Tenant Fit-Up","Cancelled","","","12/24/2024","","","Permit","22285 LOCKRIDGE RD STERLING VA 20166","062275493002","Tenant Improvement Broad Run - Building 2"
"BLDC-2024-064836","Building Commercial - Tenant Fit-Up","Issued Certificate of Occupancy","","02/03/2025","12/26/2024","09/08/2026","03/16/2026","Permit","43714 EFFICIENCY DR STERLING VA 20166","093365404005","INTERIOR CONSTRUCTION OF ONE (1) DATA HALL INCLUDING: PARTITIONS, FINISHES, MECHANICAL, 
ELECTRICAL, PLUBMING, AND FIRE SUPPRESSION SYSTEMS. EXISTING SHELL BUILDING CONSTRUCTED OF 
CONCRETE FLOOR, TILT-WALL CONCRETE EXTERIOR WALLS, AND MEMBRANE ROOF SYSTEM ON STEEL 
DECK ON STEEL BEAM AND STEEL GIRDER ROOF SYSTEM."
"BLDC-2024-064839","Building Commercial - Tenant Fit-Up","Issued Certificate of Occupancy","","02/03/2025","12/26/2024","09/21/2026","03/26/2026","Permit","43714 EFFICIENCY DR STERLING VA 20166","093365404005","INTERIOR CONSTRUCTION OF ONE (1) DATA HALLS INCLUDING: PARTITIONS, FINISHES, MECHANICAL, ELECTRICAL, PLUBMING, AND FIRE SUPPRESSION SYSTEMS. EXISTING SHELL BUILDING CONSTRUCTED OF CONCRETE FLOOR, TILT-WALL CONCRETE EXTERIOR WALLS, AND MEMBRANE ROOF SYSTEM. CONCRETE FLOOR, TILT-WALL CONCRETE EXTERIOR WALLS, AND MEMBRANE ROOF ON STEEL DECK ON STEEL BEAM AND STEEL GIRDER ROOF SYSTEM."
"BLDC-2024-064895","Building Commercial - New Construction","Issued","","06/05/2025","12/26/2024","02/23/2027","","Permit","22190 POWER PLAYER LN STERLING VA 20166","044461959000","Construct Core and Shell for Data Center."
"BLDC-2024-064947","Building Commercial - New Construction","Issued","","06/09/2025","12/27/2024","03/17/2027","","Permit","22214 POWER PLAYER LN STERLING VA 20166","044461959000","Construct Core and Shell for Data Center. Electronic Copy"
"BLDC-2024-065103","Building Commercial - Tenant Fit-Up","Fees Due","","","12/28/2024","","","Permit","22190 POWER PLAYER LN STERLING VA 20166","044461959000","IAD 290 TENANT FITOUT; OFFICE AREA; CONTRACTOR TBD"
"BLDC-2024-065104","Building Commercial - Tenant Fit-Up","Fees Due","","","12/28/2024","","","Permit","22020  BRODERICK DR  STERLING VA 20166","044461959000","IAD 290 TENANT FITOUT; PHASE 1; ALL PLANS SUBMITTED UNDER BLDC-2024-065103; CONTRACTOR TBD"
"BLDC-2024-065105","Building Commercial - Tenant Fit-Up","Fees Due","","","12/28/2024","","","Permit","22020  BRODERICK DR  STERLING VA 20166","044461959000","IAD 290 TENANT FITOUT; PHASE 2; ALL PLANS SUBMITTED UNDER BLDC-2024-065103; CONTRACTOR TBD"
"BLDC-2024-065106","Building Commercial - Tenant Fit-Up","Fees Due","","","12/28/2024","","","Permit","22020  BRODERICK DR  STERLING VA 20166","044461959000","IAD 290 TENANT FITOUT; PHASE 3; ALL PLANS SUBMITTED UNDER BLDC-2024-065103; CONTRACTOR TBD"
"BLDC-2024-065107","Building Commercial - Tenant Fit-Up","Fees Due","","","12/28/2024","","","Permit","22020  BRODERICK DR  STERLING VA 20166","044461959000","IAD 290 TENANT FITOUT; PHASE 4; ALL PLANS SUBMITTED UNDER BLDC-2024-065103; CONTRACTOR TBD"
"BLDC-2024-065108","Building Commercial - Tenant Fit-Up","Fees Due","","","12/28/2024","","","Permit","22020  BRODERICK DR  STERLING VA 20166","044461959000","IAD 290 TENANT FITOUT; PHASE 5; ALL PLANS SUBMITTED UNDER BLDC-2024-065103; CONTRACTOR TBD"
"BLDC-2024-065109","Building Commercial - Tenant Fit-Up","Fees Due","","","12/28/2024","","","Permit","22020  BRODERICK DR  STERLING VA 20166","044461959000","IAD 290 TENANT FITOUT; PHASE 6; ALL PLANS SUBMITTED UNDER BLDC-2024-065103; CONTRACTOR TBD"
"BLDC-2024-065110","Building Commercial - Tenant Fit-Up","Fees Due","","","12/28/2024","","","Permit","22020  BRODERICK DR  STERLING VA 20166","044461959000","IAD 290 TENANT FITOUT; PHASE 7; ALL PLANS SUBMITTED UNDER BLDC-2024-065103; CONTRACTOR TBD"
"BLDC-2024-065111","Building Commercial - Tenant Fit-Up","Fees Due","","","12/28/2024","","","Permit","22020  BRODERICK DR  STERLING VA 20166","044461959000","IAD 290 TENANT FITOUT; PHASE 8; ALL PLANS SUBMITTED UNDER BLDC-2024-065103; CONTRACTOR TBD"
"BLDC-2024-065112","Building Commercial - Tenant Fit-Up","Fees Due","","","12/28/2024","","","Permit","22020  BRODERICK DR  STERLING VA 20166","044461959000","IAD 290 TENANT FITOUT; PHASE 9; ALL PLANS SUBMITTED UNDER BLDC-2024-065103; CONTRACTOR TBD"
"BLDC-2024-065113","Building Commercial - Tenant Fit-Up","Fees Due","","","12/28/2024","","","Permit","22020  BRODERICK DR  STERLING VA 20166","044461959000","IAD 290 TENANT FITOUT; PHASE 10; ALL PLANS SUBMITTED UNDER BLDC-2024-065103; CONTRACTOR TBD"
"BLDC-2024-065114","Building Commercial - Tenant Fit-Up","Fees Due","","","12/28/2024","","","Permit","22020  BRODERICK DR  STERLING VA 20166","044461959000","IAD 290 TENANT FITOUT; PHASE 11; ALL PLANS SUBMITTED UNDER BLDC-2024-065103; CONTRACTOR TBD"
"BLDC-2024-065115","Building Commercial - Tenant Fit-Up","Fees Due","","","12/28/2024","","","Permit","22020  BRODERICK DR  STERLING VA 20166","044461959000","IAD 290 TENANT FITOUT; PHASE 12; ALL PLANS SUBMITTED UNDER BLDC-2024-065103; CONTRACTOR TBD"
"BLDC-2024-065116","Building Commercial - Tenant Fit-Up","Fees Due","","","12/28/2024","","","Permit","22020  BRODERICK DR  STERLING VA 20166","044461959000","IAD 290 TENANT FITOUT; PHASE 13; ALL PLANS SUBMITTED UNDER BLDC-2024-065103; CONTRACTOR TBD"
"BLDC-2024-065117","Building Commercial - Tenant Fit-Up","Fees Due","","","12/28/2024","","","Permit","22020  BRODERICK DR  STERLING VA 20166","044461959000","IAD 290 TENANT FITOUT; PHASE 14; ALL PLANS SUBMITTED UNDER BLDC-2024-065103; CONTRACTOR TBD"
"BLDC-2024-065118","Building Commercial - Tenant Fit-Up","Fees Due","","","12/28/2024","","","Permit","22020  BRODERICK DR  STERLING VA 20166","044461959000","IAD 290 TENANT FITOUT; PHASE 15; ALL PLANS SUBMITTED UNDER BLDC-2024-065103; CONTRACTOR TBD"
"BLDC-2024-065119","Building Commercial - Tenant Fit-Up","Fees Due","","","12/28/2024","","","Permit","22214 POWER PLAYER LN STERLING VA 20166","044461959000","IAD 291 DATA CENTER TENANT FITOUT; OFFICE AREA; CONTRACTOR TBD"
"BLDC-2024-065120","Building Commercial - Tenant Fit-Up","Fees Due","","","12/28/2024","","","Permit","22214 POWER PLAYER LN STERLING VA 20166","044461959000","IAD 291 DATA CENTER TENANT FITOUT; PHASE 1; ALL PLANS UNDER BLDC-2024-065119; CONTRACTOR TBD"
"BLDC-2024-065121","Building Commercial - Tenant Fit-Up","In Review","","","12/28/2024","","","Permit","22070  BRODERICK DR  STERLING VA 20166","044461959000","IAD 291 DATA CENTER TENANT FITOUT; PHASE 2; ALL PLANS UNDER BLDC-2024-065119; CONTRACTOR TBD"
"BLDC-2024-065122","Building Commercial - Tenant Fit-Up","In Review","","","12/28/2024","","","Permit","22070  BRODERICK DR  STERLING VA 20166","044461959000","IAD 291 DATA CENTER TENANT FITOUT; PHASE 3; ALL PLANS UNDER BLDC-2024-065119; CONTRACTOR TBD"
"BLDC-2024-065123","Building Commercial - Tenant Fit-Up","In Review","","","12/28/2024","","","Permit","22070  BRODERICK DR  STERLING VA 20166","044461959000","IAD 291 DATA CENTER TENANT FITOUT; PHASE 4; ALL PLANS UNDER BLDC-2024-065119; CONTRACTOR TBD"
"BLDC-2024-065124","Building Commercial - Tenant Fit-Up","Fees Due","","","12/28/2024","","","Permit","22070  BRODERICK DR  STERLING VA 20166","044461959000","IAD 291 DATA CENTER TENANT FITOUT; PHASE 5; ALL PLANS UNDER BLDC-2024-065119; CONTRACTOR TBD"
"BLDC-2024-065125","Building Commercial - Tenant Fit-Up","Fees Due","","","12/28/2024","","","Permit","22070  BRODERICK DR  STERLING VA 20166","044461959000","IAD 291 DATA CENTER TENANT FITOUT; PHASE 6; ALL PLANS UNDER BLDC-2024-065119; CONTRACTOR TBD"
"BLDC-2024-065126","Building Commercial - Tenant Fit-Up","In Review","","","12/28/2024","","","Permit","22070  BRODERICK DR  STERLING VA 20166","044461959000","IAD 291 DATA CENTER TENANT FITOUT; PHASE 7; ALL PLANS UNDER BLDC-2024-065119; CONTRACTOR TBD"
"BLDC-2024-065127","Building Commercial - Tenant Fit-Up","In Review","","","12/28/2024","","","Permit","22070  BRODERICK DR  STERLING VA 20166","044461959000","IAD 291 DATA CENTER TENANT FITOUT; PHASE 8; ALL PLANS UNDER BLDC-2024-065119; CONTRACTOR TBD"
"BLDC-2024-065128","Building Commercial - Tenant Fit-Up","In Review","","","12/28/2024","","","Permit","22070  BRODERICK DR  STERLING VA 20166","044461959000","IAD 291 DATA CENTER TENANT FITOUT; PHASE 9; ALL PLANS UNDER BLDC-2024-065119; CONTRACTOR TBD"
"BLDC-2024-065129","Building Commercial - Tenant Fit-Up","In Review","","","12/28/2024","","","Permit","22070  BRODERICK DR  STERLING VA 20166","044461959000","IAD 291 DATA CENTER TENANT FITOUT; PHASE 10; ALL PLANS UNDER BLDC-2024-065119; CONTRACTOR TBD"
"BLDC-2024-065130","Building Commercial - Tenant Fit-Up","In Review","","","12/28/2024","","","Permit","22070  BRODERICK DR  STERLING VA 20166","044461959000","IAD 291 DATA CENTER TENANT FITOUT; PHASE 11; ALL PLANS UNDER BLDC-2024-065119; CONTRACTOR TBD"
"BLDC-2024-065131","Building Commercial - Tenant Fit-Up","In Review","","","12/28/2024","","","Permit","22070  BRODERICK DR  STERLING VA 20166","044461959000","IAD 291 DATA CENTER TENANT FITOUT; PHASE 12; ALL PLANS UNDER BLDC-2024-065119; CONTRACTOR TBD"
"BLDC-2024-065132","Building Commercial - Tenant Fit-Up","Fees Due","","","12/28/2024","","","Permit","22070  BRODERICK DR  STERLING VA 20166","044461959000","IAD 291 DATA CENTER TENANT FITOUT; PHASE 13; ALL PLANS UNDER BLDC-2024-065119; CONTRACTOR TBD"
"BLDC-2024-065133","Building Commercial - Tenant Fit-Up","Fees Due","","","12/28/2024","","","Permit","22070  BRODERICK DR  STERLING VA 20166","044461959000","IAD 291 DATA CENTER TENANT FITOUT; PHASE 14; ALL PLANS UNDER BLDC-2024-065119; CONTRACTOR TBD"
"BLDC-2024-065134","Building Commercial - Tenant Fit-Up","Fees Due","","","12/28/2024","","","Permit","22070  BRODERICK DR  STERLING VA 20166","044461959000","IAD 291 DATA CENTER TENANT FITOUT; PHASE 15; ALL PLANS UNDER BLDC-2024-065119; CONTRACTOR TBD"
"BLDC-2024-065418","Building Commercial - Alteration","Cancelled","","","12/30/2024","","","Permit","45900  PATHFINDER PLZ  STERLING VA 20164","033201325000","Electrical equipment and busway upgrades in existing 1-story data center building, along with related mechanical equipment installations."
"BLDC-2025-000492","Building Commercial - Tenant Fit-Up","Issued","","01/23/2025","01/05/2025","11/19/2025","","Permit","21715  FILIGREE CT  ASHBURN VA 20147","061483407000","DC2-EOL;  SEPARATION PERMIT FOR ""COLO 700"";  CREATING A PERMIT FOR OCCUPANCY PURPOSES ONLY. NO DESIGN CHANGES.  ENTIRE BUILDING ALREADY REVIEWED AND APPROVED UNDER B20539370100"
"BLDC-2025-000621","Building Commercial - Miscellaneous Structure","In Review","","06/23/2025","01/06/2025","12/20/2025","","Permit","19560 HYPERSPACE LN ASHBURN VA 20147","113163850000","Alteration. Construction of (4) Cast-In-Place (CIP) Reinforced Concrete retaining walls associated with the future construction of ""Building 3"" and ""Building 4"". Electronic Copy"
"BLDC-2025-002136","Building Commercial - Tenant Fit-Up","Issued Certificate of Occupancy","","04/23/2025","01/14/2025","11/09/2026","05/13/2026","Permit","21625  RED RUM DR  ASHBURN VA 20147","088381462000","Red Rum Data Center Fit-out. Revised- 2/11/2026- Red Rum Data Center Fit-Out. Electronic Copy"
"BLDC-2025-002410","Building Commercial - Tenant Fit-Up","Issued","","02/10/2025","01/14/2025","03/15/2027","","Permit","22280  RANDOLPH DR  STERLING VA 20166","044155625000","ASH1 DC2. TLO 1100; CREATING  PERMIT FOR OCCUPANCY PURPOSES; THIS IS NEW CONSTRUCTION AND ALL FEES PAID UNDER BLDC-2024-056493. Phase 4. Electronic Copy"
"BLDC-2025-002413","Building Commercial - Tenant Fit-Up","Issued","","02/10/2025","01/14/2025","03/09/2027","","Permit","22280  RANDOLPH DR  STERLING VA 20166","044155625000","ASH1 DC2. TLO 2100; CREATING A TLO PERMIT FOR OCCUPANCY PURPOSES; THIS IS NEW CONSTRUCTION AND ALL FEES PAID UNDER BLDC-2024-056493. Electronic Copy"
"BLDC-2025-002415","Building Commercial - Tenant Fit-Up","Issued","","05/20/2025","01/14/2025","03/08/2027","","Permit","22235 LOUDOUN COUNTY PKWY ASHBURN VA 20147","089496314001","Phase 1 Tenant Interiors buildout of the LC11 Data Center building. Phase 1 includes mechanical and electrical rooms and equipment on Levels 1 - 3 to support turnover of 1 of 4 Data Halls."
"BLDC-2025-002419","Building Commercial - Tenant Fit-Up","Issued","","02/10/2025","01/14/2025","12/31/2026","","Permit","22280  RANDOLPH DR  STERLING VA 20166","044155625000","ASH1 DC2. TLO 3100; CREATING A TLO PERMIT FOR OCCUPANCY PURPOSES; THIS IS NEW CONSTRUCTION AND ALL FEES PAID UNDER BLDC-2024-056493. Electronic copy"
"BLDC-2025-002422","Building Commercial - Tenant Fit-Up","Issued","","05/20/2025","01/14/2025","04/07/2027","","Permit","22235 LOUDOUN COUNTY PKWY ASHBURN VA 20147","089496314001","Phase 2 Tenant Interiors buildout of the LC11 Data Center building. Phase 2 includes mechanical and electrical rooms and equipment on Level 3 to support turnover of 1 of 2 Data Halls on Level 3."
"BLDC-2025-002427","Building Commercial - Tenant Fit-Up","Issued","","05/20/2025","01/14/2025","12/31/2026","","Permit","22235 LOUDOUN COUNTY PKWY ASHBURN VA 20147","089496314001","Phase 3 Tenant Interiors buildout of the LC11 Data Center building. Phase 3 includes mechanical and electrical rooms and equipment on Levels 2 to support turnover of 1 of 4 Data Halls."
"BLDC-2025-002432","Building Commercial - Tenant Fit-Up","Issued","","05/20/2025","01/14/2025","01/13/2027","","Permit","22235 LOUDOUN COUNTY PKWY ASHBURN VA 20147","089496314001","Phase 4 Tenant Interiors buildout of the LC11 Data Center building. Phase 4 includes mechanical and electrical rooms and equipment on Level 2 to support turnover of 1 of 4 Data Halls, as well as tenant spaces on Level 1."
"BLDC-2025-002732","Building Commercial - New Construction","In Review","","08/21/2025","01/15/2025","03/01/2027","","Permit","42831  GRUMPY TOAD PLZ  ASHBURN VA 20148","161253540000","Shell Building **FULL APPROVAL 2/6/26**"
"BLDC-2025-003064","Building Commercial - Alteration","Finaled","","02/06/2025","01/16/2025","02/09/2027","08/13/2026","Permit","22745  RELOCATION DR  STERLING VA 20166","045175529000","IAD 058 RACK INSTALLATIONS"
"BLDC-2025-003066","Building Commercial - Alteration","Issued","","01/30/2025","01/16/2025","07/29/2025","","Permit","45900  PATHFINDER PLZ  STERLING VA 20164","033201325000","IAD 090 RACK INSTALLATIONS"
"BLDC-2025-003072","Building Commercial - Alteration","Issued","","01/30/2025","01/16/2025","07/29/2025","","Permit","45930  PATHFINDER PLZ  STERLING VA 20164","033201325000","IAD 091 RACK INSTALLATIONS"
"BLDC-2025-003107","Building Commercial - New Construction","Issued","","06/30/2025","01/16/2025","03/15/2027","","Permit","25190  MEADOWDALE DR  CHANTILLY VA 20152","096183926000","New Data Center Construction. Parent Permit +13 mass approvals. All scanned under this permit."
"BLDC-2025-003327","Building Commercial - Alteration","In Review","","03/24/2025","01/17/2025","03/09/2027","","Permit","45831  MARIES RD  STERLING VA 20166","030292034000","Interior Alteration - Phase 2."
"BLDC-2025-003373","Building Commercial - New Construction","In Review","","08/29/2025","01/17/2025","03/15/2027","","Permit","22425  SOUS VIDE LN  STERLING VA 20166","045465016000","Core & Shell and foundation building as well as 28MW of power."
"BLDC-2025-004764","Building Commercial - Miscellaneous Structure","Issued","","02/24/2025","01/27/2025","05/06/2026","","Permit","43301 DATA DR ASHBURN VA 20147","113272390000","CAST-IN-PLACE CONCRETE LOADING DOCK RETAINING WALL
APPROX. MAX HEIGHT = 5'-6""."
"BLDC-2025-006199","Building Commercial - New Construction","Issued","","04/23/2025","02/04/2025","10/20/2025","","Permit","43705 EFFICIENCY DR STERLING VA 20164","093365404002","IAD 57 SHELL/ PBB;  NEW DATA CENTER W/ CORE SHELL, OFFICE AREA  WITH FUTURE FITOUTS"
"BLDC-2025-006522","Building Commercial - Alteration","Issued","","06/06/2025","02/06/2025","11/10/2026","","Permit","45900  PATHFINDER PLZ  STERLING VA 20164","033201325000","New electrical and mechanical equipment fit-out in existing spaces and areas that were previously prepared for the installation of proposed equipment.  Phase 1 of 2. FOIA Exempt. Electronic Copy"
"BLDC-2025-006527","Building Commercial - Alteration","Issued","","06/06/2025","02/06/2025","11/10/2026","","Permit","45900  PATHFINDER PLZ  STERLING VA 20164","033201325000","New electrical and mechanical equipment fit-out in existing spaces and areas that were previously prepared for the installation of proposed equipment. Phase 2 of 2. FOIA Exempt. Electronic Copy "
"BLDC-2025-006919","Building Commercial - Alteration","Finaled","","04/11/2025","02/08/2025","05/11/2026","11/10/2025","Permit","21641  CHARLES VIEW DR  STERLING VA 20166","043482656000","Installation of additional communications cabling pathways between existing computer rooms in existing data center building."
"BLDC-2025-006920","Building Commercial - Alteration","Finaled","","04/11/2025","02/08/2025","05/11/2026","11/10/2025","Permit","21645  CHARLES VIEW DR  STERLING VA 20166","043482656000","Installation of additional communications cabling pathways between existing computer rooms in existing data center building."
"BLDC-2025-007054","Building Commercial - Alteration","Fees Due","","","02/10/2025","","","Permit","45220 PROLOGIS PLZ Unit: 110 STERLING VA 20166","045391908000","Electrical equipment and busway upgrades in existing 1-story data center building, along with related mechanical equipment installations. Alterations. FOIA Exempt. Electronic Copy"
"BLDC-2025-007157","Building Commercial - Alteration","Finaled","","03/06/2025","02/10/2025","01/05/2027","07/09/2026","Permit","21800  BEAUMEADE CIR  ASHBURN VA 20147","061307791000","RENOVATION TO EXISTING DATA CENTER"
"BLDC-2025-007424","Building Commercial - Telecommunication","Cancelled","","03/06/2025","02/11/2025","09/02/2025","","Permit","22651  DULLES SUMMIT CT  STERLING VA 20166","045254455000","Install approximately 454 (6) 2 HDPE conduit along the south side of parcel 045254455000. Electronic Copy "
"BLDC-2025-007515","Building Commercial - Telecommunication","Cancelled","","","02/11/2025","","","Permit","22630  DULLES SUMMIT CT  STERLING VA 20166","045159083000","Install 707' (6) 2"" HDPE conduit along the north side of parcel 045159083000"
"BLDC-2025-007792","Building Commercial - New Construction","Cancelled","","","02/13/2025","","","Permit","42090  REEDS FARM LN  ALDIE VA 20105","","*FAST TRACK* NEW DATA CENTER;  IAD 170 CORE SHELL PERMIT. PHASING PERMITS CREATED FOR OCCUPANCY PURPOSES ONLY. ALL PHASES STILL NEW CONSTRUCTION AS WELL AND ONLY ADMIN FEES APPLY."
"BLDC-2025-007882","Building Commercial - Telecommunication","Cancelled","","03/12/2025","02/13/2025","09/08/2025","","Permit","21955  LOUDOUN COUNTY PKWY  ASHBURN VA 20147","061177666000","Install fiber cable and 1563' (6) 2"" HDPE conduit along the south side of Loudoun County Pkwy. 8""-10"" Reamer."
"BLDC-2025-007885","Building Commercial - Telecommunication","Cancelled","","03/04/2025","02/13/2025","08/31/2025","","Permit","22065  RAILCAR DR  STERLING VA 20164","044406095000","Install fiber cable and approximately 158 (6) 2 HDPE conduit along and crossing Waxpool Road. 8""-10"" Reamer. Electronic Copy "
"BLDC-2025-007916","Building Commercial - Miscellaneous Structure","Issued","","03/20/2025","02/13/2025","09/16/2025","","Permit","21710  CHARLES VIEW DR  STERLING VA 20166","043482656000","Installation of vehicular security wedge barrier, along with related underground power/data conduits."
"BLDC-2025-008415","Building Commercial - Miscellaneous Structure","Issued","","02/10/2026","02/18/2025","04/02/2027","","Permit","19265  COMPASS CREEK PKWY SE LEESBURG VA 20175","234371847000","STACK NVA06A GUARD SHACK"
"BLDC-2025-008485","Building Commercial - Miscellaneous Structure","Issued","","03/18/2025","02/18/2025","09/14/2025","","Permit","45831  MARIES RD  STERLING VA 20166","030292034000","Retaining Walls (2 EA). Electronic Copy "
"BLDC-2025-008776","Building Commercial - Miscellaneous Structure","Finaled","","04/17/2025","02/19/2025","12/23/2026","06/26/2026","Permit","22321  PACIFIC BLVD  STERLING VA 20166","044175589000","Retaining Wall
Concrete
Parent permit #BLDC-2o24-053873"
"BLDC-2025-008882","Building Commercial - Telecommunication","Cancelled","","","02/20/2025","","","Permit","22630  DULLES SUMMIT CT  STERLING VA 20166","045159083000","Install approximately 468 (6) 2 HDPE conduit via directional bore and (1) 4x5x4 Handhole along the west side of Dulles Summit Ct. 8""-10"" Reamer."
"BLDC-2025-008924","Building Commercial - Telecommunication","Cancelled","","","02/20/2025","","","Permit","102 N STERLING BLVD  STERLING VA 20164","022274797000","Install fiber cable and approximately 861 (6) 2 HDPE conduit and (1) 4x5x4 handholes along S Sterling Blvd and crossing Davis Dr. 8""-10"" Reamer"
"BLDC-2025-008930","Building Commercial - Telecommunication","Cancelled","","","02/20/2025","","","Permit","44690  WAXPOOL RD  ASHBURN VA 20147","061386803000","Install fiber cable at approximately 483 (6) 2 HDPE conduit via directional bore and (3) 4x5x4 handholes along and crossing Waxpool Road. 8'-10' Reamer."
"BLDC-2025-008948","Building Commercial - Telecommunication","Cancelled","","","02/20/2025","","","Permit","21745  SIR TIMOTHY DR  ASHBURN VA 20147","061361948000","Install 477' of (6) 2"" HDPE conduit along south side of parcel 061361948000."
"BLDC-2025-009325","Building Commercial - New Construction","Issued","","12/01/2025","02/24/2025","05/30/2026","","Permit","42461  GRUMPY TOAD PLZ  ASHBURN VA 20148","161264481000","Shell Building.New construction, shell. no occupancy(plumbing fixtures). Electronic Copy"
"BLDC-2025-009338","Building Commercial - Telecommunication","Cancelled","","","02/24/2025","","","Permit","108  CARPENTER DR  STERLING VA 20164","033370100000","Install approximately 1,028 OF (6) 2"" HDPE CONDUIT along the south side of S Sterling Blvd, between Davis Dr and Glenn Dr."
"BLDC-2025-009392","Building Commercial - Alteration","Issued","","07/28/2025","02/24/2025","12/14/2026","","Permit","45930  PATHFINDER PLZ  STERLING VA 20164","033201325000","New electrical and mechanical equipment fit-out in existing spaces and areas that were previously prepared for the installation of proposed equipment. Phase 1 of 2"
"BLDC-2025-009396","Building Commercial - Alteration","Issued","","07/28/2025","02/24/2025","12/14/2026","","Permit","45930  PATHFINDER PLZ  STERLING VA 20164","033201325000","New electrical and mechanical equipment fit-out in existing spaces and areas that were previously prepared for the installation of proposed equipment. Phase 2 of 2"
"BLDC-2025-009449","Building Commercial - New Construction","Issued","","07/08/2025","02/25/2025","03/02/2027","","Permit","19560 HYPERSPACE LN ASHBURN VA 20147","113167503000","*FULL APPROVAL CONSTRUCTION* New construction of a 3-story data center facility ""Core-&-Shell"" with data halls, electrical and mechanical infrastructure, and a 2-story administrative area. Includes a separate 3-story exterior gantry structure adjacent to the building to support the electrical and mechanical equipment. Mechanical chillers and associated electrical support are located on roof dunnage above the building and extend over the gantry.Scanned under BLDC-2025-009449. electronic copy "
"BLDC-2025-009463","Building Commercial - Alteration","Issued","","04/07/2026","02/25/2025","10/04/2026","","Permit","19560  HYPERSPACE LN  ASHBURN VA 20147","113163850000","Construction of ""SDC Fitout Scope No.1"" within the new construction of a 3-story data center Core-&-Shell building.
The new construction data center ""Core-&-Shell"" is currently under review by Loudoun County under permit case number BLDC-2025-009449.
Marked-up colored drawings are provided under this permit and similarly under the BLDC-2025-009449 permit to clearly delineate the ""Core-&-Shell"" scopes versus the ""SDC Fitout Scope No.1"" scopes. Scanned under BLDC-2025-009449. electronic copy"
"BLDC-2025-009505","Building Commercial - New Construction","Issued","","05/07/2025","02/25/2025","11/03/2025","","Permit","24400  HOWLING ROOSTER LN  STERLING VA 20166","162176713000","Data Center. New construction, gen yard mech enclosure and cooling tower. Electronic Copy"
"BLDC-2025-009710","Building Commercial - Miscellaneous Structure","Finaled","","10/06/2025","02/26/2025","03/09/2027","09/10/2026","Permit","19560  CROSSTRAIL BLVD  LEESBURG VA 20175","150151774000","Stone gravity retaining wall 2 | Approx. 216 linear feet with average height 8'"
"BLDC-2025-009900","Building Commercial - Tenant Fit-Up","Issued Certificate of Occupancy","","03/17/2025","02/27/2025","11/18/2026","05/26/2026","Permit","43714 EFFICIENCY DR STERLING VA 20166","093365404000","IAD 045 BUILDING 9 SUITE 110 TENANT FIT-UP. Electronic copy"
"BLDC-2025-009908","Building Commercial - Tenant Fit-Up","Issued Certificate of Occupancy","","03/17/2025","02/27/2025","10/21/2026","04/24/2026","Permit","43714 EFFICIENCY DR STERLING VA 20166","093365404005","IAD 045 BUILDING 9 SUITE 210 TENANT FIT-UP. Electronic Copy "
"BLDC-2025-009939","Building Commercial - Alteration","Issued","","03/13/2025","02/27/2025","09/09/2025","","Permit","42949  FADELEY LN  STERLING VA 20166","162392026000","IAD 062 ERE; CONTRACTOR TBD. Alteration. electronic copy"
"BLDC-2025-009955","Building Commercial - Alteration","Issued","","03/04/2026","02/27/2025","08/31/2026","","Permit","21263  SMITH SWITCH RD  ASHBURN VA 20147","060485060000","IAD 071 ERE; CONTRACTOR TBD. Electronic Copy "
"BLDC-2025-009965","Building Commercial - Alteration","Fees Due","","","02/27/2025","","","Permit","44862  INTERCONNECTION PL  ASHBURN VA 20147","060307119000","IAD 078 ERE; CONTRACTOR TBD. Electronic Copy "
"BLDC-2025-010245","Building Commercial - Alteration","Issued","","08/07/2025","03/03/2025","02/03/2026","","Permit","21529  BEAUMEADE CIR  ASHBURN VA 20147","042152579000","This submission is for the generator yard of the BLDC-2024-063845 Permit. 

At the direction of Evan Harlow we removed the generator yard cost from the breakdown on that permit and resubmitted that valuation without the yard cost. Electronic Copy "
"BLDC-2025-010246","Building Commercial - Alteration","Cancelled","","","03/03/2025","","","Permit","24224  QUAIL RIDGE LN  ALDIE VA 20105","246200886000","Electrical Alteration Phase 5 Building Permit Number: B20619130100"
"BLDC-2025-010951","Building Commercial - Alteration","Issued Certificate of Occupancy","","04/09/2025","03/05/2025","11/16/2026","05/18/2026","Permit","43704 EFFICIENCY DR STERLING VA 20166","093365404003","**Tenant Fit Up** IAD44 Suite 100 Building Permit"
"BLDC-2025-010952","Building Commercial - Alteration","Issued Certificate of Occupancy","","04/22/2025","03/05/2025","11/16/2026","05/18/2026","Permit","43704 EFFICIENCY DR STERLING VA 20166","093365404003","**Tenant Fit Up** IAD44 Suite 200 Building Permit"
"BLDC-2025-011215","Building Commercial - Alteration","Issued","","04/11/2025","03/07/2025","01/20/2026","","Permit","45200 VANTAGE DATA PLZ STERLING VA 20166","044288975001","Install (2) 510 Ton air-cooled chiller modules with integral pump packages on roof of Vantage building VA11 for increased redundancy. The new chillers will be placed on a steel platform that will also be installed as part of this project."
"BLDC-2025-011501","Building Commercial - New Construction","Issued","","07/09/2025","03/10/2025","03/10/2027","","Permit","21780  FILIGREE CT  ASHBURN VA 20147","061394321000","Data center core & shell building. electronic copy "
"BLDC-2025-012388","Building Commercial - New Construction","In Review","","07/29/2025","03/14/2025","03/15/2027","","Permit","22279  POWER PLAYER LN  STERLING VA 20166","044461959000","Shell scope of work for future data hall fitout (structure, facade, roofing, and minimal interior construction as req'd)"
"BLDC-2025-012490","Building Commercial - New Construction","Issued","","07/07/2025","03/14/2025","02/17/2027","","Permit","43304  OLD OX RD  STERLING VA 20166","124369522000","CYRUSONE NVA 11 NEW CONSTRUCTION - CORE/SHELL. New Construction. Electronic Copy"
"BLDC-2025-012623","Building Commercial - Alteration","Issued","","04/18/2025","03/16/2025","10/15/2025","","Permit","43701  CLUBBER LN  CHANTILLY VA 20152","097354183000","New electrical and mechanical equipment fit-out in existing spaces and areas that were previously prepared for the installation of proposed equipment. Electronic Copy "
"BLDC-2025-013496","Building Commercial - Alteration","In Review","","08/12/2025","03/21/2025","02/08/2026","","Permit","22916  INTERNATIONAL DR  STERLING VA 20166","034365461000","New electrical and mechanical equipment fit-out in existing spaces and areas that were previously prepared for the installation of proposed equipment."
"BLDC-2025-013711","Building Commercial - Alteration","Issued","","12/01/2025","03/23/2025","05/30/2026","","Permit","44305  IMPORT PLZ  ASHBURN VA 20147","062159785000","Installation of new traffic control arm, sliding gates, fencing modifications and related electrical and security infrastructure at existing data center campus entrance."
"BLDC-2025-014396","Building Commercial - Miscellaneous Structure","Cancelled","","","03/26/2025","","","Permit","21529  BEAUMEADE CIR  ASHBURN VA 20147","042152579000","Want to have a temporary 4-person restroom trailer on site. Trailer uses connections to the building water and electrical and has self-contained sceptic tank."
"BLDC-2025-014407","Building Commercial - Tenant Fit-Up","Issued Certificate of Occupancy","","04/28/2025","03/26/2025","06/17/2026","01/07/2026","Permit","42370  THUNDERBALL DR  LEESBURG VA 20175","194103673000","Phase 1 permit submission - full set of plans are uploaded and approved under B30554590100. Phasing plan with egress info is attached.  Valuation was included in B30554590100. Electronic Copy "
"BLDC-2025-014409","Building Commercial - Tenant Fit-Up","Issued Certificate of Occupancy","","05/28/2025","03/26/2025","06/17/2026","01/07/2026","Permit","42370  THUNDERBALL DR  LEESBURG VA 20175","194103673000","Phase 2 permit submission - full set of plans are uploaded and approved under B30554590100. Phasing plan with egress info is attached.  Valuation was included in B30554590100."
"BLDC-2025-014410","Building Commercial - Tenant Fit-Up","Issued Certificate of Occupancy","","05/29/2025","03/26/2025","05/18/2026","01/08/2026","Permit","42370  THUNDERBALL DR  LEESBURG VA 20175","194103673000","Phase 3 permit submission - full set of plans are uploaded and approved under B30554590100. Phasing plan with egress info is attached.  Valuation was included in B30554590100. Electronic copy "
"BLDC-2025-014411","Building Commercial - Tenant Fit-Up","Issued Certificate of Occupancy","","05/29/2025","03/26/2025","06/03/2026","01/08/2026","Permit","42370  THUNDERBALL DR  LEESBURG VA 20175","194103673000","Phase 4 permit submission - full set of plans are uploaded and approved under B30554590100. Phasing plan with egress info is attached.  Valuation was included in B30554590100. Electronic Copy "
"BLDC-2025-014462","Building Commercial - Miscellaneous Structure","Issued","","09/19/2025","03/27/2025","03/18/2026","","Permit","19515  COMPASS CREEK PKWY  LEESBURG VA 20175","235297431000","Addition of permanent stairs to access raised cat walks."
"BLDC-2025-015403","Building Commercial - Tenant Fit-Up","Issued","","06/17/2025","04/01/2025","02/22/2027","","Permit","21529  BEAUMEADE CIR  ASHBURN VA 20147","042152579000","PHASE 2 of same project as permit #BLDC-2024-063845 - Interior datacenter fit-out of 1st floor data center and corresponding equipment infrastructure on roof and in generator yard areas."
"BLDC-2025-015678","Building Commercial - Occupancy Only","Cancelled","","","04/02/2025","","","Permit","21495  RIDGETOP CIR  Unit: 205 STERLING VA 20166","019155755012","klfjd;"
"BLDC-2025-017269","Building Commercial - Alteration","Finaled","","05/12/2025","04/09/2025","12/29/2025","07/02/2025","Permit","44274  ROUND TABLE PLZ  ASHBURN VA 20147","062462761000","Install ceiling, install new door and framing, new lighting, add sink to existing millwork, washer/dryer"
"BLDC-2025-017606","Building Commercial - New Construction","Issued","","02/04/2026","04/11/2025","08/03/2026","","Permit","43855  LIGHT SPEED PLZ STERLING VA 20166","122207249000","New data center build.304000000"
"BLDC-2025-017639","Building Commercial - New Construction","Issued","","02/04/2026","04/11/2025","08/03/2026","","Permit","43765  LIGHT SPEED PLZ STERLING VA 20166","122207249000","New Data Center Build."
"BLDC-2025-018057","Building Commercial - Addition","Cancelled","","","04/15/2025","","","Permit","45200 VANTAGE DATA PLZ STERLING VA 20166","044288975001","INSTALLATION OF TWO EXTERIOR DOORS AND
FRAMES ON THE THIRD FLOOR OF AN EXISTING BUILDING WITH EXTERIOR PLATFORMS
AND STEPS DOWN TO THE SECOND LEVEL OF THE EXISTING EXTERIOR GENERATOR
PLATFORMS. THE DOORS ARE BEING INSTALLED TO PROVIDE ACCESS FOR MONITORING
OF THE GENERATORS AND ARE NOT EGRESS DOORS FOR THE BUILDING."
"BLDC-2025-018097","Building Commercial - New Construction","Cancelled","","","04/15/2025","","","Permit","43855  LIGHT SPEED PLZ STERLING VA 20166","122207249000","New data center build."
"BLDC-2025-018103","Building Commercial - New Construction","Cancelled","","","04/15/2025","","","Permit","43855  LIGHT SPEED PLZ STERLING VA 20166","122207249000","New data center build. Phase 3"
"BLDC-2025-018107","Building Commercial - New Construction","Cancelled","","","04/15/2025","","","Permit","43855  LIGHT SPEED PLZ STERLING VA 20166","122207249000","New data center build. Phase 4"
"BLDC-2025-018112","Building Commercial - New Construction","Cancelled","","","04/15/2025","","","Permit","43855  LIGHT SPEED PLZ STERLING VA 20166","122207249000","New data center build. Phase 5"
"BLDC-2025-018114","Building Commercial - New Construction","Cancelled","","","04/15/2025","","","Permit","43855  LIGHT SPEED PLZ STERLING VA 20166","122207249000","New data center build. Phase 6"
"BLDC-2025-018119","Building Commercial - New Construction","Cancelled","","","04/15/2025","","","Permit","43855  LIGHT SPEED PLZ STERLING VA 20166","122207249000","New data center build. Phase 7"
"BLDC-2025-018219","Building Commercial - New Construction","Cancelled","","","04/16/2025","","","Permit","43855  LIGHT SPEED PLZ STERLING VA 20166","122207249000","New data center build. Phase 8"
"BLDC-2025-018225","Building Commercial - New Construction","Cancelled","","","04/16/2025","","","Permit","43855  LIGHT SPEED PLZ STERLING VA 20166","122207249000","New data center build. Phase 9"
"BLDC-2025-018228","Building Commercial - New Construction","Cancelled","","","04/16/2025","","","Permit","43855  LIGHT SPEED PLZ STERLING VA 20166","122207249000","New data center build. Phase 10"
"BLDC-2025-018231","Building Commercial - New Construction","Cancelled","","","04/16/2025","","","Permit","43855  LIGHT SPEED PLZ STERLING VA 20166","122207249000","New data center build. Phase 11"
"BLDC-2025-018236","Building Commercial - New Construction","Cancelled","","","04/16/2025","","","Permit","43855  LIGHT SPEED PLZ STERLING VA 20166","122207249000","New data center build. Phase 12"
"BLDC-2025-018240","Building Commercial - New Construction","Cancelled","","","04/16/2025","","","Permit","43855  LIGHT SPEED PLZ STERLING VA 20166","122207249000","New data center build. Phase 13"
"BLDC-2025-018243","Building Commercial - New Construction","Cancelled","","","04/16/2025","","","Permit","43855  LIGHT SPEED PLZ STERLING VA 20166","122207249000","New data center build. Phase 14"
"BLDC-2025-018248","Building Commercial - New Construction","Cancelled","","","04/16/2025","","","Permit","43855  LIGHT SPEED PLZ STERLING VA 20166","122207249000","New data center build. Phase 15"
"BLDC-2025-018255","Building Commercial - New Construction","Cancelled","","","04/16/2025","","","Permit","43855  LIGHT SPEED PLZ STERLING VA 20166","122207249000","New data center build. Phase 16"
"BLDC-2025-018258","Building Commercial - New Construction","Cancelled","","","04/16/2025","","","Permit","43855  LIGHT SPEED PLZ STERLING VA 20166","122207249000","New data center build. Phase 17"
"BLDC-2025-018261","Building Commercial - New Construction","Cancelled","","","04/16/2025","","","Permit","43855  LIGHT SPEED PLZ STERLING VA 20166","122207249000","New data center build. Phase 18"
"BLDC-2025-018293","Building Commercial - New Construction","Cancelled","","","04/16/2025","","","Permit","43765  LIGHT SPEED PLZ STERLING VA 20166","122207249000","New data center build. Phase 1"
"BLDC-2025-018358","Building Commercial - New Construction","Cancelled","","","04/17/2025","","","Permit","43765  LIGHT SPEED PLZ STERLING VA 20166","122207249000","New data center build. Phase 3"
"BLDC-2025-018360","Building Commercial - New Construction","Cancelled","","","04/17/2025","","","Permit","43765  LIGHT SPEED PLZ STERLING VA 20166","122207249000","New data center build. Phase 4"
"BLDC-2025-018362","Building Commercial - New Construction","Cancelled","","","04/17/2025","","","Permit","43765  LIGHT SPEED PLZ STERLING VA 20166","122207249000","New data center build. Phase 5"
"BLDC-2025-018367","Building Commercial - New Construction","Cancelled","","","04/17/2025","","","Permit","43765  LIGHT SPEED PLZ STERLING VA 20166","122207249000","New data center build. Phase 6"
"BLDC-2025-018466","Building Commercial - Miscellaneous Structure","Finaled","","06/27/2025","04/17/2025","01/25/2027","07/28/2026","Permit","22321  PACIFIC BLVD  STERLING VA 20166","044175589000","Construction Break Tent - 50' x 50' electronic Copy "
"BLDC-2025-018501","Building Commercial - Tenant Fit-Up","Issued Certificate of Occupancy","","05/01/2025","04/17/2025","12/22/2025","07/08/2025","Permit","44740  PERFORMANCE CIR  ASHBURN VA 20147","060209652000","The scope of the work of the project encompasses buildout of a data cage for liquid cooling supported equipment. Involves electrical work to support future owner tools, including network racks and cage partitions, within the north data hall on the fourth floor of an existing four-story building. No modifications will be made to the space or the buildings structure. The scope of work detailed in these documents includes all architectural, structural, mechanical, and electrical components required for the construction of the liquid cooled build-out of the data cage."
"BLDC-2025-018626","Building Commercial - New Construction","Cancelled","","","04/18/2025","","","Permit","43765  LIGHT SPEED PLZ STERLING VA 20166","122207249000","New data center build. Phase 7"
"BLDC-2025-018631","Building Commercial - New Construction","Cancelled","","","04/18/2025","","","Permit","43765  LIGHT SPEED PLZ STERLING VA 20166","122207249000","This phase is indicated on sheet A-01000 Architectural Overall Phasing Plan and is labeled as Phase 
08.  This phase consists of build out of the following interior areas, Data Hall 2 (02.465) with temporary 
wall, DAHU Gallerys 2.2 (02.435) & 2.4 (02.495), Common Supply Headers (02.485) & (02.440), 
Electrical room E2.3 (02.415), and portions of the exterior Generator Yard."
"BLDC-2025-018639","Building Commercial - New Construction","Cancelled","","","04/18/2025","","","Permit","43765  LIGHT SPEED PLZ STERLING VA 20166","122207249000","New data center build. Phase 9"
"BLDC-2025-018644","Building Commercial - New Construction","Cancelled","","","04/18/2025","","","Permit","43765  LIGHT SPEED PLZ STERLING VA 20166","122207249000","New data center build. Phase 10"
"BLDC-2025-018647","Building Commercial - New Construction","Cancelled","","","04/18/2025","","","Permit","43765  LIGHT SPEED PLZ STERLING VA 20166","122207249000","New data center build. Phase 11"
"BLDC-2025-018659","Building Commercial - New Construction","Cancelled","","","04/18/2025","","","Permit","43765  LIGHT SPEED PLZ STERLING VA 20166","122207249000","New data center build. Phase 12"
"BLDC-2025-018662","Building Commercial - New Construction","Cancelled","","","04/18/2025","","","Permit","43765  LIGHT SPEED PLZ STERLING VA 20166","122207249000","This phase is indicated on sheet A-01000 Architectural Overall Phasing Plan and is labeled as Phase 
13.  This phase consists of build out of the following interior areas, Data Hall 3 (03.265) with temporary 
wall, DAHU Gallerys 3.2 (03.235) & 3.4 (03.295), Common Supply Headers (03.285) & (03.240), 
Electrical room E3.5 (03.215), and portions of the exterior Generator Yard."
"BLDC-2025-018671","Building Commercial - New Construction","Cancelled","","","04/18/2025","","","Permit","43765  LIGHT SPEED PLZ STERLING VA 20166","122207249000","New data center build. Phase 14"
"BLDC-2025-018686","Building Commercial - New Construction","Cancelled","","","04/18/2025","","","Permit","43765  LIGHT SPEED PLZ STERLING VA 20166","122207249000","New data center build. Phase 15"
"BLDC-2025-018695","Building Commercial - New Construction","Cancelled","","","04/18/2025","","","Permit","43765  LIGHT SPEED PLZ STERLING VA 20166","122207249000","New data center build. Phase 16"
"BLDC-2025-018698","Building Commercial - New Construction","Cancelled","","","04/18/2025","","","Permit","43765  LIGHT SPEED PLZ STERLING VA 20166","122207249000","New data center build. Phase 17"
"BLDC-2025-018703","Building Commercial - New Construction","Cancelled","","","04/18/2025","","","Permit","43765  LIGHT SPEED PLZ STERLING VA 20166","122207249000","New data center build. Phase 18"
"BLDC-2025-018723","Building Commercial - Alteration","Issued","","05/02/2025","04/18/2025","10/29/2025","","Permit","43701  CLUBBER LN  CHANTILLY VA 20152","097354183000","Replacement of existing outdated industrial water (IW) treatment equipment with upgraded equipment, along with related piping modifications."
"BLDC-2025-018738","Building Commercial - Alteration","Issued","","05/02/2025","04/18/2025","10/29/2025","","Permit","43736  CLUBBER LN  CHANTILLY VA 20152","097354183000","Replacement of existing outdated industrial water (IW) treatment equipment with upgraded equipment, along with related piping modifications."
"BLDC-2025-018830","Building Commercial - Alteration","Fees Due","","","04/18/2025","","","Permit","22370  KIPPER DR  STERLING VA 20166","044193385000","Installation of additional industrial water (IW) piping and valves in existing data center 1st & 2nd floor Mechanical Rooms. Electronic copy "
"BLDC-2025-019114","Building Commercial - Sales Trailer","Cancelled","","","04/21/2025","","","Permit","24331  HOWLING ROOSTER LN  STERLING VA 20166","162176713000","Temporary Double Wide Trailer for use during construction of ARA3A Data Center"
"BLDC-2025-019837","Building Commercial - New Construction","Issued","","09/15/2025","04/25/2025","02/08/2027","","Permit","25410  MEADOWDALE DR  CHANTILLY VA 20152","096183926000","New Data Center Construction"
"BLDC-2025-019865","Building Commercial - Alteration","Finaled","","05/14/2025","04/25/2025","11/24/2026","05/28/2026","Permit","45200 VANTAGE DATA PLZ STERLING VA 20166","044288975001","Chiller Platform Canopy Improvements"
"BLDC-2025-019976","Building Commercial - Alteration","Finaled","","06/09/2025","04/28/2025","12/07/2026","06/09/2026","Permit","45200  VANTAGE DATA PLZ  STERLING VA 20166","044288975000","INSTALLATION OF TWO EXTERIOR DOORS AND
FRAMES ON THE THIRD FLOOR OF AN EXISTING BUILDING WITH EXTERIOR PLATFORMS
AND STEPS DOWN TO THE SECOND LEVEL OF THE EXISTING EXTERIOR GENERATOR
PLATFORMS. THE DOORS ARE BEING INSTALLED TO PROVIDE ACCESS FOR MONITORING
OF THE GENERATORS AND ARE NOT EGRESS DOORS FOR THE BUILDING."
"BLDC-2025-020592","Building Commercial - Miscellaneous Structure","Issued","","10/06/2025","04/30/2025","04/04/2026","","Permit","19560  CROSSTRAIL BLVD  LEESBURG VA 20175","150151774000","Stone gravity retaining wall 1 | Approx 491 linear feet with an average height of 18'. Electronic Copy "
"BLDC-2025-020778","Building Commercial - Alteration","Issued","","04/07/2026","05/01/2025","10/04/2026","","Permit","19560  HYPERSPACE LN  ASHBURN VA 20147","113163850000","Construction of ""SDC Fitout Scope No.2"" within the new construction of a 3-story data center Core-&-Shell building.
The new construction data center ""Core-&-Shell"" is currently under review by Loudoun County under permit case number BLDC-2024-009449.
Marked-up colored drawings are provided under this permit and similarly under the BLDC-2024-009449 permit to clearly delineate the ""Core-&-Shell"" scopes versus the ""SDC Fitout Scope No.2"" scopes."
"BLDC-2025-020866","Building Commercial - Miscellaneous Structure","Issued","","07/08/2025","05/01/2025","01/04/2026","","Permit","44820  PRENTICE DR  STERLING VA 20166","044370416000","(1) Monument Sign, Internally Illuminated. Electronic Copy "
"BLDC-2025-020871","Building Commercial - Miscellaneous Structure","Issued","","06/25/2025","05/01/2025","12/22/2025","","Permit","44820  PRENTICE DR  STERLING VA 20166","044370416000","(1) Monument Sign, Internally Illuminated"
"BLDC-2025-021428","Building Commercial - Miscellaneous Structure","Issued","","12/15/2025","05/05/2025","06/13/2026","","Permit","22425  SOUS VIDE LN  STERLING VA 20166","045465016000","Tie-Back Anchor Retaining Wall. Electronic Copy "
"BLDC-2025-021835","Building Commercial - Miscellaneous Structure","Issued","","09/11/2025","05/07/2025","03/10/2026","","Permit","19540  COMPASS CREEK PKWY SE LEESBURG VA 20175","235297431000","Lunch tent for construction site. Electronic copy "
"BLDC-2025-022535","Building Commercial - Tenant Fit-Up","Issued","","04/07/2026","05/10/2025","10/04/2026","","Permit","19560  HYPERSPACE LN  ASHBURN VA 20147","113163850000","Construction of ""SDC Fitout Scope No.3"" within the new construction of a 3-story data center Core-&-Shell building.
The new construction data center ""Core-&-Shell"" is currently under review by Loudoun County under permit case number BLDC-2025-009449.
Marked-up colored drawings are provided under this permit and similarly under the BLDC-2025-009449 permit to clearly delineate the ""Core-&-Shell"" scopes versus the ""SDC Fitout Scope No.3"" scopes."
"BLDC-2025-022536","Building Commercial - Tenant Fit-Up","Fees Due","","","05/10/2025","","","Permit","19560  HYPERSPACE LN  ASHBURN VA 20147","113163850000","Construction of ""SDC Fitout Scope No.4"" within the new construction of a 3-story data center Core-&-Shell building.
The new construction data center ""Core-&-Shell"" is currently under review by Loudoun County under permit case number BLDC-2025-009449.
Marked-up colored drawings are provided under this permit and similarly under the BLDC-2025-009449 permit to clearly delineate the ""Core-&-Shell"" scopes versus the ""SDC Fitout Scope No.4"" scopes."
"BLDC-2025-022537","Building Commercial - Tenant Fit-Up","Fees Due","","","05/10/2025","","","Permit","19560  HYPERSPACE LN  ASHBURN VA 20147","113163850000","Construction of ""SDC Fitout Scope No.5"" within the new construction of a 3-story data center Core-&-Shell building.
The new construction data center ""Core-&-Shell"" is currently under review by Loudoun County under permit case number BLDC-2025-009449.
Marked-up colored drawings are provided under this permit and similarly under the BLDC-2025-009449 permit to clearly delineate the ""Core-&-Shell"" scopes versus the ""SDC Fitout Scope No.5"" scopes."
"BLDC-2025-023099","Building Commercial - Tenant Fit-Up","Issued","","05/01/2026","05/13/2025","10/28/2026","","Permit","43855  LIGHT SPEED PLZ STERLING VA 20166","122207249000","New data center build. Phase 2"
"BLDC-2025-023106","Building Commercial - Tenant Fit-Up","Issued","","05/01/2026","05/13/2025","10/28/2026","","Permit","43855  LIGHT SPEED PLZ STERLING VA 20166","122207249000","New data center build. Phase 3"
"BLDC-2025-023112","Building Commercial - Tenant Fit-Up","Issued","","05/01/2026","05/13/2025","10/28/2026","","Permit","43855  LIGHT SPEED PLZ STERLING VA 20166","122207249000","New data center build. Phase 4"
"BLDC-2025-023201","Building Commercial - Tenant Fit-Up","Issued","","05/01/2026","05/14/2025","10/28/2026","","Permit","43855  LIGHT SPEED PLZ STERLING VA 20166","122207249000","New data center build. Phase 5"
"BLDC-2025-023209","Building Commercial - Tenant Fit-Up","Issued","","04/30/2026","05/14/2025","10/27/2026","","Permit","43855  LIGHT SPEED PLZ STERLING VA 20166","122207249000","New data center build. Phase 6"
"BLDC-2025-023215","Building Commercial - Tenant Fit-Up","Issued","","05/01/2026","05/14/2025","10/28/2026","","Permit","43855  LIGHT SPEED PLZ STERLING VA 20166","122207249000","New data center build. Phase 7"
"BLDC-2025-023219","Building Commercial - Tenant Fit-Up","Issued","","04/30/2026","05/14/2025","10/27/2026","","Permit","43855  LIGHT SPEED PLZ STERLING VA 20166","122207249000","New data center build. Phase 8"
"BLDC-2025-023226","Building Commercial - Tenant Fit-Up","Issued","","04/30/2026","05/14/2025","10/27/2026","","Permit","43855  LIGHT SPEED PLZ STERLING VA 20166","122207249000","New data center build. Phase 9"
"BLDC-2025-023231","Building Commercial - Tenant Fit-Up","Issued","","04/30/2026","05/14/2025","10/27/2026","","Permit","43855  LIGHT SPEED PLZ STERLING VA 20166","122207249000","New data center build. Phase 10"
"BLDC-2025-023235","Building Commercial - Tenant Fit-Up","Issued","","04/30/2026","05/14/2025","10/27/2026","","Permit","43855  LIGHT SPEED PLZ STERLING VA 20166","122207249000","New data center build. Phase 11"
"BLDC-2025-023239","Building Commercial - Tenant Fit-Up","Issued","","04/30/2026","05/14/2025","10/27/2026","","Permit","43855  LIGHT SPEED PLZ STERLING VA 20166","122207249000","New data center build. Phase 12"
"BLDC-2025-023259","Building Commercial - Tenant Fit-Up","Issued","","04/30/2026","05/14/2025","10/27/2026","","Permit","43855  LIGHT SPEED PLZ STERLING VA 20166","122207249000","New data center build. Phase 13"
"BLDC-2025-023262","Building Commercial - Tenant Fit-Up","Fees Due","","","05/14/2025","","","Permit","43855  LIGHT SPEED PLZ STERLING VA 20166","122207249000","New data center build. Phase 14"
"BLDC-2025-023273","Building Commercial - Tenant Fit-Up","Issued","","04/30/2026","05/14/2025","10/27/2026","","Permit","43855  LIGHT SPEED PLZ STERLING VA 20166","122207249000","New data center build. Phase 15"
"BLDC-2025-023281","Building Commercial - Tenant Fit-Up","Issued","","04/30/2026","05/14/2025","10/27/2026","","Permit","43855  LIGHT SPEED PLZ STERLING VA 20166","122207249000","New data center build. Phase 16"
"BLDC-2025-023292","Building Commercial - Tenant Fit-Up","Issued","","04/30/2026","05/14/2025","10/27/2026","","Permit","43855  LIGHT SPEED PLZ STERLING VA 20166","122207249000","New data center build. Phase 17"
"BLDC-2025-023309","Building Commercial - Tenant Fit-Up","Issued","","04/30/2026","05/14/2025","10/27/2026","","Permit","43855  LIGHT SPEED PLZ STERLING VA 20166","122207249000","New data center build. Phase 18"
"BLDC-2025-023318","Building Commercial - Tenant Fit-Up","Issued Certificate of Occupancy","","07/24/2025","05/14/2025","02/03/2027","09/01/2026","Permit","43714 EFFICIENCY DR STERLING VA 20166","093365404005","IAD 045 BUILDING 9 SUITE 105 TENANT FIT-UP BUILDING PERMIT. Electronic Copy "
"BLDC-2025-023325","Building Commercial - Tenant Fit-Up","Issued Certificate of Occupancy","","08/28/2025","05/14/2025","01/11/2027","07/17/2026","Permit","43714 EFFICIENCY DR STERLING VA 20166","093365404005","IAD 045 BUILDING 9 SUITE 205 TENANT FIT-UP BUILDING PERMIT"
"BLDC-2025-023500","Building Commercial - Tenant Fit-Up","Fees Due","","","05/15/2025","","","Permit","43765  LIGHT SPEED PLZ STERLING VA 20166","122207249000","New data center build. Phase 2"
"BLDC-2025-023553","Building Commercial - Tenant Fit-Up","Fees Due","","","05/15/2025","","","Permit","43765  LIGHT SPEED PLZ STERLING VA 20166","122207249000","New data center build. Phase 3"
"BLDC-2025-023558","Building Commercial - Tenant Fit-Up","Fees Due","","","05/15/2025","","","Permit","43765  LIGHT SPEED PLZ STERLING VA 20166","122207249000","New data center build. Phase 4"
"BLDC-2025-023561","Building Commercial - Tenant Fit-Up","Fees Due","","","05/15/2025","","","Permit","43765  LIGHT SPEED PLZ STERLING VA 20166","122207249000","New data center build. Phase 5"
"BLDC-2025-023567","Building Commercial - Tenant Fit-Up","Fees Due","","","05/15/2025","","","Permit","43765  LIGHT SPEED PLZ STERLING VA 20166","122207249000","New data center build. Phase 6"
"BLDC-2025-023588","Building Commercial - Tenant Fit-Up","Fees Due","","","05/15/2025","","","Permit","43765  LIGHT SPEED PLZ STERLING VA 20166","122207249000","New data center build. Phase 7"
"BLDC-2025-023590","Building Commercial - Tenant Fit-Up","Fees Due","","","05/15/2025","","","Permit","43765  LIGHT SPEED PLZ STERLING VA 20166","122207249000","New data center build. Phase 8"
"BLDC-2025-023591","Building Commercial - Tenant Fit-Up","In Review","","","05/15/2025","","","Permit","43765  LIGHT SPEED PLZ STERLING VA 20166","122207249000","New data center build. Phase 9"
"BLDC-2025-023602","Building Commercial - Tenant Fit-Up","Fees Due","","","05/15/2025","","","Permit","43765  LIGHT SPEED PLZ STERLING VA 20166","122207249000","New data center build. Phase 10"
"BLDC-2025-023607","Building Commercial - Tenant Fit-Up","Fees Due","","","05/15/2025","","","Permit","43765  LIGHT SPEED PLZ STERLING VA 20166","122207249000","New data center build. Phase 11"
"BLDC-2025-023613","Building Commercial - Tenant Fit-Up","Fees Due","","","05/15/2025","","","Permit","43765  LIGHT SPEED PLZ STERLING VA 20166","122207249000","New data center build. Phase 12"
"BLDC-2025-023761","Building Commercial - Tenant Fit-Up","Fees Due","","","05/16/2025","","","Permit","43765  LIGHT SPEED PLZ STERLING VA 20166","122207249000","New data center build. Phase 13"
"BLDC-2025-023763","Building Commercial - Tenant Fit-Up","Fees Due","","","05/16/2025","","","Permit","43765  LIGHT SPEED PLZ STERLING VA 20166","122207249000","New data center build. Phase 14"
"BLDC-2025-023765","Building Commercial - Tenant Fit-Up","Fees Due","","","05/16/2025","","","Permit","43765  LIGHT SPEED PLZ STERLING VA 20166","122207249000","New data center build. Phase 15"
"BLDC-2025-023767","Building Commercial - Tenant Fit-Up","Fees Due","","","05/16/2025","","","Permit","43765  LIGHT SPEED PLZ STERLING VA 20166","122207249000","New data center build. Phase 16"
"BLDC-2025-023769","Building Commercial - Tenant Fit-Up","Fees Due","","","05/16/2025","","","Permit","43765  LIGHT SPEED PLZ STERLING VA 20166","122207249000","New data center build. Phase 17"
"BLDC-2025-023773","Building Commercial - Tenant Fit-Up","Fees Due","","","05/16/2025","","","Permit","43765  LIGHT SPEED PLZ STERLING VA 20166","122207249000","New data center build. Phase 18"
"BLDC-2025-024001","Building Commercial - Alteration","In Review","","","05/17/2025","","","Permit","43571  LITTLE RIVER TPKE  CHANTILLY VA 20152","128408530000","IAD 018 DEMOLITION PERMIT; Interior Alteration CONTRACTOR TBD"
"BLDC-2025-024034","Building Commercial - Miscellaneous Structure","Issued","","07/01/2025","05/18/2025","12/28/2025","","Permit","43115  GOOSE PARK LN  ASHBURN VA 20147","114464812000","Erection of a temporary construction break tent for use in conducting ""Stretch-&-Flex"" huddles and other safety standing meetings.
Temporary construction break tent is to be used for more than 6 months (possibly 2+ years) until the construction of the ""Building 4"" Data Center located on the BIC campus (Belmont Innovation Campus) is completed by 2027.
Building 4 Data Center Core-&-Shell Permit is still under review under case BLDC-2025-009449.
The address of the temporary construction break tent is:
43207 Goose Park Lane, Ashburn, VA 20147."
"BLDC-2025-024492","Building Commercial - Alteration","Finaled","","07/14/2025","05/20/2025","03/01/2027","09/01/2026","Permit","43790  DEVIN SHAFRON DR  ASHBURN VA 20147","089374763000","IAD 013 DUNK TANK BUILDING PERMIT"
"BLDC-2025-024536","Building Commercial - Tenant Fit-Up","Issued","","10/10/2025","05/20/2025","11/24/2026","","Permit","21215  ATLANTIC BLVD  STERLING VA 20166","030455548000","Tenant Fit-out for an existing 2-story, 253,881 square foot building. There are 13 phases to the fit-out. This is the first phase (office phase). BLDC-2025-024536 parent permit . Mass approval x 13 all scanned under this permit. electronic copy"
"BLDC-2025-024538","Building Commercial - Alteration","Issued","","07/29/2025","05/20/2025","03/16/2026","","Permit","22520  RANDOLPH DR  STERLING VA 20166","045352692000","IAD 076 ERUD ROMP 04 - CONTRACTORS TBD. Electronic Copy "
"BLDC-2025-024546","Building Commercial - Tenant Fit-Up","Issued","","11/05/2025","05/20/2025","11/02/2026","","Permit","21215  ATLANTIC BLVD  STERLING VA 20166","030455548000","Tenant Fit-out for an existing 2-story, 253,881 square foot building. There are 13 phases to the fit-out. This is Phase One."
"BLDC-2025-025222","Building Commercial - Alteration","Finaled","","08/21/2025","05/21/2025","11/30/2026","02/04/2026","Permit","43571  LITTLE RIVER TPKE  CHANTILLY VA 20152","128408530000","IAD 018 BUILDING PERMIT; CONTRACTOR TBD. electronic copy "
"BLDC-2025-025258","Building Commercial - Tenant Fit-Up","Issued","","11/18/2025","05/21/2025","11/02/2026","","Permit","21215  ATLANTIC BLVD  STERLING VA 20166","030455548000","Tenant Fit-out for an existing 2-story, 253,881 square foot building. There are 13 phases to the fit-out. This is the second phase."
"BLDC-2025-025260","Building Commercial - Tenant Fit-Up","Issued","","11/18/2025","05/21/2025","11/02/2026","","Permit","21215  ATLANTIC BLVD  STERLING VA 20166","030455548000","Tenant Fit-out for an existing 2-story, 253,881 square foot building. There are 13 phases to the fit-out. This is the third phase."
"BLDC-2025-025261","Building Commercial - Tenant Fit-Up","Issued","","11/18/2025","05/21/2025","12/08/2026","","Permit","21215  ATLANTIC BLVD  STERLING VA 20166","030455548000","Tenant Fit-out for an existing 2-story, 253,881 square foot building. There are 13 phases to the fit-out. This is the fourth phase."
"BLDC-2025-025264","Building Commercial - Tenant Fit-Up","Issued","","11/18/2025","05/21/2025","08/10/2026","","Permit","21215  ATLANTIC BLVD  STERLING VA 20166","030455548000","Tenant Fit-out for an existing 2-story, 253,881 square foot building. There are 13 phases to the fit-out. This is the fifth phase."
"BLDC-2025-025266","Building Commercial - Tenant Fit-Up","Issued","","11/18/2025","05/21/2025","02/23/2027","","Permit","21215  ATLANTIC BLVD  STERLING VA 20166","030455548000","Tenant Fit-out for an existing 2-story, 253,881 square foot building. There are 13 phases to the fit-out. This is the sixth phase."
"BLDC-2025-025267","Building Commercial - Tenant Fit-Up","Issued","","11/18/2025","05/21/2025","02/02/2027","","Permit","21215  ATLANTIC BLVD  STERLING VA 20166","030455548000","Tenant Fit-out for an existing 2-story, 253,881 square foot building. There are 13 phases to the fit-out. This is the seventh phase."
"BLDC-2025-025270","Building Commercial - Tenant Fit-Up","Issued","","11/18/2025","05/21/2025","02/02/2027","","Permit","21215  ATLANTIC BLVD  STERLING VA 20166","030455548000","Tenant Fit-out for an existing 2-story, 253,881 square foot building. There are 13 phases to the fit-out. This is the eighth phase."
"BLDC-2025-025272","Building Commercial - Tenant Fit-Up","Issued","","11/18/2025","05/21/2025","12/21/2026","","Permit","21215  ATLANTIC BLVD  STERLING VA 20166","030455548000","Tenant Fit-out for an existing 2-story, 253,881 square foot building. There are 13 phases to the fit-out. This is the ninth phase."
"BLDC-2025-025273","Building Commercial - Tenant Fit-Up","Issued","","11/18/2025","05/21/2025","12/21/2026","","Permit","21215  ATLANTIC BLVD  STERLING VA 20166","030455548000","Tenant Fit-out for an existing 2-story, 253,881 square foot building. There are 13 phases to the fit-out. This is the tenth phase."
"BLDC-2025-025274","Building Commercial - Tenant Fit-Up","Issued","","11/18/2025","05/21/2025","02/01/2027","","Permit","21215  ATLANTIC BLVD  STERLING VA 20166","030455548000","Tenant Fit-out for an existing 2-story, 253,881 square foot building. There are 13 phases to the fit-out. This is the eleventh phase."
"BLDC-2025-025275","Building Commercial - Tenant Fit-Up","Issued","","11/18/2025","05/21/2025","02/22/2027","","Permit","21215  ATLANTIC BLVD  STERLING VA 20166","030455548000","Tenant Fit-out for an existing 2-story, 253,881 square foot building. There are 13 phases to the fit-out. This is the twelfth phase."
"BLDC-2025-025522","Building Commercial - Tenant Fit-Up","In Review","","10/20/2025","05/22/2025","02/02/2027","","Permit","45757  MARIES RD  STERLING VA 20166","030286764000","IAD 128 TI Office Phase"
"BLDC-2025-025524","Building Commercial - Tenant Fit-Up","In Review","","10/24/2025","05/22/2025","07/30/2027","","Permit","45757  MARIES RD  STERLING VA 20166","030286764000","IAD 128 TI Phase 1"
"BLDC-2025-025527","Building Commercial - Tenant Fit-Up","In Review","","10/20/2025","05/22/2025","02/02/2027","","Permit","45757  MARIES RD  STERLING VA 20166","030286764000","IAD 128 TI Phase 2
Parent Permit: BLDC-2025-025522"
"BLDC-2025-025532","Building Commercial - Tenant Fit-Up","In Review","","10/20/2025","05/22/2025","02/02/2027","","Permit","45757  MARIES RD  STERLING VA 20166","030286764000","IAD 128 TI Phase 3
Parent Permit: BLDC-2025-025522"
"BLDC-2025-025539","Building Commercial - Tenant Fit-Up","In Review","","10/20/2025","05/22/2025","02/02/2027","","Permit","45757  MARIES RD  STERLING VA 20166","030286764000","IAD 128 TI Phase 4
Parent Permit: BLDC-2025-025522"
"BLDC-2025-025542","Building Commercial - Tenant Fit-Up","In Review","","10/20/2025","05/22/2025","02/08/2027","","Permit","45757  MARIES RD  STERLING VA 20166","030286764000","IAD 128 TI Phase 5
Parent Permit: BLDC-2025-025522"
"BLDC-2025-025602","Building Commercial - Tenant Fit-Up","In Review","","10/24/2025","05/23/2025","07/30/2027","","Permit","45757  MARIES RD  STERLING VA 20166","030286764000","IAD 128 TI Phase 6
Parent Permit: BLDC-2025-025522"
"BLDC-2025-025610","Building Commercial - Tenant Fit-Up","In Review","","10/20/2025","05/23/2025","07/30/2027","","Permit","45757  MARIES RD  STERLING VA 20166","030286764000","IAD 128 TI Phase 7
Parent Permit: BLDC-2025-025522"
"BLDC-2025-025620","Building Commercial - Tenant Fit-Up","Issued","","10/24/2025","05/23/2025","07/30/2027","","Permit","45757  MARIES RD  STERLING VA 20166","030286764000","IAD 128 TI Phase 8
Parent Permit: BLDC-2025-025522"
"BLDC-2025-025625","Building Commercial - Tenant Fit-Up","Issued","","10/20/2025","05/23/2025","07/30/2027","","Permit","45757  MARIES RD  STERLING VA 20166","030286764000","IAD 128 TI Phase 9
Parent Permit: BLDC-2025-025522"
"BLDC-2025-025628","Building Commercial - Tenant Fit-Up","Issued","","10/20/2025","05/23/2025","07/30/2027","","Permit","45757  MARIES RD  STERLING VA 20166","030286764000","IAD 128 TI Phase 10
Parent Permit: BLDC-2025-025522"
"BLDC-2025-026603","Building Commercial - Tenant Fit-Up","Issued","","02/09/2026","05/29/2025","08/08/2026","","Permit","25190  MEADOWDALE DR  CHANTILLY VA 20152","096183926000","Data Center Tenant Fitout Construction - Phase 01"
"BLDC-2025-026606","Building Commercial - Tenant Fit-Up","Issued","","02/11/2026","05/29/2025","08/10/2026","","Permit","25190  MEADOWDALE DR  CHANTILLY VA 20152","096183926000","Data Center Tenant Fitout Construction - Phase 02"
"BLDC-2025-026608","Building Commercial - Alteration","Issued","","02/11/2026","05/29/2025","08/10/2026","","Permit","25190  MEADOWDALE DR  CHANTILLY VA 20152","096183926000","Data Center Tenant Fitout Construction - Phase 03"
"BLDC-2025-026609","Building Commercial - Tenant Fit-Up","Issued","","02/11/2026","05/29/2025","08/10/2026","","Permit","25190  MEADOWDALE DR  CHANTILLY VA 20152","096183926000","Data Center Tenant Fitout Construction - Phase 04"
"BLDC-2025-026613","Building Commercial - Alteration","Cancelled","","","05/29/2025","","","Permit","25190  MEADOWDALE DR  CHANTILLY VA 20152","096183926000","Data Center Tenant Fitout Construction - Phase 05"
"BLDC-2025-026615","Building Commercial - Tenant Fit-Up","Issued","","02/11/2026","05/29/2025","08/10/2026","","Permit","25190  MEADOWDALE DR  CHANTILLY VA 20152","096183926000","Data Center Tenant Fitout Construction - Phase 06"
"BLDC-2025-026617","Building Commercial - Tenant Fit-Up","Issued","","02/11/2026","05/29/2025","08/10/2026","","Permit","25190  MEADOWDALE DR  CHANTILLY VA 20152","096183926000","Data Center Tenant Fitout Construction - Phase 07"
"BLDC-2025-026620","Building Commercial - Tenant Fit-Up","Issued","","02/11/2026","05/29/2025","08/10/2026","","Permit","25190  MEADOWDALE DR  CHANTILLY VA 20152","096183926000","Data Center Tenant Fitout Construction - Phase 08"
"BLDC-2025-026623","Building Commercial - Tenant Fit-Up","Issued","","02/11/2026","05/29/2025","08/10/2026","","Permit","25190  MEADOWDALE DR  CHANTILLY VA 20152","096183926000","Data Center Tenant Fitout Construction - Phase 09"
"BLDC-2025-026624","Building Commercial - Tenant Fit-Up","Issued","","02/11/2026","05/29/2025","08/10/2026","","Permit","25190  MEADOWDALE DR  CHANTILLY VA 20152","096183926000","Data Center Tenant Fitout Construction - Phase 10"
"BLDC-2025-026625","Building Commercial - Tenant Fit-Up","Issued","","02/17/2026","05/29/2025","08/16/2026","","Permit","25190  MEADOWDALE DR  CHANTILLY VA 20152","096183926000","Data Center Tenant Fitout Construction - Phase 11"
"BLDC-2025-026626","Building Commercial - Tenant Fit-Up","Issued","","02/11/2026","05/29/2025","08/10/2026","","Permit","25190  MEADOWDALE DR  CHANTILLY VA 20152","096183926000","Data Center Tenant Fitout Construction - Phase 12"
"BLDC-2025-026646","Building Commercial - Alteration","Issued","","07/17/2025","05/29/2025","01/13/2026","","Permit","44740  PERFORMANCE CIR  ASHBURN VA 20147","060209652000","DC 16-3 SEPARATION PERMIT FOR STEEL SOW @ GENERATOR YARDS DUE TO DELAYS; NEED TO SEPARATE IN ORDER TO OBTAIN OCCUPANCY; PLANS ALREADY REVIEWED/APPROVED UNDER BLDC-2024-037521"
"BLDC-2025-026657","Building Commercial - Alteration","Issued Certificate of Occupancy","","07/23/2025","05/30/2025","12/08/2026","06/11/2026","Permit","43704 EFFICIENCY DR STERLING VA 20166","093365404003","IAD44 Suite 120 Building **Tenant Fit Up**"
"BLDC-2025-026658","Building Commercial - Alteration","Issued Certificate of Occupancy","","07/23/2025","05/30/2025","12/08/2026","06/11/2026","Permit","43704 EFFICIENCY DR STERLING VA 20166","093365404003","IAD44 Suite 220 Building Permit **Tenant Fit Up**"
"BLDC-2025-026734","Building Commercial - Miscellaneous Structure","Issued","","08/15/2025","05/30/2025","02/10/2027","","Permit","43304  OLD OX RD  STERLING VA 20166","124369522000","Cyrus 1 NVA11 - Approx 196 ft long and approx 5ft high retaining wall. Misc. Structure retaining wall. Electronic copy"
"BLDC-2025-027263","Building Commercial - Alteration","Issued","","08/15/2025","06/03/2025","02/11/2026","","Permit","22631  DULLES SUMMIT CT  STERLING VA 20166","045358110000","roof framing upgrades for sprinkler system support. Electronic copy"
"BLDC-2025-027264","Building Commercial - Alteration","Cancelled","","","06/03/2025","","","Permit","44521  HASTINGS DR  ASHBURN VA 20147","060170268000","Building Permit needed for Fire Suppression Alteration."
"BLDC-2025-027274","Building Commercial - Alteration","Issued","","08/15/2025","06/03/2025","02/11/2026","","Permit","22651  DULLES SUMMIT CT  STERLING VA 20166","045254455000","roof framing upgrades for sprinkler system support. Electronic Copy "
"BLDC-2025-027880","Building Commercial - Tenant Fit-Up","Cancelled","","","06/06/2025","","","Permit","43294  OLD OX RD  STERLING VA 20166","124369522000","CYRUSONE NVA10 PHASE 1B TENANT FITOUT BUILDING PERMIT"
"BLDC-2025-027900","Building Commercial - Tenant Fit-Up","Fees Due","","","05/29/2025","","","Permit","25190  MEADOWDALE DR  CHANTILLY VA 20152","096183926000","Data Center Tenant Fitout Construction - Phase 05"
"BLDC-2025-028261","Building Commercial - Alteration","Cancelled","","07/22/2025","06/10/2025","01/18/2026","","Permit","21625  GRESHAM DR  ASHBURN VA 20147","061467942000","Building Permit needed for Fire Suppression Alteration. electronic copy "
"BLDC-2025-028580","Building Commercial - Miscellaneous Structure","Issued","","07/17/2025","06/11/2025","01/13/2026","","Permit","22295 LOCKRIDGE RD STERLING VA 20166","062275493001","Installation of retaining wall #1"
"BLDC-2025-028661","Building Commercial - Miscellaneous Structure","Issued","","07/18/2025","06/12/2025","01/14/2026","","Permit","22285  LOCKRIDGE RD  STERLING VA 20166","062275493000","Installation of retaining wall #2"
"BLDC-2025-028670","Building Commercial - Miscellaneous Structure","Issued","","07/18/2025","06/12/2025","01/14/2026","","Permit","22285  LOCKRIDGE RD  STERLING VA 20166","062275493000","Installation of retaining wall #3"
"BLDC-2025-028925","Building Commercial - Alteration","Issued","","08/22/2025","06/13/2025","02/18/2026","","Permit","44820  PRENTICE DR  STERLING VA 20166","044370416000","Generator Yard Screen Wall"
"BLDC-2025-029746","Building Commercial - New Construction","Issued","","10/14/2025","06/18/2025","03/10/2027","","Permit","22190  LOUDOUN COUNTY PKWY  ASHBURN VA 20147","062257134000","FULL APPROVAL New build 2-story 96MW data center on existing campus for CloudHQ. Will include mainly data hall spaces with both cloud and tenant admin spaces. Includes rooftop platform for air-cooled chillers and generator penthouse spaces."
"BLDC-2025-030051","Building Commercial - Alteration","Issued","","07/22/2025","06/19/2025","01/18/2026","","Permit","43881 DEVIN SHAFRON DR Unit: 110 ASHBURN VA 20147","089278681000","RENOVATION TO EXISTING TENANT"
"BLDC-2025-030101","Building Commercial - Alteration","Finaled","","07/25/2025","06/20/2025","06/08/2026","12/08/2025","Permit","44631  WAXPOOL RD  ASHBURN VA 20147","061285496000","Adiabatic Trim"
"BLDC-2025-030816","Building Commercial - Tenant Fit-Up","Issued Certificate of Occupancy","","07/16/2025","06/25/2025","02/24/2026","08/28/2025","Permit","44621  WAXPOOL RD  ASHBURN VA 20147","061275931000","LC2PH3 - Tenant Fitout - Phase 13"
"BLDC-2025-030931","Building Commercial - Alteration","Issued","","11/07/2025","06/26/2025","03/01/2027","","Permit","22175  BEAUMEADE CIR  ASHBURN VA 20147","061200160000","The Equinix DC21-P2 project involves the installation of a generator, a transformer, and a premanufactured low-voltage electrical skid in the existing equipment yard. Additionally, two air-cooled chillers will be installed at the roof level, and the chilled water loop will be extended accordingly. Further mechanical and electrical equipment will also be installed within the existing data hall space."
"BLDC-2025-030954","Building Commercial - Alteration","Issued","","01/28/2026","06/26/2025","03/15/2027","","Permit","22165  BEAUMEADE CIR  ASHBURN VA 20147","061200160000","This project consists of the build out of (4) data halls on the first and second floor of an existing 4 story data hall. Additionally, this includes the build out of office space on the third floor. This includes the associated architectural, structural, mechanical, electrical, and plumbing work that is necessary to support the build out."
"BLDC-2025-030992","Building Commercial - Tenant Fit-Up","Cancelled","","","06/26/2025","","","Permit","21800  BEAUMEADE CIR  ASHBURN VA 20147","061307791000","WHITE BOX"
"BLDC-2025-031140","Building Commercial - Tenant Fit-Up","Issued","","08/19/2025","06/28/2025","11/30/2026","","Permit","43294  OLD OX RD  STERLING VA 20166","124369522000","CYRUSONE NVA 10 TENANT FIT-UP PHASE 1 BUILDING PERMIT"
"BLDC-2025-031142","Building Commercial - Tenant Fit-Up","Issued","","08/19/2025","06/28/2025","11/30/2026","","Permit","43294  OLD OX RD  STERLING VA 20166","124369522000","CYRUSONE NVA 10 TENANT FIT-UP PHASE 2 BUILDING PERMIT; ALL PLANS REVIEWED UNDER BLDC-2025-031140"
"BLDC-2025-031143","Building Commercial - Tenant Fit-Up","Issued","","08/19/2025","06/28/2025","01/04/2027","","Permit","43294  OLD OX RD  STERLING VA 20166","124369522000","CYRUSONE NVA 10 TENANT FIT-UP PHASE 3 BUILDING PERMIT; ALL PLANS REVIEWED UNDER BLDC-2025-031140"
"BLDC-2025-031144","Building Commercial - Tenant Fit-Up","Issued","","08/19/2025","06/28/2025","02/10/2027","","Permit","43294  OLD OX RD  STERLING VA 20166","124369522000","CYRUSONE NVA 10 TENANT FIT-UP PHASE 4 BUILDING PERMIT; ALL PLANS REVIEWED UNDER BLDC-2025-031140"
"BLDC-2025-032164","Building Commercial - Alteration","Finaled","","07/30/2025","07/07/2025","04/15/2026","10/17/2025","Permit","43704 EFFICIENCY DR STERLING VA 20166","093365404003","IAD 044 SUITE 110 CAGE INSTALL BUILDING PERMIT; CONTRACTOR IS: POWER SOLUTIONS, LLC"
"BLDC-2025-032169","Building Commercial - Tenant Fit-Up","Cancelled","","","07/07/2025","","","Permit","44521  HASTINGS DR  ASHBURN VA 20147","060170268000","Fire Suppression Alternation"
"BLDC-2025-032176","Building Commercial - Tenant Fit-Up","Cancelled","","","07/07/2025","","","Permit","21625  GRESHAM DR  ASHBURN VA 20147","061467942000","Fire Suppression Alteration"
"BLDC-2025-032204","Building Commercial - Tenant Fit-Up","Issued Certificate of Occupancy","","08/11/2025","07/07/2025","07/13/2026","01/30/2026","Permit","42370 THUNDERBALL DR LEESBURG VA 20175","194103673002","IAD 001 BYTEDANCE BUILDING E PHASE 1 (1ST FLOOR EAST) TENANT FITOUT BUILDING PERMIT. Electronic Copy "
"BLDC-2025-032379","Building Commercial - Tenant Fit-Up","Issued","","07/30/2025","07/08/2025","02/22/2027","","Permit","22588  RELOCATION DR  STERLING VA 20166","045399350000","IAD 054 PROJECT GOLD PH 2 DH01 & DH02 EXPANSION BUILDING PERMIT"
"BLDC-2025-032622","Building Commercial - Alteration","Issued Certificate of Occupancy","","09/02/2025","07/09/2025","12/14/2026","06/23/2026","Permit","43704 EFFICIENCY DR STERLING VA 20166","093365404003","IAD44 Suite 125. Electronic copy "
"BLDC-2025-032623","Building Commercial - Alteration","Issued Certificate of Occupancy","","09/02/2025","07/09/2025","12/14/2026","06/23/2026","Permit","43704 EFFICIENCY DR STERLING VA 20166","093365404003","IAD44 Suite 225. electronic copy"
"BLDC-2025-032890","Building Commercial - Tenant Fit-Up","In Review","","09/17/2025","07/11/2025","03/16/2026","","Permit","44595  LOW LATENCY LN  STERLING VA 20166","063477734000","SDC BUILDING 1 SE TENANT FITOUT PHASE 2 PERMIT"
"BLDC-2025-032897","Building Commercial - Tenant Fit-Up","In Review","","09/17/2025","07/11/2025","03/16/2026","","Permit","44595  LOW LATENCY LN  STERLING VA 20166","063477734000","SDC BUILDING 1 SE TENANT FITOUT PHASE 3 BUILDING PERMIT"
"BLDC-2025-032901","Building Commercial - Tenant Fit-Up","In Review","","09/17/2025","07/11/2025","03/16/2026","","Permit","44595  LOW LATENCY LN  STERLING VA 20166","063477734000","SDC BUILDING 1 SE TENANT FITOUT PHASE 4 BUILDING PERMIT"
"BLDC-2025-033220","Building Commercial - Alteration","Finaled","","08/07/2025","07/14/2025","12/14/2026","06/17/2026","Permit","21800  BEAUMEADE CIR  ASHBURN VA 20147","061307791000","WHITE BOX. Phase 3 alteration. Electronic Copy "
"BLDC-2025-033225","Building Commercial - Alteration","Finaled","","08/12/2025","07/14/2025","01/06/2027","07/10/2026","Permit","21800  BEAUMEADE CIR  ASHBURN VA 20147","061307791000","WHITE BOX"
"BLDC-2025-033413","Building Commercial - Tenant Fit-Up","Issued","","09/04/2025","07/15/2025","03/30/2026","","Permit","44521  HASTINGS DR  ASHBURN VA 20147","060170268000","Tenant Fit Up for Apple for the below Pods:
Pod 9BD & computer room-5,230SF
Pod 9AC & computer room-5,230SF
Pod 16 & computer room-11,304SF"
"BLDC-2025-033825","Building Commercial - Tenant Fit-Up","Cancelled","","","07/17/2025","","","Permit","21625  GRESHAM DR  ASHBURN VA 20147","061467942000","Tenant Fit Up for Apple for the below Pods:
CR2 - 8,582 SF"
"BLDC-2025-033837","Building Commercial - New Construction","Issued","","09/17/2025","07/17/2025","12/16/2026","","Permit","44525  LOW LATENCY LN  STERLING VA 20166","063477734000","SDC BUILDING 2 NEW CORE/SHELL DATA CENTER W/ PHASED OCCUPANCY DATA HALL BUILDING PERMIT"
"BLDC-2025-033844","Building Commercial - Tenant Fit-Up","Issued","","09/29/2025","07/17/2025","03/28/2026","","Permit","44525  LOW LATENCY LN  STERLING VA 20166","063477734000","SDC BUILDING 2 TENANT FITOUT PHASE 1 BUILDING PERMIT; PLANS REVIEWED UNDER BLDC-2025-033837"
"BLDC-2025-033848","Building Commercial - Tenant Fit-Up","Issued","","09/29/2025","07/17/2025","12/28/2026","","Permit","44525  LOW LATENCY LN  STERLING VA 20166","063477734000","SDC BUILDING 2 TENANT FITOUT PHASE 2 BUILDING PERMIT; PLANS REVIEWED UNDER BLDC-2025-033837"
"BLDC-2025-033850","Building Commercial - Tenant Fit-Up","Issued","","09/29/2025","07/17/2025","03/28/2026","","Permit","44525  LOW LATENCY LN  STERLING VA 20166","063477734000","SDC BUILDING 2 TENANT FITOUT PHASE 3 BUILDING PERMIT; PLANS REVIEWED UNDER BLDC-2025-033837"
"BLDC-2025-033852","Building Commercial - Tenant Fit-Up","Issued","","09/29/2025","07/17/2025","03/28/2026","","Permit","44525  LOW LATENCY LN  STERLING VA 20166","063477734000","SDC BUILDING 2 TENANT FITOUT PHASE 4 BUILDING PERMIT; PLANS REVIEWED UNDER BLDC-2025-033837"
"BLDC-2025-034834","Building Commercial - New Construction","In Review","","","07/24/2025","","","Permit","22330  BRODERICK DR  STERLING VA 20166","044267923000","New 4 story data center - powered shell"
"BLDC-2025-035296","Building Commercial - Addition","Cancelled","","","07/28/2025","","","Permit","22225 LOUDOUN COUNTY PKWY ASHBURN VA 20147","089496314002","Adding a deck to a temporary trailer. This permit is for a temporary Trailer for construction office 1, with the temporary address as follow: 22147 Loudoun PKWY, Ashburn Va 20147.
ZONC-2025-032236"
"BLDC-2025-035300","Building Commercial - Addition","Cancelled","","","07/28/2025","","","Permit","22225 LOUDOUN COUNTY PKWY ASHBURN VA 20147","089496314002","Adding a deck to a temporary trailer. This permit is for a temporary Trailer for construction office 2, with the temporary address as follow: 22143 Loudoun Pkwy, Ashburn VA 20147. Zoning Permit is: ZONC-2025-032238"
"BLDC-2025-035302","Building Commercial - Addition","Cancelled","","","07/28/2025","","","Permit","22225 LOUDOUN COUNTY PKWY ASHBURN VA 20147","089496314002","Adding a deck to a temporary trailer. This permit is for a temporary Trailer for construction office 3, with the temporary address as follow: 22137 Loudoun PKWY, Ashburn VA 20147.
ZONC-2025-032240"
"BLDC-2025-035307","Building Commercial - Addition","Cancelled","","","07/28/2025","","","Permit","22225 LOUDOUN COUNTY PKWY ASHBURN VA 20147","089496314002","Adding a deck to a temporary trailer. This permit is for a temporary Trailer for construction office 4, with the temporary address as follow: 22139 Loudoun PKWY, Ashburn VA 20147.
ZONC-2025-032242"
"BLDC-2025-035310","Building Commercial - Addition","Cancelled","","","07/28/2025","","","Permit","22225 LOUDOUN COUNTY PKWY ASHBURN VA 20147","089496314002","Adding a deck to a temporary trailer. This permit is for a temporary Trailer for construction office 5, with the temporary address as follow: 22141 Loudoun PKWY, Ashburn Va 20147.
ZONC-2025-032244"
"BLDC-2025-035715","Building Commercial - Tenant Fit-Up","Cancelled","","","07/30/2025","","","Permit","22715  RELOCATION DR  STERLING VA 20166","045279612000","Alterations to existing buildings included in permits BLDC-2024-046848 BLDC-2024-035070."
"BLDC-2025-036008","Building Commercial - New Construction","Issued","","03/27/2026","07/31/2025","09/23/2026","","Permit","42601  GRUMPY TOAD PLZ  ASHBURN VA 20148","161264481000","Shell Building Permit"
"BLDC-2025-036043","Building Commercial - Alteration","Finaled","","10/09/2025","07/31/2025","09/08/2026","03/12/2026","Permit","43714 EFFICIENCY DR STERLING VA 20166","093365404005","ADDITION OF OFFICE AND STORAGE AREA REQUIRED SEPARATE PERMITTING FROM PERMIT BLDC-2024-064836 AS IT WAS NOT PART OF THE ORIGINAL SCOPE OF WORK; DATA HALL PLANS REVIEWED UNDER BLDC-2024-064836. Electronic copy "
"BLDC-2025-036398","Building Commercial - Tenant Fit-Up","Issued","","08/28/2025","08/04/2025","04/15/2026","","Permit","21715  FILIGREE CT  ASHBURN VA 20147","061483407000","DC2-EOL;  SEPARATION PERMIT FOR ""COLO 160"";  CREATING A PERMIT FOR OCCUPANCY PURPOSES ONLY. NO DESIGN CHANGES.  ENTIRE BUILDING ALREADY REVIEWED AND APPROVED UNDER B20539370100. electronic copy "
"BLDC-2025-036719","Building Commercial - Alteration","Cancelled","","","08/06/2025","","","Permit","22574  PACIFIC BLVD  STERLING VA 20166","045299249000","Electrical distribution alteration for final six data halls at this location. First six data halls are already completed. Increased in capacity of electrical distribution from PDU and feeders from PDU's"
"BLDC-2025-037052","Building Commercial - Miscellaneous Structure","Issued","","10/01/2025","08/08/2025","03/30/2026","","Permit","44607  LOW LATENCY LN  STERLING VA 20166","063477734000","SDC | Project NOVA - Retaining Wall approximately 280 LF and 6' HT"
"BLDC-2025-037107","Building Commercial - Miscellaneous Structure","Issued","","10/01/2025","08/08/2025","03/30/2026","","Permit","","193274995000","Pre-manufactured Guard Booth for the Campus"
"BLDC-2025-037397","Building Commercial - Alteration","Finaled","","09/02/2025","08/12/2025","10/13/2026","04/16/2026","Permit","43704 EFFICIENCY DR STERLING VA 20166","093365404003","IAD44 A100 PBB Tenant Office Renovations"
"BLDC-2025-037615","Building Commercial - Miscellaneous Structure","In Review","","","08/13/2025","","","Permit","45757  MARIES RD  STERLING VA 20166","030286764000","Retaining Wall. Electronic copy "
"BLDC-2025-038589","Building Commercial - Tenant Fit-Up","Issued","","09/08/2025","08/20/2025","03/07/2026","","Permit","22210  LOUDOUN COUNTY PKWY  ASHBURN VA 20147","089208954000","META BTO-LDV2 PHASE 1 (LEVEL 3) TENANT FITOUT BUILDING PERMIT; CONTRACTOR IS: HOLDER CONSTRUCTION"
"BLDC-2025-038594","Building Commercial - Tenant Fit-Up","Issued","","09/15/2025","08/20/2025","03/14/2026","","Permit","22210  LOUDOUN COUNTY PKWY  ASHBURN VA 20147","089208954000","META BTO-LDV2 PHASE 2 (LEVEL 2) TENANT FITOUT BUILDING PERMIT; CONTRACTOR IS: HOLDER CONSTRUCTION"
"BLDC-2025-038597","Building Commercial - Tenant Fit-Up","Issued","","09/15/2025","08/20/2025","03/14/2026","","Permit","22210  LOUDOUN COUNTY PKWY  ASHBURN VA 20147","089208954000","META BTO-LDV2 PHASE 3 (LEVEL 1) TENANT FITOUT BUILDING PERMIT; CONTRACTOR IS: HOLDER CONSTRUCTION"
"BLDC-2025-038779","Building Commercial - Alteration","Finaled","","10/08/2025","08/21/2025","01/20/2027","07/24/2026","Permit","24555  HOWLING ROOSTER LN  STERLING VA 20166","162176713000","ARA3A STANDALONE BUILDING PERMIT FOR ZONE 1 STEEL SOW ONLY. Electronic Copy "
"BLDC-2025-038780","Building Commercial - Alteration","Finaled","","10/08/2025","08/21/2025","01/18/2027","07/21/2026","Permit","24555  HOWLING ROOSTER LN  STERLING VA 20166","162176713000","ARA3A STANDALONE BUILDING PERMIT FOR ZONE 2 STEEL SOW ONLY. Electronic copy "
"BLDC-2025-039077","Building Commercial - Alteration","Issued","","03/11/2026","08/24/2025","09/07/2026","","Permit","22651  DULLES SUMMIT CT  STERLING VA 20166","045254455000","Replacement of existing, end-of-life exterior water storage tanks with new water storage tanks on new concrete pad, redundant water pumping equipment, and new screening wall. Electronic Copy "
"BLDC-2025-039465","Building Commercial - Alteration","In Review","","","08/26/2025","","","Permit","43790  DEVIN SHAFRON DR  ASHBURN VA 20147","089374763000","Structural steel pipe supports for chiller install project.  Contractor TBD. electronic copy "
"BLDC-2025-039615","Building Commercial - Tenant Fit-Up","Issued","","10/16/2025","08/27/2025","02/22/2027","","Permit","22280  RANDOLPH DR  STERLING VA 20166","044155625000","QTS ASH1-DC2 1ST FLOOR TENANT FITOUT ROADRUNNER BUILDING PERMIT"
"BLDC-2025-039934","Building Commercial - Tenant Fit-Up","Issued Certificate of Occupancy","","10/15/2025","08/28/2025","07/22/2026","02/06/2026","Permit","42370 THUNDERBALL DR LEESBURG VA 20175","194103673002","IAD 001 BYTEDANCE BUILDING E PHASE 2 (2ND FLOOR EAST) TENANT FITOUT BUILDING PERMIT; CONTRACTOR IS: SUFFOLK CONSTRUCTION"
"BLDC-2025-039938","Building Commercial - Tenant Fit-Up","Issued Certificate of Occupancy","","10/15/2025","08/28/2025","08/19/2026","03/04/2026","Permit","42370 THUNDERBALL DR LEESBURG VA 20175","194103673002","IAD 001 BYTEDANCE BUILDING E PHASE 3 (1ST FLOOR WEST) TENANT FITOUT BUILDING PERMIT; CONTRACTOR IS: SUFFOLK CONSTRUCTION"
"BLDC-2025-039943","Building Commercial - Tenant Fit-Up","Issued Certificate of Occupancy","","10/15/2025","08/28/2025","09/16/2026","04/02/2026","Permit","42370 THUNDERBALL DR LEESBURG VA 20175","194103673002","IAD 001 BYTEDANCE BUILDING E PHASE 4 (2ND FLOOR WEST) TENANT FITOUT BUILDING PERMIT; CONTRACTOR IS: SUFFOLK CONSTRUCTION"
"BLDC-2025-040075","Building Commercial - Tenant Fit-Up","Issued","","10/20/2025","08/29/2025","10/26/2026","","Permit","21780  FILIGREE CT  ASHBURN VA 20147","061394321000","Suite 100 Tenant Fit-Out/Data Hall in an existing Data Center Core and Shell"
"BLDC-2025-040078","Building Commercial - Tenant Fit-Up","Issued","","11/24/2025","08/29/2025","02/08/2027","","Permit","21780  FILIGREE CT  ASHBURN VA 20147","061394321000","Suite 200 Tenant/Data Hall Fit-out"
"BLDC-2025-040123","Building Commercial - Alteration","Issued","","10/01/2025","08/29/2025","03/30/2026","09/25/2025","Permit","22435  GLENN DR  STERLING VA 20164","032155119000","Pedestrian Gates"
"BLDC-2025-040329","Building Commercial - Tenant Fit-Up","Issued Certificate of Occupancy","","10/07/2025","09/02/2025","12/22/2026","07/23/2026","Permit","22715  RELOCATION DR  STERLING VA 20166","045279612000","Tenant Fit-Out B Project includes the interior fit-out of the following Data Hall spaces: DH3-110, DH3-120, DH3-210, DH3-220, DH3-310, DH3-320 and DH3-420. The scope of work includes the addition of passageways between Data Halls through existing Mechanical Galleries, as well as additional programming, storage, added electrical conveyance, and restroom spaces within the Data Halls."
"BLDC-2025-040331","Building Commercial - Tenant Fit-Up","Issued","","10/07/2025","09/02/2025","03/02/2027","","Permit","22715  RELOCATION DR  STERLING VA 20166","045279612000","Tenant Fit-Out B Project includes the interior fit-out of the following Data Hall spaces: DH3-130. The scope of work includes the addition of passageways between Data Halls through existing Mechanical Galleries, as well as additional programming, storage, and added electrical conveyance."
"BLDC-2025-040406","Building Commercial - Demolition","Issued","","01/16/2026","09/02/2025","07/15/2026","","Permit","41654  LITTLE RIVER TPKE  ALDIE VA 20105","246297353000","DEMO EXISITNG STRUCTURE"
"BLDC-2025-040459","Building Commercial - Alteration","Finaled","","10/16/2025","09/03/2025","03/01/2027","08/31/2026","Permit","21745  BEAUMEADE CIR  ASHBURN VA 20147","060189720000","Package 1 platform grating for generators and PODs."
"BLDC-2025-041225","Building Commercial - Tenant Fit-Up","Issued Certificate of Occupancy","","09/22/2025","09/05/2025","05/26/2026","12/02/2025","Permit","44631  WAXPOOL RD  ASHBURN VA 20147","061285496000","IAD 421 LC3 FITOUT - CREATING FOR PHASED OCCUPANCY PHASE 2; FULL PLAN SET & BULLETIN SUBMITTED/APPROVED UNDER BLDC-2024-052045; CONTRACTOR IS: SUFFOLK CONSTRUCTION"
"BLDC-2025-041227","Building Commercial - Tenant Fit-Up","Issued Certificate of Occupancy","","09/22/2025","09/05/2025","06/16/2026","12/19/2025","Permit","44631  WAXPOOL RD  ASHBURN VA 20147","061285496000","IAD 421 LC3 FITOUT - CREATING FOR PHASED OCCUPANCY PHASE 3; FULL PLAN SET & BULLETIN SUBMITTED/APPROVED UNDER BLDC-2024-052045; CONTRACTOR IS: SUFFOLK CONSTRUCTION"
"BLDC-2025-041228","Building Commercial - Tenant Fit-Up","Issued Certificate of Occupancy","","09/22/2025","09/05/2025","07/13/2026","01/15/2026","Permit","44631  WAXPOOL RD  ASHBURN VA 20147","061285496000","IAD 421 LC3 FITOUT - CREATING FOR PHASED OCCUPANCY PHASE 4; FULL PLAN SET & BULLETIN SUBMITTED/APPROVED UNDER BLDC-2024-052045; CONTRACTOR IS: SUFFOLK CONSTRUCTION"
"BLDC-2025-041229","Building Commercial - Tenant Fit-Up","Issued","","09/22/2025","09/05/2025","03/10/2027","","Permit","44631  WAXPOOL RD  ASHBURN VA 20147","061285496000","IAD 421 LC3 FITOUT - CREATING FOR PHASED OCCUPANCY PHASE 5; FULL PLAN SET & BULLETIN SUBMITTED/APPROVED UNDER BLDC-2024-052045; CONTRACTOR IS: SUFFOLK CONSTRUCTION"
"BLDC-2025-041230","Building Commercial - Tenant Fit-Up","Issued","","09/22/2025","09/05/2025","03/15/2027","","Permit","44631  WAXPOOL RD  ASHBURN VA 20147","061285496000","IAD 421 LC3 FITOUT - CREATING FOR PHASED OCCUPANCY PHASE 6; FULL PLAN SET & BULLETIN SUBMITTED/APPROVED UNDER BLDC-2024-052045; CONTRACTOR IS: SUFFOLK CONSTRUCTION"
"BLDC-2025-041233","Building Commercial - Tenant Fit-Up","Issued","","09/22/2025","09/05/2025","12/07/2026","","Permit","44631  WAXPOOL RD  ASHBURN VA 20147","061285496000","IAD 421 LC3 FITOUT - CREATING FOR PHASED OCCUPANCY PHASE 7; FULL PLAN SET & BULLETIN SUBMITTED/APPROVED UNDER BLDC-2024-052045; CONTRACTOR IS: SUFFOLK CONSTRUCTION"
"BLDC-2025-041234","Building Commercial - Tenant Fit-Up","Issued","","09/24/2025","09/05/2025","01/18/2027","","Permit","44631  WAXPOOL RD  ASHBURN VA 20147","061285496000","IAD 421 LC3 FITOUT - CREATING FOR PHASED OCCUPANCY PHASE 8; FULL PLAN SET & BULLETIN SUBMITTED/APPROVED UNDER BLDC-2024-052045; CONTRACTOR IS: SUFFOLK CONSTRUCTION"
"BLDC-2025-041272","Building Commercial - Alteration","Finaled","","10/06/2025","09/07/2025","06/29/2026","12/30/2025","Permit","22271  BRODERICK DR  STERLING VA 20166","044152877000","RENOVATIONS OF AN EXISTING OFFICE AREA TO CONVERT OPEN SPACE TO AN ADDITIONAL SINGLE PRIVATE OFFICE. CONSTRUCTION OF NEW PARTITIANS, MEP SYSTEMS AND FINISHES ARE INCLUDED FOR REQUIRED CHANGE TO FLOOR PLAN. PROJECT AREA 1178 SF"
"BLDC-2025-041701","Building Commercial - Tenant Fit-Up","Finaled","","10/15/2025","09/09/2025","03/09/2027","06/26/2026","Permit","20480  GOOSE LANDING LN  LEESBURG VA 20175","194498227000","SBP3A PHASE 1 TENANT FITOUT BUILDING PERMIT; CREATING PHASED PERMIT FOR OCCUPANCY PURPOSES; ALL PLANS REVIEWED/APPROVED UNDER BLDC-2024-008905; CONTRACTOR IS: WHITING TURNER CONTRACTING COMPANY. Electronic Copy "
"BLDC-2025-041706","Building Commercial - Tenant Fit-Up","Issued Certificate of Occupancy","","10/15/2025","09/09/2025","03/08/2027","08/07/2026","Permit","20480  GOOSE LANDING LN  LEESBURG VA 20175","194498227000","SBP3A PHASE 2 TENANT FITOUT BUILDING PERMIT; CREATING PHASED PERMIT FOR OCCUPANCY PURPOSES; ALL PLANS REVIEWED/APPROVED UNDER BLDC-2024-008905; CONTRACTOR IS: WHITING TURNER CONTRACTING COMPANY. Electronic Copy "
"BLDC-2025-042096","Building Commercial - Miscellaneous Structure","Complete","","","09/11/2025","","09/29/2025","Permit","45210 VANTAGE DATA PLZ STERLING VA 20166","044292829001","Install 1 illuminated Freestanding sign"
"BLDC-2025-042108","Building Commercial - Addition","Issued","","09/29/2025","09/11/2025","03/28/2026","","Permit","45210 VANTAGE DATA PLZ STERLING VA 20166","044292829001","Install monument sign"
"BLDC-2025-042927","Building Commercial - Tenant Fit-Up","Issued","","10/29/2025","09/16/2025","03/01/2027","","Permit","43714  EFFICIENCY DR  STERLING VA 20166","093365404000","IAD 45 BUIDLING BUILDING 9 SUITE 100"
"BLDC-2025-042928","Building Commercial - Tenant Fit-Up","Issued","","10/29/2025","09/16/2025","03/16/2027","","Permit","43714  EFFICIENCY DR  STERLING VA 20166","093365404000","IAD 45 BLD 9 SUITE 200 FITOUT"
"BLDC-2025-042949","Building Commercial - New Construction","In Review","","","09/16/2025","","","Permit","21690 GRESHAM DR ASHBURN VA 20147","061373570000","ACC11 Data Center Core & Shell"
"BLDC-2025-043800","Building Commercial - Alteration","Issued","","10/14/2025","09/23/2025","04/12/2026","","Permit","24555  HOWLING ROOSTER LN  STERLING VA 20166","162176713000","SYSTEMS FURNITURE PERMIT"
"BLDC-2025-044143","Building Commercial - New Construction","Issued","","01/09/2026","09/24/2025","03/16/2027","","Permit","19570  HYPERSPACE LN  ASHBURN VA 20147","113162785000","SDC BUILDING 3 (BLACKFIN) CORE/SHELL BUILDING PERMIT; CONTRACTOR IS: THE WHITING TURNER CONTRACTING COMPANY"
"BLDC-2025-044147","Building Commercial - Tenant Fit-Up","In Review","","","09/24/2025","","","Permit","19570  HYPERSPACE LN  ASHBURN VA 20147","113162785000","SDC BUILDING 3 (BLACKFIN) PHASE 1 TENANT FIT-UP BUILDING PERMIT; CONTRACTOR IS: THE WHITING TURNER CONTRACTING COMPANY"
"BLDC-2025-044150","Building Commercial - Tenant Fit-Up","In Review","","","09/24/2025","","","Permit","19570  HYPERSPACE LN  ASHBURN VA 20147","113162785000","SDC BUILDING 3 (BLACKFIN) PHASE 2 TENANT FIT-UP BUILDING PERMIT; CONTRACTOR IS: THE WHITING TURNER CONTRACTING COMPANY"
"BLDC-2025-044154","Building Commercial - Tenant Fit-Up","In Review","","","09/24/2025","","","Permit","19570  HYPERSPACE LN  ASHBURN VA 20147","113162785000","SDC BUILDING 3 (BLACKFIN) PHASE 3 TENANT FIT-UP BUILDING PERMIT; CONTRACTOR IS: THE WHITING TURNER CONTRACTING COMPANY"
"BLDC-2025-044378","Building Commercial - Tenant Fit-Up","Cancelled","","","09/26/2025","","","Permit","22285 LOCKRIDGE RD STERLING VA 20166","062275493002","Tenant Improvement Broad Run - Building 2 - Phase 2"
"BLDC-2025-044382","Building Commercial - Tenant Fit-Up","Cancelled","","","09/26/2025","","","Permit","22285 LOCKRIDGE RD STERLING VA 20166","062275493002","Tenant Improvement Broad Run - Building 2 - Phase 3"
"BLDC-2025-044386","Building Commercial - Tenant Fit-Up","Cancelled","","","09/26/2025","","","Permit","22285 LOCKRIDGE RD STERLING VA 20166","062275493002","Tenant Improvement Broad Run - Building 2 - Phase 4"
"BLDC-2025-044424","Building Commercial - Tenant Fit-Up","Cancelled","","","09/26/2025","","","Permit","22285 LOCKRIDGE RD STERLING VA 20166","062275493002","Tenant Improvement Broad Run - Building 2 - Phase 5"
"BLDC-2025-044426","Building Commercial - Tenant Fit-Up","Cancelled","","","09/26/2025","","","Permit","22285 LOCKRIDGE RD STERLING VA 20166","062275493002","Tenant Improvement Broad Run - Building 2 - Phase 6"
"BLDC-2025-044428","Building Commercial - Tenant Fit-Up","Issued","","11/26/2025","09/26/2025","05/25/2026","","Permit","22425  SOUS VIDE LN  STERLING VA 20166","045465016000","Interior Alteration - Phase 2"
"BLDC-2025-044433","Building Commercial - Tenant Fit-Up","Cancelled","","","09/26/2025","","","Permit","22285 LOCKRIDGE RD STERLING VA 20166","062275493002","Tenant Improvement Broad Run - Building 2 - Phase 7"
"BLDC-2025-044436","Building Commercial - Tenant Fit-Up","Cancelled","","","09/26/2025","","","Permit","22285 LOCKRIDGE RD STERLING VA 20166","062275493002","Tenant Improvement Broad Run - Building 2 - Phase 8"
"BLDC-2025-044601","Building Commercial - Tenant Fit-Up","Cancelled","","","09/29/2025","","","Permit","22285 LOCKRIDGE RD STERLING VA 20166","062275493002","Tenant Improvement Broad Run - Building 2 - Phase 9"
"BLDC-2025-044604","Building Commercial - Tenant Fit-Up","Cancelled","","","09/29/2025","","","Permit","22285 LOCKRIDGE RD STERLING VA 20166","062275493002","Tenant Improvement Broad Run - Building 2 - Phase 10"
"BLDC-2025-044606","Building Commercial - Tenant Fit-Up","Cancelled","","","09/29/2025","","","Permit","22285 LOCKRIDGE RD STERLING VA 20166","062275493002","Tenant Improvement Broad Run - Building 2 - Phase 11"
"BLDC-2025-044611","Building Commercial - Tenant Fit-Up","Cancelled","","","09/29/2025","","","Permit","22285 LOCKRIDGE RD STERLING VA 20166","062275493002","Tenant Improvement Broad Run - Building 2 - Phase 12"
"BLDC-2025-044613","Building Commercial - Tenant Fit-Up","Cancelled","","","09/29/2025","","","Permit","22285 LOCKRIDGE RD STERLING VA 20166","062275493002","Tenant Improvement Broad Run - Building 2 - Phase 13"
"BLDC-2025-044619","Building Commercial - Tenant Fit-Up","Cancelled","","","09/29/2025","","","Permit","22285 LOCKRIDGE RD STERLING VA 20166","062275493002","Tenant Improvement Broad Run - Building 2 - Phase 14"
"BLDC-2025-044621","Building Commercial - Tenant Fit-Up","Cancelled","","","09/29/2025","","","Permit","22285 LOCKRIDGE RD STERLING VA 20166","062275493002","Tenant Improvement Broad Run - Building 2 - Phase 15"
"BLDC-2025-044679","Building Commercial - Tenant Fit-Up","Fees Due","","","09/29/2025","","","Permit","22285  LOCKRIDGE RD  STERLING VA 20166","062275493000","Tenant Improvement Broad Run - Building 2 - Phase 5 USB 2.2A"
"BLDC-2025-044786","Building Commercial - Tenant Fit-Up","Issued","","10/30/2025","09/30/2025","02/22/2027","","Permit","22280  RANDOLPH DR  STERLING VA 20166","044155625000","QTS ASH1-DC2 1ST FLOOR TENANT FITOUT COYOTE BUILDING PERMIT"
"BLDC-2025-044862","Building Commercial - Tenant Fit-Up","Cancelled","","","09/30/2025","","","Permit","22285  LOCKRIDGE RD  STERLING VA 20166","062275493000","Tenant Improvement Broad Run - Building 2 - Phase 1"
"BLDC-2025-045220","Building Commercial - Alteration","Issued","","11/17/2025","10/01/2025","05/16/2026","","Permit","22110  PACIFIC BLVD  STERLING VA 20166","044370163000","Replace HVAC equipment on the Roof Level with new.  Replacements include (2) Custom Packaged Units and (1) Heat Recovery Unit, and (1) Condenser Unit for the Heat Recovery Unit."
"BLDC-2025-045329","Building Commercial - Tenant Fit-Up","Issued","","12/17/2025","10/02/2025","03/15/2027","","Permit","43304  OLD OX RD  STERLING VA 20166","124369522000","CYRUSONE NVA 11 PHASE 1 TENANT FITOUT BUILDING PERMIT"
"BLDC-2025-045333","Building Commercial - Tenant Fit-Up","Issued","","12/17/2025","10/02/2025","11/25/2026","","Permit","43304  OLD OX RD  STERLING VA 20166","124369522000","CYRUSONE NVA 11 PHASE 2 TENANT FITOUT BUILDING PERMIT"